--
-- PostgreSQL database dump
--

\restrict lhBhqIjteTc9mrCDUdb9814MeF46icfMnnfmC7cITfWyfk7ekqQ8ImDck1GcThL

-- Dumped from database version 15.15
-- Dumped by pg_dump version 15.15

SET statement_timeout = 0;
SET lock_timeout = 0;
SET idle_in_transaction_session_timeout = 0;
SET client_encoding = 'UTF8';
SET standard_conforming_strings = on;
SELECT pg_catalog.set_config('search_path', '', false);
SET check_function_bodies = false;
SET xmloption = content;
SET client_min_messages = warning;
SET row_security = off;

--
-- Name: crm; Type: SCHEMA; Schema: -; Owner: postgres
--

CREATE SCHEMA crm;


ALTER SCHEMA crm OWNER TO postgres;

--
-- Name: inventory; Type: SCHEMA; Schema: -; Owner: postgres
--

CREATE SCHEMA inventory;


ALTER SCHEMA inventory OWNER TO postgres;

--
-- Name: second_brain; Type: SCHEMA; Schema: -; Owner: postgres
--

CREATE SCHEMA second_brain;


ALTER SCHEMA second_brain OWNER TO postgres;

--
-- Name: pgcrypto; Type: EXTENSION; Schema: -; Owner: -
--

CREATE EXTENSION IF NOT EXISTS pgcrypto WITH SCHEMA public;


--
-- Name: EXTENSION pgcrypto; Type: COMMENT; Schema: -; Owner: 
--

COMMENT ON EXTENSION pgcrypto IS 'cryptographic functions';


--
-- Name: apply_event(uuid); Type: FUNCTION; Schema: second_brain; Owner: postgres
--

CREATE FUNCTION second_brain.apply_event(p_event_id uuid) RETURNS jsonb
    LANGUAGE plpgsql
    AS $$
DECLARE
  v_event second_brain.update_journal%ROWTYPE;
  v_payload jsonb;
  v_result jsonb;
BEGIN
  SELECT *
  INTO v_event
  FROM second_brain.update_journal
  WHERE event_id = p_event_id
  FOR UPDATE;

  IF NOT FOUND THEN
    RETURN jsonb_build_object('ok', false, 'code', 'EVENT_NOT_FOUND', 'message', 'event_id not found');
  END IF;

  IF v_event.state IN ('applied','duplicate','rejected') THEN
    RETURN jsonb_build_object(
      'ok', true,
      'code', 'NO_OP',
      'message', 'Event already in terminal state',
      'data', jsonb_build_object('event_id', v_event.event_id, 'state', v_event.state),
      'meta', jsonb_build_object('journal_offset', v_event.journal_offset, 'trace_id', v_event.trace_id)
    );
  END IF;

  IF v_event.dry_run THEN
    UPDATE second_brain.update_journal
    SET state = 'proposed',
        state_reason = 'DRY_RUN',
        replayable = true
    WHERE event_id = v_event.event_id;

    INSERT INTO second_brain.update_outcomes(event_id, outcome_state, code, message, payload)
    VALUES (v_event.event_id, 'proposed', 'DRY_RUN_PROPOSED', 'Dry run event recorded but not applied', '{}'::jsonb);

    RETURN jsonb_build_object(
      'ok', true,
      'code', 'DRY_RUN_PROPOSED',
      'message', 'Event marked as proposed because dry_run=true',
      'data', jsonb_build_object('event_id', v_event.event_id),
      'meta', jsonb_build_object('journal_offset', v_event.journal_offset, 'trace_id', v_event.trace_id)
    );
  END IF;

  IF v_event.risk_level IN ('medium','high') THEN
    UPDATE second_brain.update_journal
    SET state = 'proposed',
        state_reason = 'REQUIRES_REVIEW',
        replayable = true
    WHERE event_id = v_event.event_id;

    INSERT INTO second_brain.update_outcomes(event_id, outcome_state, code, message, payload)
    VALUES (v_event.event_id, 'proposed', 'REVIEW_REQUIRED', 'Event requires review before apply', '{}'::jsonb);

    RETURN jsonb_build_object(
      'ok', true,
      'code', 'REVIEW_REQUIRED',
      'message', 'Event moved to proposed queue',
      'data', jsonb_build_object('event_id', v_event.event_id, 'risk_level', v_event.risk_level),
      'meta', jsonb_build_object('journal_offset', v_event.journal_offset, 'trace_id', v_event.trace_id)
    );
  END IF;

  BEGIN
    v_payload := COALESCE(v_event.request -> 'payload', '{}'::jsonb);
    v_result := second_brain.process_intent(v_event.event_id, v_event.intent, v_payload);

    UPDATE second_brain.update_journal
    SET state = 'applied',
        state_reason = 'APPLIED',
        applied_at = now(),
        replayable = false
    WHERE event_id = v_event.event_id;

    DELETE FROM second_brain.dead_letters WHERE event_id = v_event.event_id;

    INSERT INTO second_brain.update_outcomes(event_id, outcome_state, code, message, payload)
    VALUES (v_event.event_id, 'applied', COALESCE(v_result ->> 'code', 'APPLIED'), 'Event applied successfully', v_result);

    RETURN jsonb_build_object(
      'ok', true,
      'code', COALESCE(v_result ->> 'code', 'APPLIED'),
      'message', 'Event applied successfully',
      'data', jsonb_build_object('event_id', v_event.event_id, 'result', v_result),
      'meta', jsonb_build_object('journal_offset', v_event.journal_offset, 'trace_id', v_event.trace_id)
    );
  EXCEPTION
    WHEN OTHERS THEN
      UPDATE second_brain.update_journal
      SET state = 'dead_letter',
          state_reason = SQLERRM,
          replayable = true
      WHERE event_id = v_event.event_id;

      INSERT INTO second_brain.dead_letters(event_id, last_error, envelope)
      VALUES (
        v_event.event_id,
        SQLERRM,
        jsonb_build_object(
          'event_id', v_event.event_id,
          'intent', v_event.intent,
          'request', v_event.request,
          'error', SQLERRM,
          'failed_at', now()
        )
      )
      ON CONFLICT (event_id)
      DO UPDATE SET
        last_failed_at = now(),
        failure_count = second_brain.dead_letters.failure_count + 1,
        last_error = EXCLUDED.last_error,
        envelope = EXCLUDED.envelope;

      INSERT INTO second_brain.update_outcomes(event_id, outcome_state, code, message, payload)
      VALUES (
        v_event.event_id,
        'dead_letter',
        'APPLY_FAILED',
        SQLERRM,
        jsonb_build_object('error', SQLERRM)
      );

      RETURN jsonb_build_object(
        'ok', false,
        'code', 'APPLY_FAILED',
        'message', SQLERRM,
        'error', jsonb_build_object('event_id', v_event.event_id),
        'meta', jsonb_build_object('journal_offset', v_event.journal_offset, 'trace_id', v_event.trace_id)
      );
  END;
END;
$$;


ALTER FUNCTION second_brain.apply_event(p_event_id uuid) OWNER TO postgres;

--
-- Name: ensure_entity(text, text, text, jsonb); Type: FUNCTION; Schema: second_brain; Owner: postgres
--

CREATE FUNCTION second_brain.ensure_entity(p_entity_type text, p_name text, p_external_ref text DEFAULT NULL::text, p_properties jsonb DEFAULT '{}'::jsonb) RETURNS uuid
    LANGUAGE plpgsql
    AS $$
DECLARE
  v_natural_key text;
  v_entity_id uuid;
BEGIN
  IF p_entity_type IS NULL OR trim(p_entity_type) = '' THEN
    RAISE EXCEPTION 'entity_type is required';
  END IF;

  IF p_name IS NULL OR trim(p_name) = '' THEN
    RAISE EXCEPTION 'name is required';
  END IF;

  v_natural_key := second_brain.make_natural_key(p_entity_type, p_name, p_external_ref);

  INSERT INTO second_brain.entities(entity_type, name, natural_key, external_ref, properties)
  VALUES (p_entity_type, p_name, v_natural_key, p_external_ref, COALESCE(p_properties, '{}'::jsonb))
  ON CONFLICT (natural_key)
  DO UPDATE SET
    entity_type = EXCLUDED.entity_type,
    name = EXCLUDED.name,
    external_ref = EXCLUDED.external_ref,
    properties = second_brain.entities.properties || EXCLUDED.properties,
    status = 'active'
  RETURNING entity_id INTO v_entity_id;

  RETURN v_entity_id;
END;
$$;


ALTER FUNCTION second_brain.ensure_entity(p_entity_type text, p_name text, p_external_ref text, p_properties jsonb) OWNER TO postgres;

--
-- Name: log_event(jsonb); Type: FUNCTION; Schema: second_brain; Owner: postgres
--

CREATE FUNCTION second_brain.log_event(p_request jsonb) RETURNS uuid
    LANGUAGE plpgsql
    AS $$
DECLARE
  v_event_id uuid;
  v_idempotency_key text;
  v_trace_id text;
  v_intent text;
  v_risk_level text;
  v_source_id text;
  v_created_by text;
  v_dry_run boolean;
BEGIN
  IF p_request IS NULL THEN
    RAISE EXCEPTION 'request is required';
  END IF;

  v_intent := COALESCE(p_request ->> 'intent', '');
  IF v_intent NOT IN ('add_entity','link_entities','add_memory','update_memory','deprecate') THEN
    RAISE EXCEPTION 'intent must be one of add_entity, link_entities, add_memory, update_memory, deprecate';
  END IF;

  v_idempotency_key := COALESCE(
    NULLIF(trim(p_request ->> 'idempotency_key'), ''),
    encode(digest(p_request::text, 'sha256'), 'hex')
  );
  v_trace_id := COALESCE(NULLIF(trim(p_request ->> 'trace_id'), ''), gen_random_uuid()::text);
  v_risk_level := COALESCE(NULLIF(trim(p_request ->> 'risk_level'), ''), 'medium');
  IF v_risk_level NOT IN ('low','medium','high') THEN
    v_risk_level := 'medium';
  END IF;

  v_source_id := NULLIF(trim(p_request ->> 'source_id'), '');
  v_created_by := COALESCE(NULLIF(trim(p_request ->> 'created_by'), ''), 'agent');
  v_dry_run := COALESCE((p_request ->> 'dry_run')::boolean, false);

  IF v_source_id IS NOT NULL THEN
    PERFORM 1
    FROM second_brain.source_registry
    WHERE source_id = v_source_id;

    IF NOT FOUND THEN
      PERFORM second_brain.register_source(
        v_source_id,
        'manual',
        'platform',
        interval '1 day',
        jsonb_build_object('auto_registered', true)
      );
    END IF;
  END IF;

  SELECT event_id
  INTO v_event_id
  FROM second_brain.update_journal
  WHERE idempotency_key = v_idempotency_key;

  IF v_event_id IS NOT NULL THEN
    INSERT INTO second_brain.update_outcomes(event_id, outcome_state, code, message, payload)
    VALUES (
      v_event_id,
      'duplicate',
      'DUPLICATE_EVENT',
      'Event already exists in journal',
      jsonb_build_object('idempotency_key', v_idempotency_key)
    );
    RETURN v_event_id;
  END IF;

  INSERT INTO second_brain.update_journal(
    idempotency_key,
    trace_id,
    intent,
    request,
    source_id,
    created_by,
    risk_level,
    dry_run,
    state,
    state_reason,
    replayable
  )
  VALUES (
    v_idempotency_key,
    v_trace_id,
    v_intent,
    p_request,
    v_source_id,
    v_created_by,
    v_risk_level,
    v_dry_run,
    'received',
    'JOURNALED',
    true
  )
  RETURNING event_id INTO v_event_id;

  INSERT INTO second_brain.update_outcomes(event_id, outcome_state, code, message, payload)
  VALUES (
    v_event_id,
    'received',
    'EVENT_JOURNALED',
    'Event persisted to immutable journal',
    jsonb_build_object('idempotency_key', v_idempotency_key, 'trace_id', v_trace_id)
  );

  RETURN v_event_id;
END;
$$;


ALTER FUNCTION second_brain.log_event(p_request jsonb) OWNER TO postgres;

--
-- Name: make_natural_key(text, text, text); Type: FUNCTION; Schema: second_brain; Owner: postgres
--

CREATE FUNCTION second_brain.make_natural_key(p_entity_type text, p_name text, p_external_ref text DEFAULT NULL::text) RETURNS text
    LANGUAGE sql IMMUTABLE
    AS $$
  SELECT lower(
    COALESCE(p_entity_type, 'unknown') || ':' ||
    COALESCE(NULLIF(trim(p_external_ref), ''), regexp_replace(trim(COALESCE(p_name, 'unnamed')), '[^a-zA-Z0-9]+', '-', 'g'))
  );
$$;


ALTER FUNCTION second_brain.make_natural_key(p_entity_type text, p_name text, p_external_ref text) OWNER TO postgres;

--
-- Name: mark_source_scan(text, text, text); Type: FUNCTION; Schema: second_brain; Owner: postgres
--

CREATE FUNCTION second_brain.mark_source_scan(p_source_id text, p_health_state text, p_error text DEFAULT NULL::text) RETURNS void
    LANGUAGE plpgsql
    AS $$
BEGIN
  UPDATE second_brain.source_registry
  SET health_state = p_health_state,
      last_scan_at = now(),
      last_success_at = CASE WHEN p_health_state = 'healthy' THEN now() ELSE last_success_at END,
      last_error = p_error
  WHERE source_id = p_source_id;
END;
$$;


ALTER FUNCTION second_brain.mark_source_scan(p_source_id text, p_health_state text, p_error text) OWNER TO postgres;

--
-- Name: process_intent(uuid, text, jsonb); Type: FUNCTION; Schema: second_brain; Owner: postgres
--

CREATE FUNCTION second_brain.process_intent(p_event_id uuid, p_intent text, p_payload jsonb) RETURNS jsonb
    LANGUAGE plpgsql
    AS $$
DECLARE
  v_entity_id uuid;
  v_memory_id uuid;
  v_from_id uuid;
  v_to_id uuid;
  v_relation_type text;
  v_entity_keys text[];
  v_entity_refs uuid[];
BEGIN
  IF p_intent = 'add_entity' THEN
    v_entity_id := second_brain.ensure_entity(
      COALESCE(p_payload ->> 'entity_type', p_payload ->> 'type'),
      COALESCE(p_payload ->> 'name', p_payload ->> 'title'),
      p_payload ->> 'external_ref',
      COALESCE(p_payload -> 'properties', '{}'::jsonb)
    );

    RETURN jsonb_build_object('entity_id', v_entity_id, 'code', 'ENTITY_UPSERTED');
  END IF;

  IF p_intent = 'link_entities' THEN
    v_relation_type := COALESCE(NULLIF(trim(p_payload ->> 'relation_type'), ''), 'RELATES_TO');

    IF p_payload ? 'from_entity_id' THEN
      v_from_id := (p_payload ->> 'from_entity_id')::uuid;
    ELSE
      SELECT entity_id INTO v_from_id
      FROM second_brain.entities
      WHERE natural_key = p_payload ->> 'from_natural_key';
    END IF;

    IF p_payload ? 'to_entity_id' THEN
      v_to_id := (p_payload ->> 'to_entity_id')::uuid;
    ELSE
      SELECT entity_id INTO v_to_id
      FROM second_brain.entities
      WHERE natural_key = p_payload ->> 'to_natural_key';
    END IF;

    IF v_from_id IS NULL OR v_to_id IS NULL THEN
      RAISE EXCEPTION 'from_entity and to_entity are required and must exist';
    END IF;

    INSERT INTO second_brain.relationships(
      from_entity,
      relation_type,
      to_entity,
      properties,
      confidence_score
    )
    VALUES (
      v_from_id,
      v_relation_type,
      v_to_id,
      COALESCE(p_payload -> 'properties', '{}'::jsonb),
      COALESCE((p_payload ->> 'confidence_score')::numeric, 0.900)
    )
    ON CONFLICT (from_entity, relation_type, to_entity)
    DO UPDATE SET
      properties = second_brain.relationships.properties || EXCLUDED.properties,
      confidence_score = EXCLUDED.confidence_score;

    RETURN jsonb_build_object(
      'from_entity', v_from_id,
      'to_entity', v_to_id,
      'relation_type', v_relation_type,
      'code', 'RELATIONSHIP_UPSERTED'
    );
  END IF;

  IF p_intent = 'add_memory' THEN
    v_entity_keys := COALESCE(ARRAY(
      SELECT jsonb_array_elements_text(COALESCE(p_payload -> 'entity_natural_keys', '[]'::jsonb))
    ), ARRAY[]::text[]);

    v_entity_refs := COALESCE(ARRAY(
      SELECT e.entity_id
      FROM second_brain.entities e
      WHERE e.natural_key = ANY(v_entity_keys)
      ORDER BY e.created_at
    ), ARRAY[]::uuid[]);

    INSERT INTO second_brain.memory_records(
      title,
      content,
      source_path_or_url,
      entity_refs,
      tags,
      confidence_score,
      ttl_policy,
      approval_state,
      change_origin
    )
    VALUES (
      COALESCE(p_payload ->> 'title', 'Untitled memory'),
      COALESCE(p_payload ->> 'content', ''),
      p_payload ->> 'source_path_or_url',
      v_entity_refs,
      COALESCE(ARRAY(SELECT jsonb_array_elements_text(COALESCE(p_payload -> 'tags', '[]'::jsonb))), ARRAY[]::text[]),
      COALESCE((p_payload ->> 'confidence_score')::numeric, 0.700),
      COALESCE(p_payload ->> 'ttl_policy', 'persistent'),
      'applied',
      COALESCE(p_payload ->> 'change_origin', 'agent')
    )
    RETURNING memory_id INTO v_memory_id;

    RETURN jsonb_build_object('memory_id', v_memory_id, 'code', 'MEMORY_ADDED');
  END IF;

  IF p_intent = 'update_memory' THEN
    v_memory_id := (p_payload ->> 'memory_id')::uuid;

    IF v_memory_id IS NULL THEN
      RAISE EXCEPTION 'memory_id is required for update_memory';
    END IF;

    UPDATE second_brain.memory_records
    SET
      title = COALESCE(p_payload ->> 'title', title),
      content = COALESCE(p_payload ->> 'content', content),
      source_path_or_url = COALESCE(p_payload ->> 'source_path_or_url', source_path_or_url),
      tags = COALESCE(ARRAY(SELECT jsonb_array_elements_text(COALESCE(p_payload -> 'tags', to_jsonb(tags)))), tags),
      confidence_score = COALESCE((p_payload ->> 'confidence_score')::numeric, confidence_score),
      ttl_policy = COALESCE(p_payload ->> 'ttl_policy', ttl_policy),
      approval_state = COALESCE(p_payload ->> 'approval_state', approval_state)
    WHERE memory_id = v_memory_id;

    IF NOT FOUND THEN
      RAISE EXCEPTION 'memory_id % not found', v_memory_id;
    END IF;

    RETURN jsonb_build_object('memory_id', v_memory_id, 'code', 'MEMORY_UPDATED');
  END IF;

  IF p_intent = 'deprecate' THEN
    IF p_payload ? 'memory_id' THEN
      v_memory_id := (p_payload ->> 'memory_id')::uuid;
      UPDATE second_brain.memory_records
      SET is_deprecated = true,
          approval_state = 'applied'
      WHERE memory_id = v_memory_id;

      IF NOT FOUND THEN
        RAISE EXCEPTION 'memory_id % not found', v_memory_id;
      END IF;

      RETURN jsonb_build_object('memory_id', v_memory_id, 'code', 'MEMORY_DEPRECATED');
    END IF;

    IF p_payload ? 'entity_natural_key' THEN
      UPDATE second_brain.entities
      SET status = 'deprecated'
      WHERE natural_key = p_payload ->> 'entity_natural_key';

      IF NOT FOUND THEN
        RAISE EXCEPTION 'entity_natural_key % not found', p_payload ->> 'entity_natural_key';
      END IF;

      RETURN jsonb_build_object('entity_natural_key', p_payload ->> 'entity_natural_key', 'code', 'ENTITY_DEPRECATED');
    END IF;

    RAISE EXCEPTION 'deprecate requires memory_id or entity_natural_key';
  END IF;

  RAISE EXCEPTION 'Unsupported intent %', p_intent;
END;
$$;


ALTER FUNCTION second_brain.process_intent(p_event_id uuid, p_intent text, p_payload jsonb) OWNER TO postgres;

--
-- Name: register_source(text, text, text, interval, jsonb); Type: FUNCTION; Schema: second_brain; Owner: postgres
--

CREATE FUNCTION second_brain.register_source(p_source_id text, p_source_type text, p_owner text, p_scan_frequency interval DEFAULT '1 day'::interval, p_metadata jsonb DEFAULT '{}'::jsonb) RETURNS text
    LANGUAGE plpgsql
    AS $$
BEGIN
  INSERT INTO second_brain.source_registry (
    source_id,
    source_type,
    owner,
    scan_frequency,
    health_state,
    schema_version,
    metadata,
    last_scan_at,
    last_success_at,
    last_error
  )
  VALUES (
    p_source_id,
    p_source_type,
    p_owner,
    p_scan_frequency,
    'healthy',
    'v1',
    COALESCE(p_metadata, '{}'::jsonb),
    now(),
    now(),
    NULL
  )
  ON CONFLICT (source_id)
  DO UPDATE SET
    source_type = EXCLUDED.source_type,
    owner = EXCLUDED.owner,
    scan_frequency = EXCLUDED.scan_frequency,
    health_state = 'healthy',
    metadata = second_brain.source_registry.metadata || EXCLUDED.metadata,
    last_scan_at = now(),
    last_success_at = now(),
    last_error = NULL;

  RETURN p_source_id;
END;
$$;


ALTER FUNCTION second_brain.register_source(p_source_id text, p_source_type text, p_owner text, p_scan_frequency interval, p_metadata jsonb) OWNER TO postgres;

--
-- Name: replay_dead_letters(integer); Type: FUNCTION; Schema: second_brain; Owner: postgres
--

CREATE FUNCTION second_brain.replay_dead_letters(p_limit integer DEFAULT 50) RETURNS TABLE(event_id uuid, result jsonb)
    LANGUAGE plpgsql
    AS $$
DECLARE
  v_event_id uuid;
BEGIN
  FOR v_event_id IN
    SELECT d.event_id
    FROM second_brain.dead_letters d
    JOIN second_brain.update_journal j ON j.event_id = d.event_id
    WHERE j.replayable = true
    ORDER BY d.first_failed_at
    LIMIT GREATEST(1, p_limit)
  LOOP
    event_id := v_event_id;
    result := second_brain.apply_event(v_event_id);
    RETURN NEXT;
  END LOOP;
END;
$$;


ALTER FUNCTION second_brain.replay_dead_letters(p_limit integer) OWNER TO postgres;

--
-- Name: store_reconciliation_report(jsonb, jsonb, jsonb, jsonb, jsonb, jsonb, jsonb); Type: FUNCTION; Schema: second_brain; Owner: postgres
--

CREATE FUNCTION second_brain.store_reconciliation_report(p_source_snapshot jsonb, p_missing_in_graph jsonb, p_stale_in_graph jsonb, p_conflicts jsonb, p_auto_fixed jsonb, p_manual_review jsonb, p_summary jsonb) RETURNS uuid
    LANGUAGE plpgsql
    AS $$
DECLARE
  v_report_id uuid;
BEGIN
  INSERT INTO second_brain.reconciliation_reports(
    source_snapshot,
    missing_in_graph,
    stale_in_graph,
    conflicts,
    auto_fixed,
    manual_review,
    summary
  )
  VALUES (
    COALESCE(p_source_snapshot, '{}'::jsonb),
    COALESCE(p_missing_in_graph, '[]'::jsonb),
    COALESCE(p_stale_in_graph, '[]'::jsonb),
    COALESCE(p_conflicts, '[]'::jsonb),
    COALESCE(p_auto_fixed, '[]'::jsonb),
    COALESCE(p_manual_review, '[]'::jsonb),
    COALESCE(p_summary, '{}'::jsonb)
  )
  RETURNING report_id INTO v_report_id;

  RETURN v_report_id;
END;
$$;


ALTER FUNCTION second_brain.store_reconciliation_report(p_source_snapshot jsonb, p_missing_in_graph jsonb, p_stale_in_graph jsonb, p_conflicts jsonb, p_auto_fixed jsonb, p_manual_review jsonb, p_summary jsonb) OWNER TO postgres;

--
-- Name: touch_updated_at(); Type: FUNCTION; Schema: second_brain; Owner: postgres
--

CREATE FUNCTION second_brain.touch_updated_at() RETURNS trigger
    LANGUAGE plpgsql
    AS $$
BEGIN
  NEW.updated_at = now();
  RETURN NEW;
END;
$$;


ALTER FUNCTION second_brain.touch_updated_at() OWNER TO postgres;

SET default_tablespace = '';

SET default_table_access_method = heap;

--
-- Name: bank_rows; Type: TABLE; Schema: crm; Owner: postgres
--

CREATE TABLE crm.bank_rows (
    id uuid DEFAULT gen_random_uuid() NOT NULL,
    import_batch_id text NOT NULL,
    date date,
    amount numeric(14,2),
    counterparty text,
    memo text,
    category_id uuid,
    note text,
    matched_transaction_id uuid,
    pdf_file uuid,
    created_at timestamp with time zone DEFAULT now() NOT NULL,
    updated_at timestamp with time zone DEFAULT now() NOT NULL
);


ALTER TABLE crm.bank_rows OWNER TO postgres;

--
-- Name: categories; Type: TABLE; Schema: crm; Owner: postgres
--

CREATE TABLE crm.categories (
    id uuid DEFAULT gen_random_uuid() NOT NULL,
    name text NOT NULL,
    direction text NOT NULL,
    active boolean DEFAULT true NOT NULL,
    created_at timestamp with time zone DEFAULT now() NOT NULL,
    updated_at timestamp with time zone DEFAULT now() NOT NULL,
    CONSTRAINT categories_direction_check CHECK ((direction = ANY (ARRAY['income'::text, 'expense'::text, 'both'::text])))
);


ALTER TABLE crm.categories OWNER TO postgres;

--
-- Name: contact_tags; Type: TABLE; Schema: crm; Owner: postgres
--

CREATE TABLE crm.contact_tags (
    id uuid DEFAULT gen_random_uuid() NOT NULL,
    contact_id uuid NOT NULL,
    tag_id uuid NOT NULL,
    created_at timestamp with time zone DEFAULT now() NOT NULL
);


ALTER TABLE crm.contact_tags OWNER TO postgres;

--
-- Name: contacts; Type: TABLE; Schema: crm; Owner: postgres
--

CREATE TABLE crm.contacts (
    id uuid DEFAULT gen_random_uuid() NOT NULL,
    full_name text NOT NULL,
    phone_raw text,
    phone_e164 text NOT NULL,
    email text,
    status text DEFAULT 'active'::text NOT NULL,
    id_number text,
    notes text,
    created_at timestamp with time zone DEFAULT now() NOT NULL,
    updated_at timestamp with time zone DEFAULT now() NOT NULL,
    CONSTRAINT contacts_status_check CHECK ((status = ANY (ARRAY['active'::text, 'inactive'::text, 'do_not_contact'::text])))
);


ALTER TABLE crm.contacts OWNER TO postgres;

--
-- Name: interactions; Type: TABLE; Schema: crm; Owner: postgres
--

CREATE TABLE crm.interactions (
    id uuid DEFAULT gen_random_uuid() NOT NULL,
    contact_id uuid NOT NULL,
    type text NOT NULL,
    status text DEFAULT 'open'::text NOT NULL,
    category_id uuid,
    summary text,
    next_action_at timestamp with time zone,
    created_at timestamp with time zone DEFAULT now() NOT NULL,
    created_by uuid,
    CONSTRAINT interactions_status_check CHECK ((status = ANY (ARRAY['open'::text, 'done'::text, 'followup'::text]))),
    CONSTRAINT interactions_type_check CHECK ((type = ANY (ARRAY['call'::text, 'whatsapp'::text, 'email'::text, 'meeting'::text, 'note'::text])))
);


ALTER TABLE crm.interactions OWNER TO postgres;

--
-- Name: payment_events_raw; Type: TABLE; Schema: crm; Owner: postgres
--

CREATE TABLE crm.payment_events_raw (
    id uuid DEFAULT gen_random_uuid() NOT NULL,
    provider text DEFAULT 'takbul'::text NOT NULL,
    received_at timestamp with time zone DEFAULT now() NOT NULL,
    external_ref text,
    payload_json jsonb NOT NULL,
    processed_status text DEFAULT 'new'::text NOT NULL,
    linked_transaction_id uuid,
    created_at timestamp with time zone DEFAULT now() NOT NULL,
    CONSTRAINT payment_events_raw_processed_status_check CHECK ((processed_status = ANY (ARRAY['new'::text, 'processed'::text, 'failed'::text])))
);


ALTER TABLE crm.payment_events_raw OWNER TO postgres;

--
-- Name: receipts; Type: TABLE; Schema: crm; Owner: postgres
--

CREATE TABLE crm.receipts (
    id uuid DEFAULT gen_random_uuid() NOT NULL,
    transaction_id uuid NOT NULL,
    receipt_number text,
    issued_at timestamp with time zone,
    pdf_file uuid,
    section_46 boolean,
    note text,
    created_at timestamp with time zone DEFAULT now() NOT NULL,
    updated_at timestamp with time zone DEFAULT now() NOT NULL
);


ALTER TABLE crm.receipts OWNER TO postgres;

--
-- Name: tags; Type: TABLE; Schema: crm; Owner: postgres
--

CREATE TABLE crm.tags (
    id uuid DEFAULT gen_random_uuid() NOT NULL,
    name text NOT NULL,
    created_at timestamp with time zone DEFAULT now() NOT NULL,
    updated_at timestamp with time zone DEFAULT now() NOT NULL
);


ALTER TABLE crm.tags OWNER TO postgres;

--
-- Name: transactions; Type: TABLE; Schema: crm; Owner: postgres
--

CREATE TABLE crm.transactions (
    id uuid DEFAULT gen_random_uuid() NOT NULL,
    contact_id uuid,
    direction text NOT NULL,
    amount numeric(14,2) NOT NULL,
    currency text DEFAULT 'ILS'::text NOT NULL,
    date timestamp with time zone NOT NULL,
    source text NOT NULL,
    external_ref text,
    category_id uuid,
    note text,
    status text DEFAULT 'new'::text NOT NULL,
    created_at timestamp with time zone DEFAULT now() NOT NULL,
    updated_at timestamp with time zone DEFAULT now() NOT NULL,
    CONSTRAINT transactions_direction_check CHECK ((direction = ANY (ARRAY['income'::text, 'expense'::text]))),
    CONSTRAINT transactions_source_check CHECK ((source = ANY (ARRAY['takbul'::text, 'bank_import'::text, 'manual'::text]))),
    CONSTRAINT transactions_status_check CHECK ((status = ANY (ARRAY['new'::text, 'categorized'::text, 'needs_review'::text])))
);


ALTER TABLE crm.transactions OWNER TO postgres;

--
-- Name: ActiveAlert; Type: TABLE; Schema: inventory; Owner: postgres
--

CREATE TABLE inventory."ActiveAlert" (
    id text NOT NULL,
    "alertRuleId" text NOT NULL,
    "entityType" text NOT NULL,
    "entityId" text NOT NULL,
    severity text DEFAULT 'MEDIUM'::text NOT NULL,
    status text DEFAULT 'NEW'::text NOT NULL,
    message text NOT NULL,
    details text,
    "resolvedById" text,
    "resolvedAt" timestamp(3) without time zone,
    "resolutionNotes" text,
    "createdAt" timestamp(3) without time zone DEFAULT CURRENT_TIMESTAMP NOT NULL,
    "updatedAt" timestamp(3) without time zone NOT NULL
);


ALTER TABLE inventory."ActiveAlert" OWNER TO postgres;

--
-- Name: ActivityLog; Type: TABLE; Schema: inventory; Owner: postgres
--

CREATE TABLE inventory."ActivityLog" (
    id text NOT NULL,
    "userId" text,
    action text NOT NULL,
    "entityType" text,
    "entityId" text,
    details text,
    "ipAddress" text,
    "userAgent" text,
    "createdAt" timestamp(3) without time zone DEFAULT CURRENT_TIMESTAMP NOT NULL
);


ALTER TABLE inventory."ActivityLog" OWNER TO postgres;

--
-- Name: AlertRule; Type: TABLE; Schema: inventory; Owner: postgres
--

CREATE TABLE inventory."AlertRule" (
    id text NOT NULL,
    "ruleType" text NOT NULL,
    name text NOT NULL,
    description text,
    "thresholdDays" integer,
    "thresholdQuantity" double precision,
    "thresholdMonths" double precision,
    "appliesToCategories" text DEFAULT ''::text NOT NULL,
    "isActive" boolean DEFAULT true NOT NULL,
    "createdAt" timestamp(3) without time zone DEFAULT CURRENT_TIMESTAMP NOT NULL,
    "updatedAt" timestamp(3) without time zone NOT NULL
);


ALTER TABLE inventory."AlertRule" OWNER TO postgres;

--
-- Name: ArchivedData; Type: TABLE; Schema: inventory; Owner: postgres
--

CREATE TABLE inventory."ArchivedData" (
    id text NOT NULL,
    "entityType" text NOT NULL,
    "entityId" text NOT NULL,
    payload text NOT NULL,
    "archivedAt" timestamp(3) without time zone DEFAULT CURRENT_TIMESTAMP NOT NULL,
    "archivedById" text,
    "restoredAt" timestamp(3) without time zone,
    "restoredById" text
);


ALTER TABLE inventory."ArchivedData" OWNER TO postgres;

--
-- Name: ArchivedReport; Type: TABLE; Schema: inventory; Owner: postgres
--

CREATE TABLE inventory."ArchivedReport" (
    id text NOT NULL,
    "reportType" text NOT NULL,
    "reportDate" timestamp(3) without time zone NOT NULL,
    title text NOT NULL,
    "fileUrl" text,
    metadata text,
    "createdAt" timestamp(3) without time zone DEFAULT CURRENT_TIMESTAMP NOT NULL
);


ALTER TABLE inventory."ArchivedReport" OWNER TO postgres;

--
-- Name: BarcodeFormat; Type: TABLE; Schema: inventory; Owner: postgres
--

CREATE TABLE inventory."BarcodeFormat" (
    id text NOT NULL,
    name text NOT NULL,
    "supplierId" text,
    "barcodeType" text DEFAULT 'CODE128'::text NOT NULL,
    "parsePattern" text NOT NULL,
    "fieldMapping" text NOT NULL,
    "dateFormat" text DEFAULT 'YYMMDD'::text NOT NULL,
    "sampleData" text,
    notes text,
    "isActive" boolean DEFAULT true NOT NULL,
    "createdAt" timestamp(3) without time zone DEFAULT CURRENT_TIMESTAMP NOT NULL,
    "updatedAt" timestamp(3) without time zone NOT NULL
);


ALTER TABLE inventory."BarcodeFormat" OWNER TO postgres;

--
-- Name: CompletedInventoryCount; Type: TABLE; Schema: inventory; Owner: postgres
--

CREATE TABLE inventory."CompletedInventoryCount" (
    id text NOT NULL,
    "countDate" timestamp(3) without time zone NOT NULL,
    "completedAt" timestamp(3) without time zone DEFAULT CURRENT_TIMESTAMP NOT NULL,
    "totalReagentsCounted" integer NOT NULL,
    "totalBatchesCounted" integer NOT NULL,
    "varianceSummary" text,
    "csvExportUrl" text,
    "pdfReportUrl" text,
    "completedById" text,
    "createdAt" timestamp(3) without time zone DEFAULT CURRENT_TIMESTAMP NOT NULL
);


ALTER TABLE inventory."CompletedInventoryCount" OWNER TO postgres;

--
-- Name: DashboardNote; Type: TABLE; Schema: inventory; Owner: postgres
--

CREATE TABLE inventory."DashboardNote" (
    id text NOT NULL,
    title text,
    content text NOT NULL,
    "noteType" text DEFAULT 'GENERAL'::text NOT NULL,
    priority integer DEFAULT 0 NOT NULL,
    "isPinned" boolean DEFAULT false NOT NULL,
    "ctaRoute" text,
    "createdById" text,
    "dismissedAt" timestamp(3) without time zone,
    "createdAt" timestamp(3) without time zone DEFAULT CURRENT_TIMESTAMP NOT NULL,
    "updatedAt" timestamp(3) without time zone NOT NULL
);


ALTER TABLE inventory."DashboardNote" OWNER TO postgres;

--
-- Name: Delivery; Type: TABLE; Schema: inventory; Owner: postgres
--

CREATE TABLE inventory."Delivery" (
    id text NOT NULL,
    "deliveryNumber" text NOT NULL,
    "supplierId" text NOT NULL,
    "supplierSnapshot" text NOT NULL,
    "orderId" text,
    "withdrawalRequestId" text,
    "deliveryDate" timestamp(3) without time zone NOT NULL,
    status text DEFAULT 'NEW'::text NOT NULL,
    "documentUrl" text,
    "isRecurringSupply" boolean DEFAULT false NOT NULL,
    notes text,
    "createdAt" timestamp(3) without time zone DEFAULT CURRENT_TIMESTAMP NOT NULL,
    "updatedAt" timestamp(3) without time zone NOT NULL
);


ALTER TABLE inventory."Delivery" OWNER TO postgres;

--
-- Name: DeliveryItem; Type: TABLE; Schema: inventory; Owner: postgres
--

CREATE TABLE inventory."DeliveryItem" (
    id text NOT NULL,
    "deliveryId" text NOT NULL,
    "reagentId" text NOT NULL,
    "batchNumber" text NOT NULL,
    quantity double precision NOT NULL,
    "expiryDate" timestamp(3) without time zone NOT NULL,
    "acceptedQuantity" double precision,
    "rejectedQuantity" double precision,
    "rejectionReason" text,
    "createdAt" timestamp(3) without time zone DEFAULT CURRENT_TIMESTAMP NOT NULL,
    "updatedAt" timestamp(3) without time zone NOT NULL
);


ALTER TABLE inventory."DeliveryItem" OWNER TO postgres;

--
-- Name: DispenseEvent; Type: TABLE; Schema: inventory; Owner: postgres
--

CREATE TABLE inventory."DispenseEvent" (
    id text NOT NULL,
    "reagentId" text NOT NULL,
    "batchId" text NOT NULL,
    quantity double precision NOT NULL,
    "dispensedById" text,
    "dispensedAt" timestamp(3) without time zone DEFAULT CURRENT_TIMESTAMP NOT NULL,
    "scanMethod" text DEFAULT 'BARCODE'::text NOT NULL,
    "rawScanData" text,
    purpose text,
    notes text,
    "createdAt" timestamp(3) without time zone DEFAULT CURRENT_TIMESTAMP NOT NULL
);


ALTER TABLE inventory."DispenseEvent" OWNER TO postgres;

--
-- Name: DocumentationNote; Type: TABLE; Schema: inventory; Owner: postgres
--

CREATE TABLE inventory."DocumentationNote" (
    id text NOT NULL,
    "pageId" text,
    title text NOT NULL,
    content text NOT NULL,
    category text,
    "relatedEntities" text DEFAULT ''::text NOT NULL,
    "lastEditorId" text,
    "createdAt" timestamp(3) without time zone DEFAULT CURRENT_TIMESTAMP NOT NULL,
    "updatedAt" timestamp(3) without time zone NOT NULL
);


ALTER TABLE inventory."DocumentationNote" OWNER TO postgres;

--
-- Name: ExpiredProductLog; Type: TABLE; Schema: inventory; Owner: postgres
--

CREATE TABLE inventory."ExpiredProductLog" (
    id text NOT NULL,
    "reagentId" text NOT NULL,
    "batchId" text NOT NULL,
    quantity double precision NOT NULL,
    "actionTaken" text NOT NULL,
    "handledById" text,
    "handledAt" timestamp(3) without time zone DEFAULT CURRENT_TIMESTAMP NOT NULL,
    reason text,
    notes text,
    "createdAt" timestamp(3) without time zone DEFAULT CURRENT_TIMESTAMP NOT NULL
);


ALTER TABLE inventory."ExpiredProductLog" OWNER TO postgres;

--
-- Name: FrameworkOrder; Type: TABLE; Schema: inventory; Owner: postgres
--

CREATE TABLE inventory."FrameworkOrder" (
    id text NOT NULL,
    "orderId" text NOT NULL,
    "validFrom" timestamp(3) without time zone NOT NULL,
    "validTo" timestamp(3) without time zone NOT NULL,
    "maxTotalQuantity" double precision,
    "availableQuantity" double precision,
    "createdAt" timestamp(3) without time zone DEFAULT CURRENT_TIMESTAMP NOT NULL,
    "updatedAt" timestamp(3) without time zone NOT NULL
);


ALTER TABLE inventory."FrameworkOrder" OWNER TO postgres;

--
-- Name: FrameworkOrderItem; Type: TABLE; Schema: inventory; Owner: postgres
--

CREATE TABLE inventory."FrameworkOrderItem" (
    id text NOT NULL,
    "frameworkOrderId" text NOT NULL,
    "reagentId" text NOT NULL,
    "allocatedQuantity" double precision NOT NULL,
    "consumedQuantity" double precision DEFAULT 0 NOT NULL,
    "availableQuantity" double precision NOT NULL,
    "createdAt" timestamp(3) without time zone DEFAULT CURRENT_TIMESTAMP NOT NULL,
    "updatedAt" timestamp(3) without time zone NOT NULL
);


ALTER TABLE inventory."FrameworkOrderItem" OWNER TO postgres;

--
-- Name: InventoryCountDraft; Type: TABLE; Schema: inventory; Owner: postgres
--

CREATE TABLE inventory."InventoryCountDraft" (
    id text NOT NULL,
    "startedAt" timestamp(3) without time zone DEFAULT CURRENT_TIMESTAMP NOT NULL,
    "lastSavedAt" timestamp(3) without time zone NOT NULL,
    status text DEFAULT 'DRAFT'::text NOT NULL,
    "startedById" text,
    "createdAt" timestamp(3) without time zone DEFAULT CURRENT_TIMESTAMP NOT NULL,
    "updatedAt" timestamp(3) without time zone NOT NULL
);


ALTER TABLE inventory."InventoryCountDraft" OWNER TO postgres;

--
-- Name: InventoryCountEntry; Type: TABLE; Schema: inventory; Owner: postgres
--

CREATE TABLE inventory."InventoryCountEntry" (
    id text NOT NULL,
    "countDraftId" text NOT NULL,
    "reagentId" text NOT NULL,
    "batchNumber" text,
    "countedQuantity" double precision NOT NULL,
    "expiryDate" timestamp(3) without time zone,
    notes text,
    "createdAt" timestamp(3) without time zone DEFAULT CURRENT_TIMESTAMP NOT NULL,
    "updatedAt" timestamp(3) without time zone NOT NULL
);


ALTER TABLE inventory."InventoryCountEntry" OWNER TO postgres;

--
-- Name: InventoryTransaction; Type: TABLE; Schema: inventory; Owner: postgres
--

CREATE TABLE inventory."InventoryTransaction" (
    id text NOT NULL,
    "reagentId" text NOT NULL,
    "batchId" text,
    "transactionType" text NOT NULL,
    "quantityDelta" double precision NOT NULL,
    "sourceType" text,
    "sourceId" text,
    "performedById" text,
    notes text,
    "createdAt" timestamp(3) without time zone DEFAULT CURRENT_TIMESTAMP NOT NULL
);


ALTER TABLE inventory."InventoryTransaction" OWNER TO postgres;

--
-- Name: Order; Type: TABLE; Schema: inventory; Owner: postgres
--

CREATE TABLE inventory."Order" (
    id text NOT NULL,
    "tempNumber" text NOT NULL,
    "permanentNumber" text,
    "sapPurchaseOrder" text,
    "supplierId" text NOT NULL,
    "supplierSnapshot" text NOT NULL,
    "orderType" text DEFAULT 'IMMEDIATE'::text NOT NULL,
    status text DEFAULT 'DRAFT'::text NOT NULL,
    "orderDate" timestamp(3) without time zone DEFAULT CURRENT_TIMESTAMP NOT NULL,
    "expectedDeliveryStart" timestamp(3) without time zone,
    "expectedDeliveryEnd" timestamp(3) without time zone,
    "closedDate" timestamp(3) without time zone,
    "totalValue" double precision,
    currency text DEFAULT 'ILS'::text NOT NULL,
    "internalNotes" text,
    "supplierNotes" text,
    "createdAt" timestamp(3) without time zone DEFAULT CURRENT_TIMESTAMP NOT NULL,
    "updatedAt" timestamp(3) without time zone NOT NULL
);


ALTER TABLE inventory."Order" OWNER TO postgres;

--
-- Name: OrderItem; Type: TABLE; Schema: inventory; Owner: postgres
--

CREATE TABLE inventory."OrderItem" (
    id text NOT NULL,
    "orderId" text NOT NULL,
    "reagentId" text NOT NULL,
    "requestedQuantity" double precision NOT NULL,
    "approvedQuantity" double precision,
    "receivedQuantity" double precision DEFAULT 0 NOT NULL,
    "remainingQuantity" double precision,
    "unitPrice" double precision,
    currency text DEFAULT 'ILS'::text NOT NULL,
    notes text,
    "createdAt" timestamp(3) without time zone DEFAULT CURRENT_TIMESTAMP NOT NULL,
    "updatedAt" timestamp(3) without time zone NOT NULL
);


ALTER TABLE inventory."OrderItem" OWNER TO postgres;

--
-- Name: PartialDisposal; Type: TABLE; Schema: inventory; Owner: postgres
--

CREATE TABLE inventory."PartialDisposal" (
    id text NOT NULL,
    "reagentId" text NOT NULL,
    "batchId" text NOT NULL,
    reason text NOT NULL,
    notes text,
    "disposedById" text,
    "disposedAt" timestamp(3) without time zone DEFAULT CURRENT_TIMESTAMP NOT NULL,
    "createdAt" timestamp(3) without time zone DEFAULT CURRENT_TIMESTAMP NOT NULL,
    "originalQuantity" double precision NOT NULL,
    "portionDisposed" double precision NOT NULL
);


ALTER TABLE inventory."PartialDisposal" OWNER TO postgres;

--
-- Name: Reagent; Type: TABLE; Schema: inventory; Owner: postgres
--

CREATE TABLE inventory."Reagent" (
    id text NOT NULL,
    name text NOT NULL,
    "catalogNumber" text,
    category text DEFAULT 'REAGENT'::text NOT NULL,
    "supplierId" text NOT NULL,
    "totalQuantity" double precision DEFAULT 0 NOT NULL,
    "activeBatchesCount" integer DEFAULT 0 NOT NULL,
    "nearestExpiryDate" timestamp(3) without time zone,
    "currentStockStatus" text DEFAULT 'NORMAL'::text NOT NULL,
    "monthsOfStock" double precision,
    "averageMonthlyUsage" double precision,
    "manualMonthlyUsage" double precision,
    "useManualUsage" boolean DEFAULT false NOT NULL,
    "isConsumable" boolean DEFAULT false NOT NULL,
    "requiresBatches" boolean DEFAULT true NOT NULL,
    "isDeleted" boolean DEFAULT false NOT NULL,
    notes text,
    "createdAt" timestamp(3) without time zone DEFAULT CURRENT_TIMESTAMP NOT NULL,
    "updatedAt" timestamp(3) without time zone NOT NULL
);


ALTER TABLE inventory."Reagent" OWNER TO postgres;

--
-- Name: ReagentBatch; Type: TABLE; Schema: inventory; Owner: postgres
--

CREATE TABLE inventory."ReagentBatch" (
    id text NOT NULL,
    "reagentId" text NOT NULL,
    "batchNumber" text NOT NULL,
    "expiryDate" timestamp(3) without time zone NOT NULL,
    "manufactureDate" timestamp(3) without time zone,
    "initialQuantity" double precision NOT NULL,
    "currentQuantity" double precision NOT NULL,
    "reservedQuantity" double precision DEFAULT 0 NOT NULL,
    "receivedDate" timestamp(3) without time zone NOT NULL,
    "deliveryId" text,
    "firstOpenedDate" timestamp(3) without time zone,
    "storageLocation" text,
    "storageConditions" text,
    status text DEFAULT 'ACTIVE'::text NOT NULL,
    "qcStatus" text DEFAULT 'PENDING'::text NOT NULL,
    "coaDocumentUrl" text,
    "qcNotes" text,
    "generalNotes" text,
    "createdAt" timestamp(3) without time zone DEFAULT CURRENT_TIMESTAMP NOT NULL,
    "updatedAt" timestamp(3) without time zone NOT NULL
);


ALTER TABLE inventory."ReagentBatch" OWNER TO postgres;

--
-- Name: ScheduledReminder; Type: TABLE; Schema: inventory; Owner: postgres
--

CREATE TABLE inventory."ScheduledReminder" (
    id text NOT NULL,
    "reminderType" text NOT NULL,
    "targetDate" timestamp(3) without time zone NOT NULL,
    "assignedTo" text,
    title text NOT NULL,
    message text,
    "isCompleted" boolean DEFAULT false NOT NULL,
    "completedAt" timestamp(3) without time zone,
    "createdAt" timestamp(3) without time zone DEFAULT CURRENT_TIMESTAMP NOT NULL,
    "updatedAt" timestamp(3) without time zone NOT NULL
);


ALTER TABLE inventory."ScheduledReminder" OWNER TO postgres;

--
-- Name: Shipment; Type: TABLE; Schema: inventory; Owner: postgres
--

CREATE TABLE inventory."Shipment" (
    id text NOT NULL,
    "shipmentNumber" text NOT NULL,
    "destinationHospital" text NOT NULL,
    "destinationDepartment" text,
    "shipmentDate" timestamp(3) without time zone NOT NULL,
    status text DEFAULT 'DRAFT'::text NOT NULL,
    "documentUrl" text,
    notes text,
    "createdAt" timestamp(3) without time zone DEFAULT CURRENT_TIMESTAMP NOT NULL,
    "updatedAt" timestamp(3) without time zone NOT NULL
);


ALTER TABLE inventory."Shipment" OWNER TO postgres;

--
-- Name: ShipmentItem; Type: TABLE; Schema: inventory; Owner: postgres
--

CREATE TABLE inventory."ShipmentItem" (
    id text NOT NULL,
    "shipmentId" text NOT NULL,
    "reagentId" text NOT NULL,
    "batchId" text,
    quantity double precision NOT NULL,
    "createdAt" timestamp(3) without time zone DEFAULT CURRENT_TIMESTAMP NOT NULL,
    "updatedAt" timestamp(3) without time zone NOT NULL
);


ALTER TABLE inventory."ShipmentItem" OWNER TO postgres;

--
-- Name: Supplier; Type: TABLE; Schema: inventory; Owner: postgres
--

CREATE TABLE inventory."Supplier" (
    id text NOT NULL,
    name text NOT NULL,
    "shortCode" text,
    address text,
    phone text,
    email text,
    website text,
    "defaultCurrency" text DEFAULT 'ILS'::text NOT NULL,
    "paymentTerms" text,
    "leadTimeDays" integer,
    "isPreferred" boolean DEFAULT false NOT NULL,
    "isActive" boolean DEFAULT true NOT NULL,
    "createdAt" timestamp(3) without time zone DEFAULT CURRENT_TIMESTAMP NOT NULL,
    "updatedAt" timestamp(3) without time zone NOT NULL
);


ALTER TABLE inventory."Supplier" OWNER TO postgres;

--
-- Name: SupplierContact; Type: TABLE; Schema: inventory; Owner: postgres
--

CREATE TABLE inventory."SupplierContact" (
    id text NOT NULL,
    "supplierId" text NOT NULL,
    name text NOT NULL,
    role text,
    phone text,
    mobile text,
    email text,
    notes text,
    "isPrimary" boolean DEFAULT false NOT NULL,
    "isActive" boolean DEFAULT true NOT NULL,
    "createdAt" timestamp(3) without time zone DEFAULT CURRENT_TIMESTAMP NOT NULL,
    "updatedAt" timestamp(3) without time zone NOT NULL
);


ALTER TABLE inventory."SupplierContact" OWNER TO postgres;

--
-- Name: SystemSettings; Type: TABLE; Schema: inventory; Owner: postgres
--

CREATE TABLE inventory."SystemSettings" (
    id text NOT NULL,
    key text NOT NULL,
    value text NOT NULL,
    description text,
    "mainHeaderName" text,
    "sidebarHeaderName" text,
    "logoUrl" text,
    "updatedAt" timestamp(3) without time zone NOT NULL
);


ALTER TABLE inventory."SystemSettings" OWNER TO postgres;

--
-- Name: WithdrawalItem; Type: TABLE; Schema: inventory; Owner: postgres
--

CREATE TABLE inventory."WithdrawalItem" (
    id text NOT NULL,
    "withdrawalRequestId" text NOT NULL,
    "reagentId" text NOT NULL,
    "requestedQuantity" double precision NOT NULL,
    "approvedQuantity" double precision,
    "fulfilledQuantity" double precision DEFAULT 0 NOT NULL,
    "unitPrice" double precision,
    "createdAt" timestamp(3) without time zone DEFAULT CURRENT_TIMESTAMP NOT NULL,
    "updatedAt" timestamp(3) without time zone NOT NULL
);


ALTER TABLE inventory."WithdrawalItem" OWNER TO postgres;

--
-- Name: WithdrawalRequest; Type: TABLE; Schema: inventory; Owner: postgres
--

CREATE TABLE inventory."WithdrawalRequest" (
    id text NOT NULL,
    "withdrawalNumber" text NOT NULL,
    "supplierId" text NOT NULL,
    "supplierSnapshot" text NOT NULL,
    "frameworkOrderId" text,
    status text DEFAULT 'DRAFT'::text NOT NULL,
    "requestDate" timestamp(3) without time zone DEFAULT CURRENT_TIMESTAMP NOT NULL,
    "approvalDate" timestamp(3) without time zone,
    "completionDate" timestamp(3) without time zone,
    "totalValueRequested" double precision,
    "totalValueApproved" double precision,
    "requesterNotes" text,
    "approverNotes" text,
    "requestedById" text,
    "approvedById" text,
    "createdAt" timestamp(3) without time zone DEFAULT CURRENT_TIMESTAMP NOT NULL,
    "updatedAt" timestamp(3) without time zone NOT NULL
);


ALTER TABLE inventory."WithdrawalRequest" OWNER TO postgres;

--
-- Name: app_users; Type: TABLE; Schema: inventory; Owner: postgres
--

CREATE TABLE inventory.app_users (
    id text NOT NULL,
    email text NOT NULL,
    name text NOT NULL,
    password text NOT NULL,
    role text DEFAULT 'USER'::text NOT NULL,
    "deviceFingerprint" text,
    "isActive" boolean DEFAULT true NOT NULL,
    "lastLoginAt" timestamp(3) without time zone,
    "createdAt" timestamp(3) without time zone DEFAULT CURRENT_TIMESTAMP NOT NULL,
    "updatedAt" timestamp(3) without time zone NOT NULL
);


ALTER TABLE inventory.app_users OWNER TO postgres;

--
-- Name: refresh_tokens; Type: TABLE; Schema: inventory; Owner: postgres
--

CREATE TABLE inventory.refresh_tokens (
    id text NOT NULL,
    user_id text NOT NULL,
    token_hash text NOT NULL,
    created_at timestamp with time zone DEFAULT now() NOT NULL,
    expires_at timestamp with time zone NOT NULL,
    revoked_at timestamp with time zone,
    replaced_by_token_hash text,
    ip text,
    user_agent text,
    device_label text
);


ALTER TABLE inventory.refresh_tokens OWNER TO postgres;

--
-- Name: app_users; Type: TABLE; Schema: public; Owner: directus
--

CREATE TABLE public.app_users (
    id integer NOT NULL,
    google_id character varying(255),
    email character varying(255),
    display_name character varying(255),
    avatar_url character varying(255),
    last_login timestamp without time zone,
    name text,
    password text,
    role text DEFAULT 'USER'::text,
    "deviceFingerprint" text,
    "isActive" boolean DEFAULT true,
    "lastLoginAt" timestamp without time zone,
    "createdAt" timestamp without time zone DEFAULT CURRENT_TIMESTAMP,
    "updatedAt" timestamp without time zone
);


ALTER TABLE public.app_users OWNER TO directus;

--
-- Name: app_users_id_seq; Type: SEQUENCE; Schema: public; Owner: directus
--

CREATE SEQUENCE public.app_users_id_seq
    AS integer
    START WITH 1
    INCREMENT BY 1
    NO MINVALUE
    NO MAXVALUE
    CACHE 1;


ALTER TABLE public.app_users_id_seq OWNER TO directus;

--
-- Name: app_users_id_seq; Type: SEQUENCE OWNED BY; Schema: public; Owner: directus
--

ALTER SEQUENCE public.app_users_id_seq OWNED BY public.app_users.id;


--
-- Name: auth_audit; Type: TABLE; Schema: public; Owner: postgres
--

CREATE TABLE public.auth_audit (
    id uuid NOT NULL,
    user_id uuid,
    email text,
    provider text NOT NULL,
    success boolean NOT NULL,
    reason text,
    ip text,
    user_agent text,
    created_at timestamp with time zone DEFAULT now() NOT NULL
);


ALTER TABLE public.auth_audit OWNER TO postgres;

--
-- Name: directus_access; Type: TABLE; Schema: public; Owner: postgres
--

CREATE TABLE public.directus_access (
    id uuid NOT NULL,
    role uuid,
    "user" uuid,
    policy uuid NOT NULL,
    sort integer
);


ALTER TABLE public.directus_access OWNER TO postgres;

--
-- Name: directus_activity; Type: TABLE; Schema: public; Owner: postgres
--

CREATE TABLE public.directus_activity (
    id integer NOT NULL,
    action character varying(45) NOT NULL,
    "user" uuid,
    "timestamp" timestamp with time zone DEFAULT CURRENT_TIMESTAMP NOT NULL,
    ip character varying(50),
    user_agent text,
    collection character varying(64) NOT NULL,
    item character varying(255) NOT NULL,
    origin character varying(255)
);


ALTER TABLE public.directus_activity OWNER TO postgres;

--
-- Name: directus_activity_id_seq; Type: SEQUENCE; Schema: public; Owner: postgres
--

CREATE SEQUENCE public.directus_activity_id_seq
    AS integer
    START WITH 1
    INCREMENT BY 1
    NO MINVALUE
    NO MAXVALUE
    CACHE 1;


ALTER TABLE public.directus_activity_id_seq OWNER TO postgres;

--
-- Name: directus_activity_id_seq; Type: SEQUENCE OWNED BY; Schema: public; Owner: postgres
--

ALTER SEQUENCE public.directus_activity_id_seq OWNED BY public.directus_activity.id;


--
-- Name: directus_collections; Type: TABLE; Schema: public; Owner: postgres
--

CREATE TABLE public.directus_collections (
    collection character varying(64) NOT NULL,
    icon character varying(64),
    note text,
    display_template character varying(255),
    hidden boolean DEFAULT false NOT NULL,
    singleton boolean DEFAULT false NOT NULL,
    translations json,
    archive_field character varying(64),
    archive_app_filter boolean DEFAULT true NOT NULL,
    archive_value character varying(255),
    unarchive_value character varying(255),
    sort_field character varying(64),
    accountability character varying(255) DEFAULT 'all'::character varying,
    color character varying(255),
    item_duplication_fields json,
    sort integer,
    "group" character varying(64),
    collapse character varying(255) DEFAULT 'open'::character varying NOT NULL,
    preview_url character varying(255),
    versioning boolean DEFAULT false NOT NULL
);


ALTER TABLE public.directus_collections OWNER TO postgres;

--
-- Name: directus_comments; Type: TABLE; Schema: public; Owner: postgres
--

CREATE TABLE public.directus_comments (
    id uuid NOT NULL,
    collection character varying(64) NOT NULL,
    item character varying(255) NOT NULL,
    comment text NOT NULL,
    date_created timestamp with time zone DEFAULT CURRENT_TIMESTAMP,
    date_updated timestamp with time zone DEFAULT CURRENT_TIMESTAMP,
    user_created uuid,
    user_updated uuid
);


ALTER TABLE public.directus_comments OWNER TO postgres;

--
-- Name: directus_dashboards; Type: TABLE; Schema: public; Owner: postgres
--

CREATE TABLE public.directus_dashboards (
    id uuid NOT NULL,
    name character varying(255) NOT NULL,
    icon character varying(64) DEFAULT 'dashboard'::character varying NOT NULL,
    note text,
    date_created timestamp with time zone DEFAULT CURRENT_TIMESTAMP,
    user_created uuid,
    color character varying(255)
);


ALTER TABLE public.directus_dashboards OWNER TO postgres;

--
-- Name: directus_extensions; Type: TABLE; Schema: public; Owner: postgres
--

CREATE TABLE public.directus_extensions (
    enabled boolean DEFAULT true NOT NULL,
    id uuid NOT NULL,
    folder character varying(255) NOT NULL,
    source character varying(255) NOT NULL,
    bundle uuid
);


ALTER TABLE public.directus_extensions OWNER TO postgres;

--
-- Name: directus_fields; Type: TABLE; Schema: public; Owner: postgres
--

CREATE TABLE public.directus_fields (
    id integer NOT NULL,
    collection character varying(64) NOT NULL,
    field character varying(64) NOT NULL,
    special character varying(64),
    interface character varying(64),
    options json,
    display character varying(64),
    display_options json,
    readonly boolean DEFAULT false NOT NULL,
    hidden boolean DEFAULT false NOT NULL,
    sort integer,
    width character varying(30) DEFAULT 'full'::character varying,
    translations json,
    note text,
    conditions json,
    required boolean DEFAULT false,
    "group" character varying(64),
    validation json,
    validation_message text,
    searchable boolean DEFAULT true NOT NULL
);


ALTER TABLE public.directus_fields OWNER TO postgres;

--
-- Name: directus_fields_id_seq; Type: SEQUENCE; Schema: public; Owner: postgres
--

CREATE SEQUENCE public.directus_fields_id_seq
    AS integer
    START WITH 1
    INCREMENT BY 1
    NO MINVALUE
    NO MAXVALUE
    CACHE 1;


ALTER TABLE public.directus_fields_id_seq OWNER TO postgres;

--
-- Name: directus_fields_id_seq; Type: SEQUENCE OWNED BY; Schema: public; Owner: postgres
--

ALTER SEQUENCE public.directus_fields_id_seq OWNED BY public.directus_fields.id;


--
-- Name: directus_files; Type: TABLE; Schema: public; Owner: postgres
--

CREATE TABLE public.directus_files (
    id uuid NOT NULL,
    storage character varying(255) NOT NULL,
    filename_disk character varying(255),
    filename_download character varying(255) NOT NULL,
    title character varying(255),
    type character varying(255),
    folder uuid,
    uploaded_by uuid,
    created_on timestamp with time zone DEFAULT CURRENT_TIMESTAMP NOT NULL,
    modified_by uuid,
    modified_on timestamp with time zone DEFAULT CURRENT_TIMESTAMP NOT NULL,
    charset character varying(50),
    filesize bigint,
    width integer,
    height integer,
    duration integer,
    embed character varying(200),
    description text,
    location text,
    tags text,
    metadata json,
    focal_point_x integer,
    focal_point_y integer,
    tus_id character varying(64),
    tus_data json,
    uploaded_on timestamp with time zone
);


ALTER TABLE public.directus_files OWNER TO postgres;

--
-- Name: directus_flows; Type: TABLE; Schema: public; Owner: postgres
--

CREATE TABLE public.directus_flows (
    id uuid NOT NULL,
    name character varying(255) NOT NULL,
    icon character varying(64),
    color character varying(255),
    description text,
    status character varying(255) DEFAULT 'active'::character varying NOT NULL,
    trigger character varying(255),
    accountability character varying(255) DEFAULT 'all'::character varying,
    options json,
    operation uuid,
    date_created timestamp with time zone DEFAULT CURRENT_TIMESTAMP,
    user_created uuid
);


ALTER TABLE public.directus_flows OWNER TO postgres;

--
-- Name: directus_folders; Type: TABLE; Schema: public; Owner: postgres
--

CREATE TABLE public.directus_folders (
    id uuid NOT NULL,
    name character varying(255) NOT NULL,
    parent uuid
);


ALTER TABLE public.directus_folders OWNER TO postgres;

--
-- Name: directus_migrations; Type: TABLE; Schema: public; Owner: postgres
--

CREATE TABLE public.directus_migrations (
    version character varying(255) NOT NULL,
    name character varying(255) NOT NULL,
    "timestamp" timestamp with time zone DEFAULT CURRENT_TIMESTAMP
);


ALTER TABLE public.directus_migrations OWNER TO postgres;

--
-- Name: directus_notifications; Type: TABLE; Schema: public; Owner: postgres
--

CREATE TABLE public.directus_notifications (
    id integer NOT NULL,
    "timestamp" timestamp with time zone DEFAULT CURRENT_TIMESTAMP,
    status character varying(255) DEFAULT 'inbox'::character varying,
    recipient uuid NOT NULL,
    sender uuid,
    subject character varying(255) NOT NULL,
    message text,
    collection character varying(64),
    item character varying(255)
);


ALTER TABLE public.directus_notifications OWNER TO postgres;

--
-- Name: directus_notifications_id_seq; Type: SEQUENCE; Schema: public; Owner: postgres
--

CREATE SEQUENCE public.directus_notifications_id_seq
    AS integer
    START WITH 1
    INCREMENT BY 1
    NO MINVALUE
    NO MAXVALUE
    CACHE 1;


ALTER TABLE public.directus_notifications_id_seq OWNER TO postgres;

--
-- Name: directus_notifications_id_seq; Type: SEQUENCE OWNED BY; Schema: public; Owner: postgres
--

ALTER SEQUENCE public.directus_notifications_id_seq OWNED BY public.directus_notifications.id;


--
-- Name: directus_operations; Type: TABLE; Schema: public; Owner: postgres
--

CREATE TABLE public.directus_operations (
    id uuid NOT NULL,
    name character varying(255),
    key character varying(255) NOT NULL,
    type character varying(255) NOT NULL,
    position_x integer NOT NULL,
    position_y integer NOT NULL,
    options json,
    resolve uuid,
    reject uuid,
    flow uuid NOT NULL,
    date_created timestamp with time zone DEFAULT CURRENT_TIMESTAMP,
    user_created uuid
);


ALTER TABLE public.directus_operations OWNER TO postgres;

--
-- Name: directus_panels; Type: TABLE; Schema: public; Owner: postgres
--

CREATE TABLE public.directus_panels (
    id uuid NOT NULL,
    dashboard uuid NOT NULL,
    name character varying(255),
    icon character varying(64) DEFAULT NULL::character varying,
    color character varying(10),
    show_header boolean DEFAULT false NOT NULL,
    note text,
    type character varying(255) NOT NULL,
    position_x integer NOT NULL,
    position_y integer NOT NULL,
    width integer NOT NULL,
    height integer NOT NULL,
    options json,
    date_created timestamp with time zone DEFAULT CURRENT_TIMESTAMP,
    user_created uuid
);


ALTER TABLE public.directus_panels OWNER TO postgres;

--
-- Name: directus_permissions; Type: TABLE; Schema: public; Owner: postgres
--

CREATE TABLE public.directus_permissions (
    id integer NOT NULL,
    collection character varying(64) NOT NULL,
    action character varying(10) NOT NULL,
    permissions json,
    validation json,
    presets json,
    fields text,
    policy uuid NOT NULL
);


ALTER TABLE public.directus_permissions OWNER TO postgres;

--
-- Name: directus_permissions_id_seq; Type: SEQUENCE; Schema: public; Owner: postgres
--

CREATE SEQUENCE public.directus_permissions_id_seq
    AS integer
    START WITH 1
    INCREMENT BY 1
    NO MINVALUE
    NO MAXVALUE
    CACHE 1;


ALTER TABLE public.directus_permissions_id_seq OWNER TO postgres;

--
-- Name: directus_permissions_id_seq; Type: SEQUENCE OWNED BY; Schema: public; Owner: postgres
--

ALTER SEQUENCE public.directus_permissions_id_seq OWNED BY public.directus_permissions.id;


--
-- Name: directus_policies; Type: TABLE; Schema: public; Owner: postgres
--

CREATE TABLE public.directus_policies (
    id uuid NOT NULL,
    name character varying(100) NOT NULL,
    icon character varying(64) DEFAULT 'badge'::character varying NOT NULL,
    description text,
    ip_access text,
    enforce_tfa boolean DEFAULT false NOT NULL,
    admin_access boolean DEFAULT false NOT NULL,
    app_access boolean DEFAULT false NOT NULL
);


ALTER TABLE public.directus_policies OWNER TO postgres;

--
-- Name: directus_presets; Type: TABLE; Schema: public; Owner: postgres
--

CREATE TABLE public.directus_presets (
    id integer NOT NULL,
    bookmark character varying(255),
    "user" uuid,
    role uuid,
    collection character varying(64),
    search character varying(100),
    layout character varying(100) DEFAULT 'tabular'::character varying,
    layout_query json,
    layout_options json,
    refresh_interval integer,
    filter json,
    icon character varying(64) DEFAULT 'bookmark'::character varying,
    color character varying(255)
);


ALTER TABLE public.directus_presets OWNER TO postgres;

--
-- Name: directus_presets_id_seq; Type: SEQUENCE; Schema: public; Owner: postgres
--

CREATE SEQUENCE public.directus_presets_id_seq
    AS integer
    START WITH 1
    INCREMENT BY 1
    NO MINVALUE
    NO MAXVALUE
    CACHE 1;


ALTER TABLE public.directus_presets_id_seq OWNER TO postgres;

--
-- Name: directus_presets_id_seq; Type: SEQUENCE OWNED BY; Schema: public; Owner: postgres
--

ALTER SEQUENCE public.directus_presets_id_seq OWNED BY public.directus_presets.id;


--
-- Name: directus_relations; Type: TABLE; Schema: public; Owner: postgres
--

CREATE TABLE public.directus_relations (
    id integer NOT NULL,
    many_collection character varying(64) NOT NULL,
    many_field character varying(64) NOT NULL,
    one_collection character varying(64),
    one_field character varying(64),
    one_collection_field character varying(64),
    one_allowed_collections text,
    junction_field character varying(64),
    sort_field character varying(64),
    one_deselect_action character varying(255) DEFAULT 'nullify'::character varying NOT NULL
);


ALTER TABLE public.directus_relations OWNER TO postgres;

--
-- Name: directus_relations_id_seq; Type: SEQUENCE; Schema: public; Owner: postgres
--

CREATE SEQUENCE public.directus_relations_id_seq
    AS integer
    START WITH 1
    INCREMENT BY 1
    NO MINVALUE
    NO MAXVALUE
    CACHE 1;


ALTER TABLE public.directus_relations_id_seq OWNER TO postgres;

--
-- Name: directus_relations_id_seq; Type: SEQUENCE OWNED BY; Schema: public; Owner: postgres
--

ALTER SEQUENCE public.directus_relations_id_seq OWNED BY public.directus_relations.id;


--
-- Name: directus_revisions; Type: TABLE; Schema: public; Owner: postgres
--

CREATE TABLE public.directus_revisions (
    id integer NOT NULL,
    activity integer NOT NULL,
    collection character varying(64) NOT NULL,
    item character varying(255) NOT NULL,
    data json,
    delta json,
    parent integer,
    version uuid
);


ALTER TABLE public.directus_revisions OWNER TO postgres;

--
-- Name: directus_revisions_id_seq; Type: SEQUENCE; Schema: public; Owner: postgres
--

CREATE SEQUENCE public.directus_revisions_id_seq
    AS integer
    START WITH 1
    INCREMENT BY 1
    NO MINVALUE
    NO MAXVALUE
    CACHE 1;


ALTER TABLE public.directus_revisions_id_seq OWNER TO postgres;

--
-- Name: directus_revisions_id_seq; Type: SEQUENCE OWNED BY; Schema: public; Owner: postgres
--

ALTER SEQUENCE public.directus_revisions_id_seq OWNED BY public.directus_revisions.id;


--
-- Name: directus_roles; Type: TABLE; Schema: public; Owner: postgres
--

CREATE TABLE public.directus_roles (
    id uuid NOT NULL,
    name character varying(100) NOT NULL,
    icon character varying(64) DEFAULT 'supervised_user_circle'::character varying NOT NULL,
    description text,
    parent uuid
);


ALTER TABLE public.directus_roles OWNER TO postgres;

--
-- Name: directus_sessions; Type: TABLE; Schema: public; Owner: postgres
--

CREATE TABLE public.directus_sessions (
    token character varying(64) NOT NULL,
    "user" uuid,
    expires timestamp with time zone NOT NULL,
    ip character varying(255),
    user_agent text,
    share uuid,
    origin character varying(255),
    next_token character varying(64)
);


ALTER TABLE public.directus_sessions OWNER TO postgres;

--
-- Name: directus_settings; Type: TABLE; Schema: public; Owner: postgres
--

CREATE TABLE public.directus_settings (
    id integer NOT NULL,
    project_name character varying(100) DEFAULT 'Directus'::character varying NOT NULL,
    project_url character varying(255),
    project_color character varying(255) DEFAULT '#6644FF'::character varying NOT NULL,
    project_logo uuid,
    public_foreground uuid,
    public_background uuid,
    public_note text,
    auth_login_attempts integer DEFAULT 25,
    auth_password_policy character varying(100),
    storage_asset_transform character varying(7) DEFAULT 'all'::character varying,
    storage_asset_presets json,
    custom_css text,
    storage_default_folder uuid,
    basemaps json,
    mapbox_key character varying(255),
    module_bar json,
    project_descriptor character varying(100),
    default_language character varying(255) DEFAULT 'en-US'::character varying NOT NULL,
    custom_aspect_ratios json,
    public_favicon uuid,
    default_appearance character varying(255) DEFAULT 'auto'::character varying NOT NULL,
    default_theme_light character varying(255),
    theme_light_overrides json,
    default_theme_dark character varying(255),
    theme_dark_overrides json,
    report_error_url character varying(255),
    report_bug_url character varying(255),
    report_feature_url character varying(255),
    public_registration boolean DEFAULT false NOT NULL,
    public_registration_verify_email boolean DEFAULT true NOT NULL,
    public_registration_role uuid,
    public_registration_email_filter json,
    visual_editor_urls json,
    project_id uuid,
    mcp_enabled boolean DEFAULT false NOT NULL,
    mcp_allow_deletes boolean DEFAULT false NOT NULL,
    mcp_prompts_collection character varying(255) DEFAULT NULL::character varying,
    mcp_system_prompt_enabled boolean DEFAULT true NOT NULL,
    mcp_system_prompt text,
    project_owner character varying(255),
    project_usage character varying(255),
    org_name character varying(255),
    product_updates boolean,
    project_status character varying(255),
    ai_openai_api_key text,
    ai_anthropic_api_key text,
    ai_system_prompt text
);


ALTER TABLE public.directus_settings OWNER TO postgres;

--
-- Name: directus_settings_id_seq; Type: SEQUENCE; Schema: public; Owner: postgres
--

CREATE SEQUENCE public.directus_settings_id_seq
    AS integer
    START WITH 1
    INCREMENT BY 1
    NO MINVALUE
    NO MAXVALUE
    CACHE 1;


ALTER TABLE public.directus_settings_id_seq OWNER TO postgres;

--
-- Name: directus_settings_id_seq; Type: SEQUENCE OWNED BY; Schema: public; Owner: postgres
--

ALTER SEQUENCE public.directus_settings_id_seq OWNED BY public.directus_settings.id;


--
-- Name: directus_shares; Type: TABLE; Schema: public; Owner: postgres
--

CREATE TABLE public.directus_shares (
    id uuid NOT NULL,
    name character varying(255),
    collection character varying(64) NOT NULL,
    item character varying(255) NOT NULL,
    role uuid,
    password character varying(255),
    user_created uuid,
    date_created timestamp with time zone DEFAULT CURRENT_TIMESTAMP,
    date_start timestamp with time zone,
    date_end timestamp with time zone,
    times_used integer DEFAULT 0,
    max_uses integer
);


ALTER TABLE public.directus_shares OWNER TO postgres;

--
-- Name: directus_translations; Type: TABLE; Schema: public; Owner: postgres
--

CREATE TABLE public.directus_translations (
    id uuid NOT NULL,
    language character varying(255) NOT NULL,
    key character varying(255) NOT NULL,
    value text NOT NULL
);


ALTER TABLE public.directus_translations OWNER TO postgres;

--
-- Name: directus_users; Type: TABLE; Schema: public; Owner: postgres
--

CREATE TABLE public.directus_users (
    id uuid NOT NULL,
    first_name character varying(50),
    last_name character varying(50),
    email character varying(128),
    password character varying(255),
    location character varying(255),
    title character varying(50),
    description text,
    tags json,
    avatar uuid,
    language character varying(255) DEFAULT NULL::character varying,
    tfa_secret character varying(255),
    status character varying(16) DEFAULT 'active'::character varying NOT NULL,
    role uuid,
    token character varying(255),
    last_access timestamp with time zone,
    last_page character varying(255),
    provider character varying(128) DEFAULT 'default'::character varying NOT NULL,
    external_identifier character varying(255),
    auth_data json,
    email_notifications boolean DEFAULT true,
    appearance character varying(255),
    theme_dark character varying(255),
    theme_light character varying(255),
    theme_light_overrides json,
    theme_dark_overrides json,
    text_direction character varying(255) DEFAULT 'auto'::character varying NOT NULL
);


ALTER TABLE public.directus_users OWNER TO postgres;

--
-- Name: directus_versions; Type: TABLE; Schema: public; Owner: postgres
--

CREATE TABLE public.directus_versions (
    id uuid NOT NULL,
    key character varying(64) NOT NULL,
    name character varying(255),
    collection character varying(64) NOT NULL,
    item character varying(255) NOT NULL,
    hash character varying(255),
    date_created timestamp with time zone DEFAULT CURRENT_TIMESTAMP,
    date_updated timestamp with time zone DEFAULT CURRENT_TIMESTAMP,
    user_created uuid,
    user_updated uuid,
    delta json
);


ALTER TABLE public.directus_versions OWNER TO postgres;

--
-- Name: invites; Type: TABLE; Schema: public; Owner: directus
--

CREATE TABLE public.invites (
    id integer NOT NULL,
    code character varying(255),
    team integer,
    email character varying(255),
    expires_at timestamp without time zone,
    role character varying(255),
    status character varying(255) DEFAULT 'pending'::character varying
);


ALTER TABLE public.invites OWNER TO directus;

--
-- Name: invites_id_seq; Type: SEQUENCE; Schema: public; Owner: directus
--

CREATE SEQUENCE public.invites_id_seq
    AS integer
    START WITH 1
    INCREMENT BY 1
    NO MINVALUE
    NO MAXVALUE
    CACHE 1;


ALTER TABLE public.invites_id_seq OWNER TO directus;

--
-- Name: invites_id_seq; Type: SEQUENCE OWNED BY; Schema: public; Owner: directus
--

ALTER SEQUENCE public.invites_id_seq OWNED BY public.invites.id;


--
-- Name: memberships; Type: TABLE; Schema: public; Owner: directus
--

CREATE TABLE public.memberships (
    id integer NOT NULL,
    "user" integer,
    team integer,
    role character varying(255),
    email_alerts_enabled boolean DEFAULT true
);


ALTER TABLE public.memberships OWNER TO directus;

--
-- Name: memberships_id_seq; Type: SEQUENCE; Schema: public; Owner: directus
--

CREATE SEQUENCE public.memberships_id_seq
    AS integer
    START WITH 1
    INCREMENT BY 1
    NO MINVALUE
    NO MAXVALUE
    CACHE 1;


ALTER TABLE public.memberships_id_seq OWNER TO directus;

--
-- Name: memberships_id_seq; Type: SEQUENCE OWNED BY; Schema: public; Owner: directus
--

ALTER SEQUENCE public.memberships_id_seq OWNED BY public.memberships.id;


--
-- Name: notes; Type: TABLE; Schema: public; Owner: directus
--

CREATE TABLE public.notes (
    id integer NOT NULL,
    content text,
    reagent integer,
    author integer,
    team integer
);


ALTER TABLE public.notes OWNER TO directus;

--
-- Name: notes_id_seq; Type: SEQUENCE; Schema: public; Owner: directus
--

CREATE SEQUENCE public.notes_id_seq
    AS integer
    START WITH 1
    INCREMENT BY 1
    NO MINVALUE
    NO MAXVALUE
    CACHE 1;


ALTER TABLE public.notes_id_seq OWNER TO directus;

--
-- Name: notes_id_seq; Type: SEQUENCE OWNED BY; Schema: public; Owner: directus
--

ALTER SEQUENCE public.notes_id_seq OWNED BY public.notes.id;


--
-- Name: oauth_accounts; Type: TABLE; Schema: public; Owner: postgres
--

CREATE TABLE public.oauth_accounts (
    id uuid NOT NULL,
    user_id uuid NOT NULL,
    provider text NOT NULL,
    provider_account_id text NOT NULL,
    created_at timestamp with time zone DEFAULT now() NOT NULL
);


ALTER TABLE public.oauth_accounts OWNER TO postgres;

--
-- Name: push_subscriptions; Type: TABLE; Schema: public; Owner: directus
--

CREATE TABLE public.push_subscriptions (
    id integer NOT NULL,
    "user" integer,
    endpoint text,
    keys json
);


ALTER TABLE public.push_subscriptions OWNER TO directus;

--
-- Name: push_subscriptions_id_seq; Type: SEQUENCE; Schema: public; Owner: directus
--

CREATE SEQUENCE public.push_subscriptions_id_seq
    AS integer
    START WITH 1
    INCREMENT BY 1
    NO MINVALUE
    NO MAXVALUE
    CACHE 1;


ALTER TABLE public.push_subscriptions_id_seq OWNER TO directus;

--
-- Name: push_subscriptions_id_seq; Type: SEQUENCE OWNED BY; Schema: public; Owner: directus
--

ALTER SEQUENCE public.push_subscriptions_id_seq OWNED BY public.push_subscriptions.id;


--
-- Name: reagents; Type: TABLE; Schema: public; Owner: directus
--

CREATE TABLE public.reagents (
    id integer NOT NULL,
    name character varying(255),
    cas_number character varying(255),
    expiry_date date,
    location character varying(255),
    team integer,
    notes text,
    quantity character varying(255),
    category character varying(255) DEFAULT 'reagents'::character varying,
    lot_number character varying(255),
    received_date date,
    is_archived boolean DEFAULT false,
    snoozed_until timestamp without time zone,
    dismissed_until timestamp without time zone
);


ALTER TABLE public.reagents OWNER TO directus;

--
-- Name: reagents_id_seq; Type: SEQUENCE; Schema: public; Owner: directus
--

CREATE SEQUENCE public.reagents_id_seq
    AS integer
    START WITH 1
    INCREMENT BY 1
    NO MINVALUE
    NO MAXVALUE
    CACHE 1;


ALTER TABLE public.reagents_id_seq OWNER TO directus;

--
-- Name: reagents_id_seq; Type: SEQUENCE OWNED BY; Schema: public; Owner: directus
--

ALTER SEQUENCE public.reagents_id_seq OWNED BY public.reagents.id;


--
-- Name: session; Type: TABLE; Schema: public; Owner: postgres
--

CREATE TABLE public.session (
    sid character varying NOT NULL,
    sess json NOT NULL,
    expire timestamp(6) without time zone NOT NULL
);


ALTER TABLE public.session OWNER TO postgres;

--
-- Name: settings; Type: TABLE; Schema: public; Owner: directus
--

CREATE TABLE public.settings (
    id integer NOT NULL,
    "user" integer,
    key character varying(255),
    value json,
    team integer,
    enabled boolean DEFAULT true,
    remind_in_days integer DEFAULT 30,
    last_sent timestamp without time zone
);


ALTER TABLE public.settings OWNER TO directus;

--
-- Name: settings_id_seq; Type: SEQUENCE; Schema: public; Owner: directus
--

CREATE SEQUENCE public.settings_id_seq
    AS integer
    START WITH 1
    INCREMENT BY 1
    NO MINVALUE
    NO MAXVALUE
    CACHE 1;


ALTER TABLE public.settings_id_seq OWNER TO directus;

--
-- Name: settings_id_seq; Type: SEQUENCE OWNED BY; Schema: public; Owner: directus
--

ALTER SEQUENCE public.settings_id_seq OWNED BY public.settings.id;


--
-- Name: teams; Type: TABLE; Schema: public; Owner: directus
--

CREATE TABLE public.teams (
    id integer NOT NULL,
    name character varying(255),
    owner integer,
    access_password_hash text,
    password_reset_token character varying(255),
    password_reset_expires_at timestamp without time zone
);


ALTER TABLE public.teams OWNER TO directus;

--
-- Name: teams_id_seq; Type: SEQUENCE; Schema: public; Owner: directus
--

CREATE SEQUENCE public.teams_id_seq
    AS integer
    START WITH 1
    INCREMENT BY 1
    NO MINVALUE
    NO MAXVALUE
    CACHE 1;


ALTER TABLE public.teams_id_seq OWNER TO directus;

--
-- Name: teams_id_seq; Type: SEQUENCE OWNED BY; Schema: public; Owner: directus
--

ALTER SEQUENCE public.teams_id_seq OWNED BY public.teams.id;


--
-- Name: users; Type: TABLE; Schema: public; Owner: postgres
--

CREATE TABLE public.users (
    id uuid NOT NULL,
    email text NOT NULL,
    name text,
    password_hash text,
    created_at timestamp with time zone DEFAULT now() NOT NULL
);


ALTER TABLE public.users OWNER TO postgres;

--
-- Name: dead_letters; Type: TABLE; Schema: second_brain; Owner: postgres
--

CREATE TABLE second_brain.dead_letters (
    event_id uuid NOT NULL,
    first_failed_at timestamp with time zone DEFAULT now() NOT NULL,
    last_failed_at timestamp with time zone DEFAULT now() NOT NULL,
    failure_count integer DEFAULT 1 NOT NULL,
    last_error text NOT NULL,
    envelope jsonb DEFAULT '{}'::jsonb NOT NULL
);


ALTER TABLE second_brain.dead_letters OWNER TO postgres;

--
-- Name: entities; Type: TABLE; Schema: second_brain; Owner: postgres
--

CREATE TABLE second_brain.entities (
    entity_id uuid DEFAULT gen_random_uuid() NOT NULL,
    entity_type text NOT NULL,
    name text NOT NULL,
    natural_key text NOT NULL,
    external_ref text,
    properties jsonb DEFAULT '{}'::jsonb NOT NULL,
    status text DEFAULT 'active'::text NOT NULL,
    created_at timestamp with time zone DEFAULT now() NOT NULL,
    updated_at timestamp with time zone DEFAULT now() NOT NULL,
    CONSTRAINT entities_status_check CHECK ((status = ANY (ARRAY['active'::text, 'deprecated'::text])))
);


ALTER TABLE second_brain.entities OWNER TO postgres;

--
-- Name: import_entities; Type: TABLE; Schema: second_brain; Owner: postgres
--

CREATE TABLE second_brain.import_entities (
    raw text NOT NULL,
    imported_at timestamp with time zone DEFAULT now() NOT NULL
);


ALTER TABLE second_brain.import_entities OWNER TO postgres;

--
-- Name: import_memories; Type: TABLE; Schema: second_brain; Owner: postgres
--

CREATE TABLE second_brain.import_memories (
    raw text NOT NULL,
    imported_at timestamp with time zone DEFAULT now() NOT NULL
);


ALTER TABLE second_brain.import_memories OWNER TO postgres;

--
-- Name: import_relationships; Type: TABLE; Schema: second_brain; Owner: postgres
--

CREATE TABLE second_brain.import_relationships (
    raw text NOT NULL,
    imported_at timestamp with time zone DEFAULT now() NOT NULL
);


ALTER TABLE second_brain.import_relationships OWNER TO postgres;

--
-- Name: memory_records; Type: TABLE; Schema: second_brain; Owner: postgres
--

CREATE TABLE second_brain.memory_records (
    memory_id uuid DEFAULT gen_random_uuid() NOT NULL,
    title text NOT NULL,
    content text NOT NULL,
    source_path_or_url text,
    entity_refs uuid[] DEFAULT ARRAY[]::uuid[] NOT NULL,
    tags text[] DEFAULT ARRAY[]::text[] NOT NULL,
    confidence_score numeric(4,3) DEFAULT 0.700 NOT NULL,
    ttl_policy text DEFAULT 'persistent'::text NOT NULL,
    approval_state text DEFAULT 'proposed'::text NOT NULL,
    change_origin text DEFAULT 'agent'::text NOT NULL,
    is_deprecated boolean DEFAULT false NOT NULL,
    created_at timestamp with time zone DEFAULT now() NOT NULL,
    updated_at timestamp with time zone DEFAULT now() NOT NULL,
    CONSTRAINT memory_records_approval_state_check CHECK ((approval_state = ANY (ARRAY['proposed'::text, 'applied'::text, 'rejected'::text]))),
    CONSTRAINT memory_records_change_origin_check CHECK ((change_origin = ANY (ARRAY['agent'::text, 'human'::text, 'importer'::text]))),
    CONSTRAINT memory_records_confidence_score_check CHECK (((confidence_score >= (0)::numeric) AND (confidence_score <= (1)::numeric))),
    CONSTRAINT memory_records_ttl_policy_check CHECK ((ttl_policy = ANY (ARRAY['persistent'::text, 'review_30d'::text, 'review_90d'::text])))
);


ALTER TABLE second_brain.memory_records OWNER TO postgres;

--
-- Name: reconciliation_reports; Type: TABLE; Schema: second_brain; Owner: postgres
--

CREATE TABLE second_brain.reconciliation_reports (
    report_id uuid DEFAULT gen_random_uuid() NOT NULL,
    generated_at timestamp with time zone DEFAULT now() NOT NULL,
    source_snapshot jsonb NOT NULL,
    missing_in_graph jsonb DEFAULT '[]'::jsonb NOT NULL,
    stale_in_graph jsonb DEFAULT '[]'::jsonb NOT NULL,
    conflicts jsonb DEFAULT '[]'::jsonb NOT NULL,
    auto_fixed jsonb DEFAULT '[]'::jsonb NOT NULL,
    manual_review jsonb DEFAULT '[]'::jsonb NOT NULL,
    summary jsonb DEFAULT '{}'::jsonb NOT NULL
);


ALTER TABLE second_brain.reconciliation_reports OWNER TO postgres;

--
-- Name: relationships; Type: TABLE; Schema: second_brain; Owner: postgres
--

CREATE TABLE second_brain.relationships (
    relationship_id uuid DEFAULT gen_random_uuid() NOT NULL,
    from_entity uuid NOT NULL,
    relation_type text NOT NULL,
    to_entity uuid NOT NULL,
    properties jsonb DEFAULT '{}'::jsonb NOT NULL,
    confidence_score numeric(4,3) DEFAULT 1.000 NOT NULL,
    created_at timestamp with time zone DEFAULT now() NOT NULL,
    updated_at timestamp with time zone DEFAULT now() NOT NULL,
    CONSTRAINT relationships_confidence_score_check CHECK (((confidence_score >= (0)::numeric) AND (confidence_score <= (1)::numeric)))
);


ALTER TABLE second_brain.relationships OWNER TO postgres;

--
-- Name: source_registry; Type: TABLE; Schema: second_brain; Owner: postgres
--

CREATE TABLE second_brain.source_registry (
    source_id text NOT NULL,
    source_type text NOT NULL,
    owner text NOT NULL,
    scan_frequency interval DEFAULT '1 day'::interval NOT NULL,
    health_state text DEFAULT 'unknown'::text NOT NULL,
    schema_version text DEFAULT 'v1'::text NOT NULL,
    last_scan_at timestamp with time zone,
    last_success_at timestamp with time zone,
    last_error text,
    metadata jsonb DEFAULT '{}'::jsonb NOT NULL,
    created_at timestamp with time zone DEFAULT now() NOT NULL,
    updated_at timestamp with time zone DEFAULT now() NOT NULL,
    CONSTRAINT source_registry_health_state_check CHECK ((health_state = ANY (ARRAY['healthy'::text, 'degraded'::text, 'failed'::text, 'unknown'::text]))),
    CONSTRAINT source_registry_source_type_check CHECK ((source_type = ANY (ARRAY['docker'::text, 'caddy'::text, 'n8n'::text, 'shared_context'::text, 'ai_jobs'::text, 'gcloud'::text, 'manual'::text])))
);


ALTER TABLE second_brain.source_registry OWNER TO postgres;

--
-- Name: update_journal; Type: TABLE; Schema: second_brain; Owner: postgres
--

CREATE TABLE second_brain.update_journal (
    event_id uuid DEFAULT gen_random_uuid() NOT NULL,
    journal_offset bigint NOT NULL,
    idempotency_key text NOT NULL,
    trace_id text NOT NULL,
    intent text NOT NULL,
    request jsonb NOT NULL,
    source_id text,
    created_by text DEFAULT 'agent'::text NOT NULL,
    risk_level text DEFAULT 'medium'::text NOT NULL,
    dry_run boolean DEFAULT false NOT NULL,
    state text DEFAULT 'received'::text NOT NULL,
    state_reason text,
    replayable boolean DEFAULT true NOT NULL,
    received_at timestamp with time zone DEFAULT now() NOT NULL,
    applied_at timestamp with time zone,
    updated_at timestamp with time zone DEFAULT now() NOT NULL,
    CONSTRAINT update_journal_intent_check CHECK ((intent = ANY (ARRAY['add_entity'::text, 'link_entities'::text, 'add_memory'::text, 'update_memory'::text, 'deprecate'::text]))),
    CONSTRAINT update_journal_risk_level_check CHECK ((risk_level = ANY (ARRAY['low'::text, 'medium'::text, 'high'::text]))),
    CONSTRAINT update_journal_state_check CHECK ((state = ANY (ARRAY['received'::text, 'proposed'::text, 'applied'::text, 'rejected'::text, 'duplicate'::text, 'dead_letter'::text])))
);


ALTER TABLE second_brain.update_journal OWNER TO postgres;

--
-- Name: update_journal_journal_offset_seq; Type: SEQUENCE; Schema: second_brain; Owner: postgres
--

ALTER TABLE second_brain.update_journal ALTER COLUMN journal_offset ADD GENERATED ALWAYS AS IDENTITY (
    SEQUENCE NAME second_brain.update_journal_journal_offset_seq
    START WITH 1
    INCREMENT BY 1
    NO MINVALUE
    NO MAXVALUE
    CACHE 1
);


--
-- Name: update_outcomes; Type: TABLE; Schema: second_brain; Owner: postgres
--

CREATE TABLE second_brain.update_outcomes (
    outcome_id bigint NOT NULL,
    event_id uuid NOT NULL,
    outcome_state text NOT NULL,
    code text NOT NULL,
    message text NOT NULL,
    payload jsonb DEFAULT '{}'::jsonb NOT NULL,
    created_at timestamp with time zone DEFAULT now() NOT NULL
);


ALTER TABLE second_brain.update_outcomes OWNER TO postgres;

--
-- Name: update_outcomes_outcome_id_seq; Type: SEQUENCE; Schema: second_brain; Owner: postgres
--

ALTER TABLE second_brain.update_outcomes ALTER COLUMN outcome_id ADD GENERATED ALWAYS AS IDENTITY (
    SEQUENCE NAME second_brain.update_outcomes_outcome_id_seq
    START WITH 1
    INCREMENT BY 1
    NO MINVALUE
    NO MAXVALUE
    CACHE 1
);


--
-- Name: v_event_status; Type: VIEW; Schema: second_brain; Owner: postgres
--

CREATE VIEW second_brain.v_event_status AS
 SELECT j.event_id,
    j.journal_offset,
    j.intent,
    j.risk_level,
    j.state,
    j.state_reason,
    j.replayable,
    j.received_at,
    j.applied_at,
    j.trace_id,
    j.idempotency_key,
    ( SELECT o.code
           FROM second_brain.update_outcomes o
          WHERE (o.event_id = j.event_id)
          ORDER BY o.created_at DESC
         LIMIT 1) AS last_code
   FROM second_brain.update_journal j
  ORDER BY j.received_at DESC;


ALTER TABLE second_brain.v_event_status OWNER TO postgres;

--
-- Name: app_users id; Type: DEFAULT; Schema: public; Owner: directus
--

ALTER TABLE ONLY public.app_users ALTER COLUMN id SET DEFAULT nextval('public.app_users_id_seq'::regclass);


--
-- Name: directus_activity id; Type: DEFAULT; Schema: public; Owner: postgres
--

ALTER TABLE ONLY public.directus_activity ALTER COLUMN id SET DEFAULT nextval('public.directus_activity_id_seq'::regclass);


--
-- Name: directus_fields id; Type: DEFAULT; Schema: public; Owner: postgres
--

ALTER TABLE ONLY public.directus_fields ALTER COLUMN id SET DEFAULT nextval('public.directus_fields_id_seq'::regclass);


--
-- Name: directus_notifications id; Type: DEFAULT; Schema: public; Owner: postgres
--

ALTER TABLE ONLY public.directus_notifications ALTER COLUMN id SET DEFAULT nextval('public.directus_notifications_id_seq'::regclass);


--
-- Name: directus_permissions id; Type: DEFAULT; Schema: public; Owner: postgres
--

ALTER TABLE ONLY public.directus_permissions ALTER COLUMN id SET DEFAULT nextval('public.directus_permissions_id_seq'::regclass);


--
-- Name: directus_presets id; Type: DEFAULT; Schema: public; Owner: postgres
--

ALTER TABLE ONLY public.directus_presets ALTER COLUMN id SET DEFAULT nextval('public.directus_presets_id_seq'::regclass);


--
-- Name: directus_relations id; Type: DEFAULT; Schema: public; Owner: postgres
--

ALTER TABLE ONLY public.directus_relations ALTER COLUMN id SET DEFAULT nextval('public.directus_relations_id_seq'::regclass);


--
-- Name: directus_revisions id; Type: DEFAULT; Schema: public; Owner: postgres
--

ALTER TABLE ONLY public.directus_revisions ALTER COLUMN id SET DEFAULT nextval('public.directus_revisions_id_seq'::regclass);


--
-- Name: directus_settings id; Type: DEFAULT; Schema: public; Owner: postgres
--

ALTER TABLE ONLY public.directus_settings ALTER COLUMN id SET DEFAULT nextval('public.directus_settings_id_seq'::regclass);


--
-- Name: invites id; Type: DEFAULT; Schema: public; Owner: directus
--

ALTER TABLE ONLY public.invites ALTER COLUMN id SET DEFAULT nextval('public.invites_id_seq'::regclass);


--
-- Name: memberships id; Type: DEFAULT; Schema: public; Owner: directus
--

ALTER TABLE ONLY public.memberships ALTER COLUMN id SET DEFAULT nextval('public.memberships_id_seq'::regclass);


--
-- Name: notes id; Type: DEFAULT; Schema: public; Owner: directus
--

ALTER TABLE ONLY public.notes ALTER COLUMN id SET DEFAULT nextval('public.notes_id_seq'::regclass);


--
-- Name: push_subscriptions id; Type: DEFAULT; Schema: public; Owner: directus
--

ALTER TABLE ONLY public.push_subscriptions ALTER COLUMN id SET DEFAULT nextval('public.push_subscriptions_id_seq'::regclass);


--
-- Name: reagents id; Type: DEFAULT; Schema: public; Owner: directus
--

ALTER TABLE ONLY public.reagents ALTER COLUMN id SET DEFAULT nextval('public.reagents_id_seq'::regclass);


--
-- Name: settings id; Type: DEFAULT; Schema: public; Owner: directus
--

ALTER TABLE ONLY public.settings ALTER COLUMN id SET DEFAULT nextval('public.settings_id_seq'::regclass);


--
-- Name: teams id; Type: DEFAULT; Schema: public; Owner: directus
--

ALTER TABLE ONLY public.teams ALTER COLUMN id SET DEFAULT nextval('public.teams_id_seq'::regclass);


--
-- Data for Name: bank_rows; Type: TABLE DATA; Schema: crm; Owner: postgres
--

COPY crm.bank_rows (id, import_batch_id, date, amount, counterparty, memo, category_id, note, matched_transaction_id, pdf_file, created_at, updated_at) FROM stdin;
\.


--
-- Data for Name: categories; Type: TABLE DATA; Schema: crm; Owner: postgres
--

COPY crm.categories (id, name, direction, active, created_at, updated_at) FROM stdin;
39db30cd-0fd4-46e8-a4eb-d916ca84187a	תרומה	income	t	2026-02-02 04:25:39.820271+00	2026-02-02 04:25:39.820271+00
92ee417a-dee4-47c3-b73f-77cf6cead52f	שירות/סדנה	income	t	2026-02-02 04:25:39.820271+00	2026-02-02 04:25:39.820271+00
94ec36de-1724-49cf-b753-1574449f2970	שכירות	expense	t	2026-02-02 04:25:39.820271+00	2026-02-02 04:25:39.820271+00
541ec2b1-8fd8-481f-9b22-fc4d95eb343d	פרסום	expense	t	2026-02-02 04:25:39.820271+00	2026-02-02 04:25:39.820271+00
\.


--
-- Data for Name: contact_tags; Type: TABLE DATA; Schema: crm; Owner: postgres
--

COPY crm.contact_tags (id, contact_id, tag_id, created_at) FROM stdin;
\.


--
-- Data for Name: contacts; Type: TABLE DATA; Schema: crm; Owner: postgres
--

COPY crm.contacts (id, full_name, phone_raw, phone_e164, email, status, id_number, notes, created_at, updated_at) FROM stdin;
66617bfd-03d4-4177-9b59-32be6933dd06	Test One	\N	+972500000000	\N	active	\N	\N	2026-02-02 04:20:51.332455+00	2026-02-02 04:20:51.332455+00
e44a3b63-6297-45ec-9e00-e2790aeb32ef	Temp2 Workflow	0508887766	+972508887766	\N	active	\N	temp2 test	2026-02-02 04:57:54.283117+00	2026-02-02 04:57:54.283117+00
9f3be146-f320-455f-8a8e-c40dfba00f29	Prod Workflow	0504443322	+972504443322	\N	active	\N	prod test	2026-02-02 04:58:45.131392+00	2026-02-02 04:58:45.131392+00
f541e505-fdaa-4e40-bf58-17dfda302271	Final Check	0502221110	+972502221110	\N	active	\N	\N	2026-02-02 05:02:23.698431+00	2026-02-02 05:02:23.698431+00
fa9ffe48-877f-4358-8e49-6d61ae002f74	Temp3 Workflow	0506665544	+972506665544	\N	active	\N	\N	2026-02-02 05:04:28.003931+00	2026-02-02 05:04:28.003931+00
05410206-a12e-4290-bfbc-7f1fce3cd359	Prod3 Workflow	0501012020	+972501012020	\N	active	\N	\N	2026-02-02 05:05:23.540791+00	2026-02-02 05:05:23.540791+00
84ad4bac-94b5-4270-8197-0713ddeba7d3	Resume Check	0501012345	+972501012345	\N	active	\N	resume-session-check	2026-02-02 05:33:39.123348+00	2026-02-02 05:33:39.123348+00
\.


--
-- Data for Name: interactions; Type: TABLE DATA; Schema: crm; Owner: postgres
--

COPY crm.interactions (id, contact_id, type, status, category_id, summary, next_action_at, created_at, created_by) FROM stdin;
\.


--
-- Data for Name: payment_events_raw; Type: TABLE DATA; Schema: crm; Owner: postgres
--

COPY crm.payment_events_raw (id, provider, received_at, external_ref, payload_json, processed_status, linked_transaction_id, created_at) FROM stdin;
fe814aab-6651-4ac3-a6e6-6a328cdb0427	takbul	2026-02-02 04:57:54.318732+00	takbul-temp2-1770008273	{"phone": "0508887766", "amount": 77.7, "currency": "ILS", "description": "temp2 test", "customer_name": "Temp2 Workflow", "transaction_id": "takbul-temp2-1770008273"}	processed	6d17e3a0-25a0-42d3-8a27-5614e8ca71a9	2026-02-02 04:57:54.318732+00
189c87ed-259f-4cc3-9bb3-afaf0cdd0ebc	takbul	2026-02-02 04:58:45.169142+00	takbul-prod-1770008324	{"phone": "0504443322", "amount": 49.9, "currency": "ILS", "description": "prod test", "customer_name": "Prod Workflow", "transaction_id": "takbul-prod-1770008324"}	processed	a0aaf97f-d5ad-4104-b21d-6444a9e38315	2026-02-02 04:58:45.169142+00
b96b8877-ab5a-446e-b65f-824992cda5e3	takbul	2026-02-02 05:02:23.732304+00	takbul-final-1770008543	{"phone": "0502221110", "amount": 31.2, "currency": "ILS", "customer_name": "Final Check", "transaction_id": "takbul-final-1770008543"}	processed	f4629ddd-a01e-4a0a-8007-bb1dd533a2f2	2026-02-02 05:02:23.732304+00
ec08019d-32f8-4092-88c2-dfa4dab7a86d	takbul	2026-02-02 05:04:28.045633+00	takbul-temp3-1770008667	{"phone": "0506665544", "amount": 12.3, "currency": "ILS", "customer_name": "Temp3 Workflow", "transaction_id": "takbul-temp3-1770008667"}	processed	ba5c0ddd-1bc9-40a7-a7da-5d9e7ee1860e	2026-02-02 05:04:28.045633+00
882f3279-351d-43ed-834d-cc5c371b42da	takbul	2026-02-02 05:05:23.572532+00	takbul-prod3-1770008722	{"phone": "0501012020", "amount": 54.3, "currency": "ILS", "customer_name": "Prod3 Workflow", "transaction_id": "takbul-prod3-1770008722"}	processed	82f8e94e-c363-47eb-accd-7e2dda79c861	2026-02-02 05:05:23.572532+00
09fc1c76-e094-4d08-bde9-94a82b9a3ca9	takbul	2026-02-02 05:33:39.155489+00	takbul-test-1770010418	{"phone": "0501012345", "amount": 88.8, "currency": "ILS", "description": "resume-session-check", "customer_name": "Resume Check", "transaction_id": "takbul-test-1770010418"}	processed	fc89df4a-c450-4fe2-9757-6f9a1eaf7857	2026-02-02 05:33:39.155489+00
d29b951c-58e9-4d34-b388-2b927ac275b8	takbul	2026-02-02 05:33:39.739646+00	takbul-test-1770010418-2	{"phone": "0501012345", "amount": 99.9, "currency": "ILS", "description": "resume-session-check-2", "customer_name": "Resume Check", "transaction_id": "takbul-test-1770010418-2"}	processed	584a3c69-cc81-4bad-819d-443738a2f086	2026-02-02 05:33:39.739646+00
\.


--
-- Data for Name: receipts; Type: TABLE DATA; Schema: crm; Owner: postgres
--

COPY crm.receipts (id, transaction_id, receipt_number, issued_at, pdf_file, section_46, note, created_at, updated_at) FROM stdin;
\.


--
-- Data for Name: tags; Type: TABLE DATA; Schema: crm; Owner: postgres
--

COPY crm.tags (id, name, created_at, updated_at) FROM stdin;
\.


--
-- Data for Name: transactions; Type: TABLE DATA; Schema: crm; Owner: postgres
--

COPY crm.transactions (id, contact_id, direction, amount, currency, date, source, external_ref, category_id, note, status, created_at, updated_at) FROM stdin;
6d17e3a0-25a0-42d3-8a27-5614e8ca71a9	e44a3b63-6297-45ec-9e00-e2790aeb32ef	income	77.70	ILS	2026-02-02 04:57:53.749+00	takbul	takbul-temp2-1770008273	\N	temp2 test	new	2026-02-02 04:57:54.299178+00	2026-02-02 04:57:54.299178+00
a0aaf97f-d5ad-4104-b21d-6444a9e38315	9f3be146-f320-455f-8a8e-c40dfba00f29	income	49.90	ILS	2026-02-02 04:58:44.597+00	takbul	takbul-prod-1770008324	\N	prod test	new	2026-02-02 04:58:45.149879+00	2026-02-02 04:58:45.149879+00
f4629ddd-a01e-4a0a-8007-bb1dd533a2f2	f541e505-fdaa-4e40-bf58-17dfda302271	income	31.20	ILS	2026-02-02 05:02:23.167+00	takbul	takbul-final-1770008543	\N	\N	new	2026-02-02 05:02:23.716837+00	2026-02-02 05:02:23.716837+00
ba5c0ddd-1bc9-40a7-a7da-5d9e7ee1860e	fa9ffe48-877f-4358-8e49-6d61ae002f74	income	12.30	ILS	2026-02-02 05:04:27.472+00	takbul	takbul-temp3-1770008667	\N	\N	new	2026-02-02 05:04:28.021925+00	2026-02-02 05:04:28.021925+00
82f8e94e-c363-47eb-accd-7e2dda79c861	05410206-a12e-4290-bfbc-7f1fce3cd359	income	54.30	ILS	2026-02-02 05:05:23.01+00	takbul	takbul-prod3-1770008722	\N	\N	new	2026-02-02 05:05:23.555853+00	2026-02-02 05:05:23.555853+00
fc89df4a-c450-4fe2-9757-6f9a1eaf7857	84ad4bac-94b5-4270-8197-0713ddeba7d3	income	88.80	ILS	2026-02-02 05:33:38.595+00	takbul	takbul-test-1770010418	\N	resume-session-check	new	2026-02-02 05:33:39.140906+00	2026-02-02 05:33:39.140906+00
584a3c69-cc81-4bad-819d-443738a2f086	84ad4bac-94b5-4270-8197-0713ddeba7d3	income	99.90	ILS	2026-02-02 05:33:39.204+00	takbul	takbul-test-1770010418-2	\N	resume-session-check-2	new	2026-02-02 05:33:39.727988+00	2026-02-02 05:33:39.727988+00
\.


--
-- Data for Name: ActiveAlert; Type: TABLE DATA; Schema: inventory; Owner: postgres
--

COPY inventory."ActiveAlert" (id, "alertRuleId", "entityType", "entityId", severity, status, message, details, "resolvedById", "resolvedAt", "resolutionNotes", "createdAt", "updatedAt") FROM stdin;
cml522zqk010lumifxrwe7o2a	cml522zqe010iumiffj0hmiua	reagent	cml522yei001cumif3ucbwfdi	CRITICAL	IN_PROGRESS	QA Alert 1: CUSTOM triggered	{"qaTest":true,"index":1}	\N	\N	\N	2026-01-31 14:23:53.485	2026-02-02 10:57:48.908
cml522zqm010numifgq47nqu6	cml522zpw010bumifxr0fxqaz	reagent	cml522ygt002wumif53ke8fik	LOW	IN_PROGRESS	QA Alert 2: EXPIRY_WARNING triggered	{"qaTest":true,"index":2}	\N	\N	\N	2026-01-13 02:44:38.806	2026-02-02 10:57:48.911
cml522zqp010pumifidhzsggg	cml522zqh010jumifxf6jghkt	reagent	cml522yfn0026umif6kveddmj	MEDIUM	IN_PROGRESS	QA Alert 3: EXPIRY_WARNING triggered	{"qaTest":true,"index":3}	\N	\N	\N	2026-01-26 00:40:24.92	2026-02-02 10:57:48.913
cml522zqs010rumiftfcjhgkd	cml522zpt010aumifdu3wj89s	reagent	cml522yfv002cumifqa9yp5oe	HIGH	DISMISSED	QA Alert 4: EXPIRY_WARNING triggered	{"qaTest":true,"index":4}	\N	\N	\N	2026-01-06 14:54:10.777	2026-02-02 10:57:48.917
cml522zqv010tumifj6zry1qt	cml522zpz010cumif671tkx3m	reagent	cml522ygb002mumifnwqbuutw	MEDIUM	RESOLVED	QA Alert 5: LOW_STOCK triggered	{"qaTest":true,"index":5}	\N	2026-01-29 16:08:16.959	\N	2026-01-12 23:42:46.183	2026-02-02 10:57:48.919
cml522zqy010vumif9f3gkq7d	cml522zqh010jumifxf6jghkt	reagent	cml522yfk0024umifjm8p5jg9	CRITICAL	NEW	QA Alert 6: EXPIRY_WARNING triggered	{"qaTest":true,"index":6}	\N	\N	\N	2026-01-26 02:44:20.57	2026-02-02 10:57:48.922
cml522zr1010xumifwk02nc9o	cml522zq9010gumifmcvay4tp	reagent	cml522yfv002cumifqa9yp5oe	HIGH	NEW	QA Alert 7: COUNT_REQUIRED triggered	{"qaTest":true,"index":7}	\N	\N	\N	2026-01-06 02:45:34.266	2026-02-02 10:57:48.925
cml522zr4010zumifvv3o2ucd	cml522zpt010aumifdu3wj89s	reagent	cml522ygk002qumifqhs99ncp	CRITICAL	IN_PROGRESS	QA Alert 8: EXPIRY_WARNING triggered	{"qaTest":true,"index":8}	\N	\N	\N	2026-01-04 23:51:30.466	2026-02-02 10:57:48.928
cml522zr60111umifabhnoe1t	cml522zpz010cumif671tkx3m	reagent	cml522ygq002uumif2yplvldv	LOW	DISMISSED	QA Alert 9: LOW_STOCK triggered	{"qaTest":true,"index":9}	\N	\N	\N	2026-01-23 02:17:14.344	2026-02-02 10:57:48.93
cml522zr90113umifn7q7x5eo	cml522zqb010humifnzeyt23m	reagent	cml522yel001eumif2f9rz8wp	HIGH	DISMISSED	QA Alert 10: COA_MISSING triggered	{"qaTest":true,"index":10}	\N	\N	\N	2026-01-14 12:29:32.252	2026-02-02 10:57:48.933
cml522zrc0115umifllni21p6	cml522zpz010cumif671tkx3m	reagent	cml522yef001aumif8pd5emjt	CRITICAL	DISMISSED	QA Alert 11: LOW_STOCK triggered	{"qaTest":true,"index":11}	\N	\N	\N	2026-01-14 17:14:30.822	2026-02-02 10:57:48.936
cml522zre0117umifwt9nmua6	cml522zq4010eumifp73sgq4s	reagent	cml522yfy002eumifr2gw6o4i	LOW	RESOLVED	QA Alert 12: LOW_STOCK triggered	{"qaTest":true,"index":12}	\N	2026-02-01 23:28:00.357	\N	2026-01-31 18:57:23.071	2026-02-02 10:57:48.939
cml522zrh0119umif9s94no4g	cml522zpz010cumif671tkx3m	reagent	cml522yg0002gumif26riua9v	HIGH	RESOLVED	QA Alert 13: LOW_STOCK triggered	{"qaTest":true,"index":13}	\N	2026-02-02 01:57:09.85	\N	2026-01-08 17:11:59.537	2026-02-02 10:57:48.941
cml522zrj011bumiftwl5taq7	cml522zqe010iumiffj0hmiua	reagent	cml522yfn0026umif6kveddmj	CRITICAL	RESOLVED	QA Alert 14: CUSTOM triggered	{"qaTest":true,"index":14}	\N	2026-01-27 10:34:13.712	\N	2026-01-23 03:03:30.46	2026-02-02 10:57:48.944
cml522zrl011dumify6llurf4	cml522zpw010bumifxr0fxqaz	reagent	cml522yen001gumifms17l7ah	MEDIUM	DISMISSED	QA Alert 15: EXPIRY_WARNING triggered	{"qaTest":true,"index":15}	\N	\N	\N	2026-02-01 03:05:38.274	2026-02-02 10:57:48.946
cml522zrn011fumifikuzjbr7	cml522zpz010cumif671tkx3m	reagent	cml522yf3001sumif4pywaqgq	LOW	IN_PROGRESS	QA Alert 16: LOW_STOCK triggered	{"qaTest":true,"index":16}	\N	\N	\N	2026-01-05 01:14:12.719	2026-02-02 10:57:48.948
cml522zrr011humifx7htitn4	cml522zpt010aumifdu3wj89s	reagent	cml522yex001oumifhloh25wn	CRITICAL	RESOLVED	QA Alert 17: EXPIRY_WARNING triggered	{"qaTest":true,"index":17}	\N	2026-01-26 12:09:59.984	\N	2026-01-23 03:59:22.864	2026-02-02 10:57:48.951
cml522zrt011jumif2wdj8pyg	cml522zq9010gumifmcvay4tp	reagent	cml522yft002aumifinudia4u	CRITICAL	RESOLVED	QA Alert 18: COUNT_REQUIRED triggered	{"qaTest":true,"index":18}	\N	2026-01-29 00:12:41.585	\N	2026-01-11 03:32:11.744	2026-02-02 10:57:48.953
cml522zrv011lumif6q4hdjyj	cml522zpw010bumifxr0fxqaz	reagent	cml522ygn002sumif4gmbockp	HIGH	RESOLVED	QA Alert 19: EXPIRY_WARNING triggered	{"qaTest":true,"index":19}	\N	2026-01-30 08:06:08.885	\N	2026-01-30 22:00:06.242	2026-02-02 10:57:48.956
cml522zry011numifq6qj73jq	cml522zqe010iumiffj0hmiua	reagent	cml522yfh0022umifovn10sh7	CRITICAL	NEW	QA Alert 20: CUSTOM triggered	{"qaTest":true,"index":20}	\N	\N	\N	2026-01-27 02:46:32.213	2026-02-02 10:57:48.959
cml522zs2011pumif4kd538vt	cml522zq4010eumifp73sgq4s	reagent	cml522yfh0022umifovn10sh7	CRITICAL	RESOLVED	QA Alert 21: LOW_STOCK triggered	{"qaTest":true,"index":21}	\N	2026-01-29 06:32:06.826	\N	2026-01-23 06:15:18.394	2026-02-02 10:57:48.962
cml522zs4011rumifnsjdjtoz	cml522zqe010iumiffj0hmiua	reagent	cml522yf3001sumif4pywaqgq	HIGH	IN_PROGRESS	QA Alert 22: CUSTOM triggered	{"qaTest":true,"index":22}	\N	\N	\N	2026-01-25 13:24:42.14	2026-02-02 10:57:48.965
cml522zs6011tumiflezocx3m	cml522zqb010humifnzeyt23m	reagent	cml522yes001kumif307qs6ey	MEDIUM	IN_PROGRESS	QA Alert 23: COA_MISSING triggered	{"qaTest":true,"index":23}	\N	\N	\N	2026-01-18 01:16:24.834	2026-02-02 10:57:48.967
cml522zs9011vumif6q1no6wn	cml522zq6010fumifl4pewwrq	reagent	cml522ygk002qumifqhs99ncp	LOW	NEW	QA Alert 24: PENDING_SUPPLY triggered	{"qaTest":true,"index":24}	\N	\N	\N	2026-01-30 02:10:03.534	2026-02-02 10:57:48.969
cml522zsb011xumifo150engq	cml522zqb010humifnzeyt23m	reagent	cml522yes001kumif307qs6ey	LOW	NEW	QA Alert 25: COA_MISSING triggered	{"qaTest":true,"index":25}	\N	\N	\N	2026-01-14 16:54:46.352	2026-02-02 10:57:48.972
cml522zse011zumifg8uk0keg	cml522zqh010jumifxf6jghkt	reagent	cml522yeq001iumifgaii9j95	LOW	NEW	QA Alert 26: EXPIRY_WARNING triggered	{"qaTest":true,"index":26}	\N	\N	\N	2026-01-24 02:48:31.397	2026-02-02 10:57:48.974
cml522zsg0121umift9i64mze	cml522zqh010jumifxf6jghkt	reagent	cml522yg5002iumifrq2jdcpx	LOW	RESOLVED	QA Alert 27: EXPIRY_WARNING triggered	{"qaTest":true,"index":27}	\N	2026-01-26 17:21:07.083	\N	2026-01-03 14:12:18.459	2026-02-02 10:57:48.976
cml522zsi0123umif6va7wvb1	cml522zq1010dumifsxuwyvc6	reagent	cml522ygk002qumifqhs99ncp	MEDIUM	IN_PROGRESS	QA Alert 28: LOW_STOCK triggered	{"qaTest":true,"index":28}	\N	\N	\N	2026-02-02 04:27:02.514	2026-02-02 10:57:48.979
cml522zsl0125umifdw86wx2a	cml522zq6010fumifl4pewwrq	reagent	cml522yev001mumifwtxp4gxi	LOW	IN_PROGRESS	QA Alert 29: PENDING_SUPPLY triggered	{"qaTest":true,"index":29}	\N	\N	\N	2026-01-25 02:53:24.624	2026-02-02 10:57:48.981
cml522zsn0127umif2ji923qo	cml522zpw010bumifxr0fxqaz	reagent	cml522yex001oumifhloh25wn	LOW	RESOLVED	QA Alert 30: EXPIRY_WARNING triggered	{"qaTest":true,"index":30}	\N	2026-01-29 11:54:13.857	\N	2026-01-05 00:38:55.825	2026-02-02 10:57:48.984
\.


--
-- Data for Name: ActivityLog; Type: TABLE DATA; Schema: inventory; Owner: postgres
--

COPY inventory."ActivityLog" (id, "userId", action, "entityType", "entityId", details, "ipAddress", "userAgent", "createdAt") FROM stdin;
cml522zsq0128umif9ocn10bw	cml522ycq0009umifuernxzqi	user.logout	user	QA-user-1	{"qaTest":true,"index":1}	192.168.1.105	QA Test Agent	2025-12-05 06:35:08.065
cml522zst0129umifb8od7cqx	cml522ycj0007umif8pp3i9e1	shipment.receive	shipment	QA-shipment-2	{"qaTest":true,"index":2}	192.168.1.103	QA Test Agent	2026-01-23 09:30:38.805
cml522zsw012aumifbsg3vkbn	cml522ycd0005umif3rvubhym	user.logout	user	QA-user-3	{"qaTest":true,"index":3}	192.168.1.180	QA Test Agent	2025-11-08 08:19:20.301
cml522zsy012bumifbybj66vb	cml522yco0008umif9lkvopnc	delivery.complete	delivery	QA-delivery-4	{"qaTest":true,"index":4}	192.168.1.40	QA Test Agent	2026-01-25 13:06:59.486
cml522zt2012cumifvgr7bwh4	cml522yc60003umif4wlpx7l3	withdrawal.approve	withdrawal	QA-withdrawal-5	{"qaTest":true,"index":5}	192.168.1.235	QA Test Agent	2026-01-13 21:07:30.596
cml522zt5012dumif81f6o6q6	cml522yc20002umifi3c66m9x	batch.create	batch	QA-batch-6	{"qaTest":true,"index":6}	192.168.1.30	QA Test Agent	2025-12-03 05:30:08.056
cml522zt7012eumifd8khop1r	cml522ybt0000umif28tks2la	inventory.adjust	inventory	QA-inventory-7	{"qaTest":true,"index":7}	192.168.1.154	QA Test Agent	2025-12-10 12:04:34.143
cml522zta012fumifwn5bosr4	cml522yby0001umifndrk3i8k	batch.update	batch	QA-batch-8	{"qaTest":true,"index":8}	192.168.1.216	QA Test Agent	2025-11-29 13:54:21.314
cml522ztc012gumifzjgjibau	cml522yby0001umifndrk3i8k	order.approve	order	QA-order-9	{"qaTest":true,"index":9}	192.168.1.99	QA Test Agent	2025-11-24 17:49:30.273
cml522zte012humifhvsholee	cml522ycq0009umifuernxzqi	user.login	user	QA-user-10	{"qaTest":true,"index":10}	192.168.1.144	QA Test Agent	2025-11-18 03:13:25.829
cml522ztg012iumifzafkm2vc	cml522yc60003umif4wlpx7l3	withdrawal.create	withdrawal	QA-withdrawal-11	{"qaTest":true,"index":11}	192.168.1.251	QA Test Agent	2025-12-03 06:23:50.148
cml522zti012jumifcwdv1kzm	cml522ycd0005umif3rvubhym	user.login	user	QA-user-12	{"qaTest":true,"index":12}	192.168.1.212	QA Test Agent	2026-01-20 04:28:11.121
cml522ztl012kumifs0rehnmq	cml522ycj0007umif8pp3i9e1	delivery.create	delivery	QA-delivery-13	{"qaTest":true,"index":13}	192.168.1.134	QA Test Agent	2025-11-21 09:11:04.182
cml522ztn012lumifhb79j1uh	cml522yc20002umifi3c66m9x	order.create	order	QA-order-14	{"qaTest":true,"index":14}	192.168.1.164	QA Test Agent	2025-11-30 15:28:40.657
cml522ztp012mumifgr7k0fcs	cml522ycq0009umifuernxzqi	withdrawal.create	withdrawal	QA-withdrawal-15	{"qaTest":true,"index":15}	192.168.1.254	QA Test Agent	2025-11-30 03:37:01.203
cml522zts012numifinc9klg3	cml522yby0001umifndrk3i8k	reagent.update	reagent	cml522yen001gumifms17l7ah	{"qaTest":true,"index":16}	192.168.1.152	QA Test Agent	2025-11-26 19:18:29.255
cml522ztu012oumifn7455kfn	cml522yc20002umifi3c66m9x	order.cancel	order	QA-order-17	{"qaTest":true,"index":17}	192.168.1.241	QA Test Agent	2025-11-11 00:39:18.937
cml522ztv012pumifynmr9tuw	cml522ycq0009umifuernxzqi	order.cancel	order	QA-order-18	{"qaTest":true,"index":18}	192.168.1.174	QA Test Agent	2025-12-18 10:24:56.395
cml522zty012qumifndkigmqf	cml522ycg0006umif6532amaa	alert.resolve	alert	QA-alert-19	{"qaTest":true,"index":19}	192.168.1.25	QA Test Agent	2025-11-17 07:21:13.568
cml522zu0012rumifcheyl4mw	cml522yco0008umif9lkvopnc	withdrawal.ship	withdrawal	QA-withdrawal-20	{"qaTest":true,"index":20}	192.168.1.46	QA Test Agent	2026-01-16 08:38:55.548
cml522zu1012sumifhm08exah	cml522yco0008umif9lkvopnc	reagent.delete	reagent	cml522yfn0026umif6kveddmj	{"qaTest":true,"index":21}	192.168.1.136	QA Test Agent	2025-12-05 15:07:05.605
cml522zu4012tumif027j3p2x	cml522ybt0000umif28tks2la	order.cancel	order	QA-order-22	{"qaTest":true,"index":22}	192.168.1.44	QA Test Agent	2025-11-30 10:34:55.975
cml522zu6012uumifux6ieakz	cml522ycd0005umif3rvubhym	reagent.create	reagent	cml522yfh0022umifovn10sh7	{"qaTest":true,"index":23}	192.168.1.41	QA Test Agent	2025-11-27 17:29:22.809
cml522zu9012vumif7e4ynr9u	cml522ycj0007umif8pp3i9e1	delivery.create	delivery	QA-delivery-24	{"qaTest":true,"index":24}	192.168.1.251	QA Test Agent	2025-12-08 06:16:22.765
cml522zub012wumif804s9x50	cml522ycg0006umif6532amaa	delivery.receive	delivery	QA-delivery-25	{"qaTest":true,"index":25}	192.168.1.52	QA Test Agent	2025-12-18 09:28:55.742
cml522zue012xumif7wqb1oo3	cml522yca0004umiflkrikykl	withdrawal.approve	withdrawal	QA-withdrawal-26	{"qaTest":true,"index":26}	192.168.1.175	QA Test Agent	2025-12-30 15:51:05.665
cml522zug012yumif3oq7bhz2	cml522yco0008umif9lkvopnc	alert.dismiss	alert	QA-alert-27	{"qaTest":true,"index":27}	192.168.1.36	QA Test Agent	2025-12-04 04:19:09.326
cml522zuj012zumifk84tts71	cml522ycj0007umif8pp3i9e1	delivery.create	delivery	QA-delivery-28	{"qaTest":true,"index":28}	192.168.1.80	QA Test Agent	2025-12-29 15:27:18.991
cml522zul0130umifs5ui2bzw	cml522yca0004umiflkrikykl	order.cancel	order	QA-order-29	{"qaTest":true,"index":29}	192.168.1.160	QA Test Agent	2025-11-15 23:25:31.284
cml522zup0131umif66gt1nlw	cml522yc60003umif4wlpx7l3	shipment.receive	shipment	QA-shipment-30	{"qaTest":true,"index":30}	192.168.1.218	QA Test Agent	2025-11-22 02:41:05.105
cml522zur0132umifstt1107h	cml522yco0008umif9lkvopnc	inventory.adjust	inventory	QA-inventory-31	{"qaTest":true,"index":31}	192.168.1.229	QA Test Agent	2025-11-19 10:37:45.616
cml522zut0133umifhyfmuz9k	cml522yby0001umifndrk3i8k	shipment.send	shipment	QA-shipment-32	{"qaTest":true,"index":32}	192.168.1.8	QA Test Agent	2025-12-23 21:52:25.37
cml522zuw0134umifoavpwdpg	cml522yco0008umif9lkvopnc	user.login	user	QA-user-33	{"qaTest":true,"index":33}	192.168.1.28	QA Test Agent	2026-01-04 18:33:36.397
cml522zuy0135umifp9fhr2nd	cml522ycq0009umifuernxzqi	shipment.create	shipment	QA-shipment-34	{"qaTest":true,"index":34}	192.168.1.99	QA Test Agent	2025-12-08 12:58:16.809
cml522zv00136umif9t6b62af	cml522ycj0007umif8pp3i9e1	user.login	user	QA-user-35	{"qaTest":true,"index":35}	192.168.1.1	QA Test Agent	2026-01-14 12:40:46.683
cml522zv20137umifeq5udrnt	cml522yc60003umif4wlpx7l3	delivery.receive	delivery	QA-delivery-36	{"qaTest":true,"index":36}	192.168.1.97	QA Test Agent	2026-01-04 12:22:06.084
cml522zv40138umifvgtbv514	cml522yc60003umif4wlpx7l3	reagent.delete	reagent	cml522yf7001uumiftrmxe7o8	{"qaTest":true,"index":37}	192.168.1.112	QA Test Agent	2025-12-28 17:09:07.736
cml522zv70139umifvzhcib8z	cml522yby0001umifndrk3i8k	delivery.complete	delivery	QA-delivery-38	{"qaTest":true,"index":38}	192.168.1.77	QA Test Agent	2026-01-11 11:55:43.538
cml522zv9013aumifa6rqa9wz	cml522yby0001umifndrk3i8k	batch.create	batch	QA-batch-39	{"qaTest":true,"index":39}	192.168.1.123	QA Test Agent	2025-12-20 17:21:23.863
cml522zvb013bumif84rb9i2p	cml522yca0004umiflkrikykl	withdrawal.ship	withdrawal	QA-withdrawal-40	{"qaTest":true,"index":40}	192.168.1.51	QA Test Agent	2025-12-15 07:48:13.439
cml522zve013cumif8a8negdz	cml522yc20002umifi3c66m9x	shipment.send	shipment	QA-shipment-41	{"qaTest":true,"index":41}	192.168.1.140	QA Test Agent	2025-12-08 21:18:23.54
cml522zvg013dumifq7axe40r	cml522yca0004umiflkrikykl	reagent.update	reagent	cml522ygk002qumifqhs99ncp	{"qaTest":true,"index":42}	192.168.1.211	QA Test Agent	2025-12-25 12:08:30.914
cml522zvj013eumifotl4k5sj	cml522ycd0005umif3rvubhym	reagent.update	reagent	cml522yg5002iumifrq2jdcpx	{"qaTest":true,"index":43}	192.168.1.112	QA Test Agent	2025-12-30 03:46:46.484
cml522zvl013fumifaunzxlbq	cml522ybt0000umif28tks2la	inventory.count	inventory	QA-inventory-44	{"qaTest":true,"index":44}	192.168.1.98	QA Test Agent	2025-12-10 04:55:00.807
cml522zvn013gumifad9gpi01	cml522yc60003umif4wlpx7l3	reagent.update	reagent	cml522yfc001yumiflk04iayj	{"qaTest":true,"index":45}	192.168.1.77	QA Test Agent	2025-12-22 01:40:46.463
cml522zvq013humif5l9u4bdz	cml522yc60003umif4wlpx7l3	delivery.complete	delivery	QA-delivery-46	{"qaTest":true,"index":46}	192.168.1.220	QA Test Agent	2025-12-13 05:51:15.5
cml522zvs013iumif3rc1ynnc	cml522ybt0000umif28tks2la	delivery.complete	delivery	QA-delivery-47	{"qaTest":true,"index":47}	192.168.1.89	QA Test Agent	2026-01-02 01:36:53.783
cml522zvu013jumifdoh2e0hd	cml522yby0001umifndrk3i8k	order.approve	order	QA-order-48	{"qaTest":true,"index":48}	192.168.1.110	QA Test Agent	2026-01-07 04:22:52.642
cml522zvw013kumify53h2cxn	cml522yc60003umif4wlpx7l3	order.create	order	QA-order-49	{"qaTest":true,"index":49}	192.168.1.20	QA Test Agent	2025-11-09 15:43:24.524
cml522zvy013lumifm56gf6rl	cml522ycq0009umifuernxzqi	delivery.receive	delivery	QA-delivery-50	{"qaTest":true,"index":50}	192.168.1.92	QA Test Agent	2025-12-28 21:32:41.386
cml522zw0013mumiffflx74v0	cml522ycg0006umif6532amaa	alert.dismiss	alert	QA-alert-51	{"qaTest":true,"index":51}	192.168.1.31	QA Test Agent	2026-01-16 03:55:00.769
cml522zw2013numifet5w38x4	cml522yc20002umifi3c66m9x	withdrawal.ship	withdrawal	QA-withdrawal-52	{"qaTest":true,"index":52}	192.168.1.80	QA Test Agent	2026-01-20 13:13:38.574
cml522zw5013oumifa06snnbg	cml522yc60003umif4wlpx7l3	delivery.receive	delivery	QA-delivery-53	{"qaTest":true,"index":53}	192.168.1.167	QA Test Agent	2025-11-12 21:11:56.925
cml522zw9013pumif0b3c707u	cml522ycj0007umif8pp3i9e1	inventory.adjust	inventory	QA-inventory-54	{"qaTest":true,"index":54}	192.168.1.247	QA Test Agent	2025-11-29 06:29:50.787
cml522zwb013qumif833dlpeo	cml522ycg0006umif6532amaa	alert.resolve	alert	QA-alert-55	{"qaTest":true,"index":55}	192.168.1.205	QA Test Agent	2026-01-26 10:46:14.529
cml522zwd013rumifhmj4k070	cml522yc20002umifi3c66m9x	alert.resolve	alert	QA-alert-56	{"qaTest":true,"index":56}	192.168.1.237	QA Test Agent	2025-11-05 19:15:33.11
cml522zwf013sumifzv6w8a5z	cml522ybt0000umif28tks2la	withdrawal.create	withdrawal	QA-withdrawal-57	{"qaTest":true,"index":57}	192.168.1.6	QA Test Agent	2025-12-25 17:05:47.626
cml522zwh013tumifkzbcy5x3	cml522ycg0006umif6532amaa	batch.status_change	batch	QA-batch-58	{"qaTest":true,"index":58}	192.168.1.222	QA Test Agent	2025-12-24 20:39:24.09
cml522zwk013uumifqc4oxtc5	cml522ycq0009umifuernxzqi	shipment.send	shipment	QA-shipment-59	{"qaTest":true,"index":59}	192.168.1.138	QA Test Agent	2025-12-12 17:01:16.369
cml522zwm013vumif5jlrt42r	cml522ycq0009umifuernxzqi	user.logout	user	QA-user-60	{"qaTest":true,"index":60}	192.168.1.252	QA Test Agent	2026-01-26 10:21:57.732
cml522zwo013wumifvvk8b1zl	cml522ycq0009umifuernxzqi	order.approve	order	QA-order-61	{"qaTest":true,"index":61}	192.168.1.183	QA Test Agent	2026-01-10 08:46:10.566
cml522zwr013xumifmf17rqzo	cml522ycq0009umifuernxzqi	shipment.send	shipment	QA-shipment-62	{"qaTest":true,"index":62}	192.168.1.206	QA Test Agent	2025-11-18 00:38:29.96
cml522zwt013yumifjcoju9aw	cml522yc60003umif4wlpx7l3	reagent.update	reagent	cml522yft002aumifinudia4u	{"qaTest":true,"index":63}	192.168.1.214	QA Test Agent	2026-01-19 07:26:11.524
cml522zwv013zumif2zd2d8r8	cml522ycd0005umif3rvubhym	batch.status_change	batch	QA-batch-64	{"qaTest":true,"index":64}	192.168.1.157	QA Test Agent	2026-01-01 00:18:04.845
cml522zwx0140umific5omsjg	cml522ycj0007umif8pp3i9e1	shipment.receive	shipment	QA-shipment-65	{"qaTest":true,"index":65}	192.168.1.133	QA Test Agent	2026-02-02 07:45:40.057
cml522zwz0141umifvxo4ipax	cml522ycq0009umifuernxzqi	order.create	order	QA-order-66	{"qaTest":true,"index":66}	192.168.1.69	QA Test Agent	2025-12-06 22:07:38.541
cml522zx10142umifqx0offag	cml522yco0008umif9lkvopnc	user.login	user	QA-user-67	{"qaTest":true,"index":67}	192.168.1.138	QA Test Agent	2026-01-07 23:28:19.917
cml522zx40143umifdgs6orrl	cml522ycj0007umif8pp3i9e1	withdrawal.ship	withdrawal	QA-withdrawal-68	{"qaTest":true,"index":68}	192.168.1.62	QA Test Agent	2025-11-17 01:43:22.585
cml522zx60144umifofidsez4	cml522yc20002umifi3c66m9x	withdrawal.ship	withdrawal	QA-withdrawal-69	{"qaTest":true,"index":69}	192.168.1.47	QA Test Agent	2025-12-19 10:08:43.456
cml522zx70145umift2t0q9kx	cml522yc60003umif4wlpx7l3	shipment.receive	shipment	QA-shipment-70	{"qaTest":true,"index":70}	192.168.1.153	QA Test Agent	2026-01-18 10:52:37.078
cml522zx90146umif4145qyzq	cml522yc20002umifi3c66m9x	inventory.count	inventory	QA-inventory-71	{"qaTest":true,"index":71}	192.168.1.26	QA Test Agent	2025-12-04 01:04:26.624
cml522zxb0147umif7fithhfp	cml522yby0001umifndrk3i8k	alert.resolve	alert	QA-alert-72	{"qaTest":true,"index":72}	192.168.1.249	QA Test Agent	2026-01-13 05:22:03.264
cml522zxe0148umif2nutgiii	cml522yca0004umiflkrikykl	reagent.create	reagent	cml522yfy002eumifr2gw6o4i	{"qaTest":true,"index":73}	192.168.1.249	QA Test Agent	2025-12-09 13:10:29.596
cml522zxj0149umifgbvyqdxs	cml522yca0004umiflkrikykl	withdrawal.approve	withdrawal	QA-withdrawal-74	{"qaTest":true,"index":74}	192.168.1.146	QA Test Agent	2025-11-05 03:53:05.734
cml522zxm014aumif9sklxngp	cml522yby0001umifndrk3i8k	shipment.send	shipment	QA-shipment-75	{"qaTest":true,"index":75}	192.168.1.63	QA Test Agent	2025-12-06 07:23:40.351
cml522zxp014bumif5kz8sdjs	cml522ycd0005umif3rvubhym	withdrawal.approve	withdrawal	QA-withdrawal-76	{"qaTest":true,"index":76}	192.168.1.242	QA Test Agent	2026-01-28 16:13:57.003
cml522zxr014cumifxiasnvl8	cml522yc20002umifi3c66m9x	shipment.send	shipment	QA-shipment-77	{"qaTest":true,"index":77}	192.168.1.100	QA Test Agent	2025-12-15 18:04:34.873
cml522zxt014dumifq3r4u92c	cml522ycq0009umifuernxzqi	order.create	order	QA-order-78	{"qaTest":true,"index":78}	192.168.1.94	QA Test Agent	2026-01-14 00:43:01.814
cml522zxv014eumiftw9tlgl6	cml522ycg0006umif6532amaa	shipment.receive	shipment	QA-shipment-79	{"qaTest":true,"index":79}	192.168.1.86	QA Test Agent	2026-01-27 21:38:10.667
cml522zxx014fumif30xbtcle	cml522yco0008umif9lkvopnc	shipment.send	shipment	QA-shipment-80	{"qaTest":true,"index":80}	192.168.1.9	QA Test Agent	2025-12-18 11:44:39.971
cml522zxz014gumifa4m7ltq8	cml522ycq0009umifuernxzqi	batch.create	batch	QA-batch-81	{"qaTest":true,"index":81}	192.168.1.175	QA Test Agent	2025-12-07 18:23:35.918
cml522zy1014humifr8nmjydk	cml522ycd0005umif3rvubhym	batch.create	batch	QA-batch-82	{"qaTest":true,"index":82}	192.168.1.101	QA Test Agent	2025-12-06 13:20:26.338
cml522zy3014iumif30y9sybn	cml522yc20002umifi3c66m9x	batch.update	batch	QA-batch-83	{"qaTest":true,"index":83}	192.168.1.114	QA Test Agent	2026-01-01 09:07:48.732
cml522zy5014jumifbk618sqs	cml522yco0008umif9lkvopnc	shipment.send	shipment	QA-shipment-84	{"qaTest":true,"index":84}	192.168.1.1	QA Test Agent	2026-01-28 04:38:50.298
cml522zy7014kumif7wncj33w	cml522yby0001umifndrk3i8k	batch.status_change	batch	QA-batch-85	{"qaTest":true,"index":85}	192.168.1.181	QA Test Agent	2025-11-25 10:50:09.946
cml522zya014lumif4f5h1vyx	cml522ycd0005umif3rvubhym	withdrawal.approve	withdrawal	QA-withdrawal-86	{"qaTest":true,"index":86}	192.168.1.82	QA Test Agent	2025-12-13 23:20:34.233
cml522zyb014mumif8iuwuzyl	cml522yc20002umifi3c66m9x	order.create	order	QA-order-87	{"qaTest":true,"index":87}	192.168.1.129	QA Test Agent	2026-01-22 19:10:35.185
cml522zyd014numifm70rjb7g	cml522yc20002umifi3c66m9x	delivery.complete	delivery	QA-delivery-88	{"qaTest":true,"index":88}	192.168.1.40	QA Test Agent	2025-11-21 06:38:41.283
cml522zyg014oumifpuvrsmee	cml522ybt0000umif28tks2la	batch.status_change	batch	QA-batch-89	{"qaTest":true,"index":89}	192.168.1.180	QA Test Agent	2026-01-31 20:24:41.308
cml522zyi014pumifk3lanywz	cml522yco0008umif9lkvopnc	user.logout	user	QA-user-90	{"qaTest":true,"index":90}	192.168.1.40	QA Test Agent	2025-11-09 22:50:13.658
cml522zyj014qumif8s18lhvp	cml522ycq0009umifuernxzqi	user.logout	user	QA-user-91	{"qaTest":true,"index":91}	192.168.1.21	QA Test Agent	2026-01-20 20:24:18.203
cml522zyl014rumifoqbz2led	cml522ycq0009umifuernxzqi	withdrawal.ship	withdrawal	QA-withdrawal-92	{"qaTest":true,"index":92}	192.168.1.63	QA Test Agent	2025-11-30 07:37:15.863
cml522zyo014sumif0tp9b2v4	cml522ycd0005umif3rvubhym	shipment.send	shipment	QA-shipment-93	{"qaTest":true,"index":93}	192.168.1.105	QA Test Agent	2025-11-17 01:44:28.615
cml522zyp014tumif7nu1rq4i	cml522yc20002umifi3c66m9x	alert.resolve	alert	QA-alert-94	{"qaTest":true,"index":94}	192.168.1.199	QA Test Agent	2025-11-22 10:37:15.279
cml522zyr014uumifas7qklat	cml522yc20002umifi3c66m9x	order.create	order	QA-order-95	{"qaTest":true,"index":95}	192.168.1.248	QA Test Agent	2025-12-15 02:52:15.871
cml522zyt014vumifjom1glxs	cml522ycq0009umifuernxzqi	batch.create	batch	QA-batch-96	{"qaTest":true,"index":96}	192.168.1.196	QA Test Agent	2026-01-08 14:44:07.637
cml522zyw014wumifop87821h	cml522yc60003umif4wlpx7l3	user.login	user	QA-user-97	{"qaTest":true,"index":97}	192.168.1.183	QA Test Agent	2025-12-10 05:57:43.998
cml522zyy014xumifx9a95br4	cml522yby0001umifndrk3i8k	user.login	user	QA-user-98	{"qaTest":true,"index":98}	192.168.1.163	QA Test Agent	2025-12-12 14:06:37.707
cml522zz0014yumif12g9lsqh	cml522yca0004umiflkrikykl	withdrawal.create	withdrawal	QA-withdrawal-99	{"qaTest":true,"index":99}	192.168.1.229	QA Test Agent	2026-01-21 23:22:23.778
cml522zz3014zumif7i50qxpw	cml522ycd0005umif3rvubhym	delivery.create	delivery	QA-delivery-100	{"qaTest":true,"index":100}	192.168.1.16	QA Test Agent	2025-11-18 06:20:38.246
cml522zz60150umif0nn95s1k	cml522yc20002umifi3c66m9x	shipment.create	shipment	QA-shipment-101	{"qaTest":true,"index":101}	192.168.1.110	QA Test Agent	2025-12-01 13:06:13.712
cml522zz80151umifddr01vox	cml522ycq0009umifuernxzqi	reagent.delete	reagent	cml522yes001kumif307qs6ey	{"qaTest":true,"index":102}	192.168.1.254	QA Test Agent	2025-11-14 14:42:54.259
cml522zzb0152umifmtp7v0zk	cml522ycj0007umif8pp3i9e1	withdrawal.create	withdrawal	QA-withdrawal-103	{"qaTest":true,"index":103}	192.168.1.42	QA Test Agent	2025-11-30 19:55:01.66
cml522zzd0153umifveo8ieva	cml522yc20002umifi3c66m9x	shipment.send	shipment	QA-shipment-104	{"qaTest":true,"index":104}	192.168.1.212	QA Test Agent	2025-12-14 08:24:16.143
cml522zzf0154umifpoeu02s2	cml522ycq0009umifuernxzqi	delivery.receive	delivery	QA-delivery-105	{"qaTest":true,"index":105}	192.168.1.50	QA Test Agent	2025-11-30 14:45:56.571
cml522zzh0155umiforhlgrcm	cml522ybt0000umif28tks2la	order.cancel	order	QA-order-106	{"qaTest":true,"index":106}	192.168.1.161	QA Test Agent	2025-12-30 13:49:07.136
cml522zzk0156umifmjburpn9	cml522ycd0005umif3rvubhym	order.cancel	order	QA-order-107	{"qaTest":true,"index":107}	192.168.1.52	QA Test Agent	2025-12-28 06:36:59.298
cml522zzm0157umifx4w0qxcz	cml522ycq0009umifuernxzqi	delivery.create	delivery	QA-delivery-108	{"qaTest":true,"index":108}	192.168.1.23	QA Test Agent	2025-12-26 08:49:09.278
cml522zzr0158umift1n2w3xa	cml522yc60003umif4wlpx7l3	user.login	user	QA-user-109	{"qaTest":true,"index":109}	192.168.1.162	QA Test Agent	2026-01-29 22:15:32.477
cml522zzu0159umifltk96zqn	cml522ybt0000umif28tks2la	user.logout	user	QA-user-110	{"qaTest":true,"index":110}	192.168.1.193	QA Test Agent	2025-12-12 18:52:59.799
cml522zzw015aumife40vwt49	cml522ycj0007umif8pp3i9e1	shipment.receive	shipment	QA-shipment-111	{"qaTest":true,"index":111}	192.168.1.139	QA Test Agent	2025-11-18 19:22:31.169
cml522zzy015bumif8y6u8ffi	cml522yby0001umifndrk3i8k	reagent.create	reagent	cml522yfv002cumifqa9yp5oe	{"qaTest":true,"index":112}	192.168.1.80	QA Test Agent	2025-12-31 22:12:52.32
cml523001015cumifu17xu58s	cml522yby0001umifndrk3i8k	batch.create	batch	QA-batch-113	{"qaTest":true,"index":113}	192.168.1.169	QA Test Agent	2025-12-13 19:10:34.196
cml523003015dumifct7gdqw0	cml522yc60003umif4wlpx7l3	shipment.send	shipment	QA-shipment-114	{"qaTest":true,"index":114}	192.168.1.57	QA Test Agent	2026-01-19 20:06:40.815
cml523005015eumif394mswfg	cml522ycg0006umif6532amaa	reagent.update	reagent	cml522yei001cumif3ucbwfdi	{"qaTest":true,"index":115}	192.168.1.168	QA Test Agent	2026-01-13 21:33:12.094
cml523007015fumifecxckt70	cml522ybt0000umif28tks2la	order.approve	order	QA-order-116	{"qaTest":true,"index":116}	192.168.1.1	QA Test Agent	2026-01-08 04:26:19.081
cml52300a015gumifvls9vkpl	cml522ycj0007umif8pp3i9e1	shipment.create	shipment	QA-shipment-117	{"qaTest":true,"index":117}	192.168.1.54	QA Test Agent	2025-12-03 08:53:49.779
cml52300c015humifc1srzc52	cml522ycd0005umif3rvubhym	reagent.update	reagent	cml522yfq0028umifpqnm6bd2	{"qaTest":true,"index":118}	192.168.1.198	QA Test Agent	2026-01-05 02:56:32.061
cml52300e015iumife6gqtb1x	cml522ycj0007umif8pp3i9e1	withdrawal.ship	withdrawal	QA-withdrawal-119	{"qaTest":true,"index":119}	192.168.1.16	QA Test Agent	2026-01-27 06:55:18.96
cml52300g015jumif1nr9o0ug	cml522ybt0000umif28tks2la	shipment.send	shipment	QA-shipment-120	{"qaTest":true,"index":120}	192.168.1.115	QA Test Agent	2026-01-02 03:00:43.455
cml52300i015kumifxfqnlcpc	cml522ycg0006umif6532amaa	withdrawal.approve	withdrawal	QA-withdrawal-121	{"qaTest":true,"index":121}	192.168.1.17	QA Test Agent	2025-11-23 05:48:48.043
cml52300l015lumifxzktd24o	cml522yby0001umifndrk3i8k	user.login	user	QA-user-122	{"qaTest":true,"index":122}	192.168.1.5	QA Test Agent	2025-12-29 03:06:27.247
cml52300n015mumif9gg1pfbf	cml522ycd0005umif3rvubhym	batch.create	batch	QA-batch-123	{"qaTest":true,"index":123}	192.168.1.71	QA Test Agent	2026-01-28 05:13:51.742
cml52300p015numifnar121tr	cml522yby0001umifndrk3i8k	alert.resolve	alert	QA-alert-124	{"qaTest":true,"index":124}	192.168.1.89	QA Test Agent	2025-12-11 06:30:09.323
cml52300r015oumif0qp2lk1a	cml522ybt0000umif28tks2la	inventory.count	inventory	QA-inventory-125	{"qaTest":true,"index":125}	192.168.1.164	QA Test Agent	2025-12-04 19:42:52.39
cml52300s015pumifpanw0t1b	cml522ycg0006umif6532amaa	withdrawal.create	withdrawal	QA-withdrawal-126	{"qaTest":true,"index":126}	192.168.1.174	QA Test Agent	2025-11-10 03:18:51.055
cml52300u015qumif13lo61s7	cml522ycg0006umif6532amaa	delivery.complete	delivery	QA-delivery-127	{"qaTest":true,"index":127}	192.168.1.132	QA Test Agent	2025-11-06 18:58:09.088
cml52300x015rumif6s6tlmx7	cml522yc20002umifi3c66m9x	withdrawal.ship	withdrawal	QA-withdrawal-128	{"qaTest":true,"index":128}	192.168.1.137	QA Test Agent	2025-11-28 05:25:08.349
cml52300z015sumifjcgj261g	cml522ycg0006umif6532amaa	alert.resolve	alert	QA-alert-129	{"qaTest":true,"index":129}	192.168.1.244	QA Test Agent	2025-11-06 08:35:11.934
cml523012015tumifp71fa88g	cml522ycd0005umif3rvubhym	reagent.delete	reagent	cml522ygb002mumifnwqbuutw	{"qaTest":true,"index":130}	192.168.1.53	QA Test Agent	2026-02-01 17:28:43.092
cml523015015uumif6pm6mq43	cml522yco0008umif9lkvopnc	order.create	order	QA-order-131	{"qaTest":true,"index":131}	192.168.1.111	QA Test Agent	2026-01-16 18:12:10.068
cml523018015vumif6bkyh1rb	cml522ycd0005umif3rvubhym	reagent.update	reagent	cml522ygb002mumifnwqbuutw	{"qaTest":true,"index":132}	192.168.1.50	QA Test Agent	2025-12-25 11:38:55.564
cml52301c015wumifcj8ectid	cml522ycg0006umif6532amaa	inventory.adjust	inventory	QA-inventory-133	{"qaTest":true,"index":133}	192.168.1.36	QA Test Agent	2025-11-28 02:34:54.066
cml52301f015xumifn568j1ky	cml522yco0008umif9lkvopnc	order.approve	order	QA-order-134	{"qaTest":true,"index":134}	192.168.1.31	QA Test Agent	2026-01-02 15:13:22.764
cml52301i015yumify2wmopwm	cml522yco0008umif9lkvopnc	alert.dismiss	alert	QA-alert-135	{"qaTest":true,"index":135}	192.168.1.47	QA Test Agent	2025-12-08 20:21:28.531
cml52301k015zumifx6mcet2f	cml522yco0008umif9lkvopnc	shipment.receive	shipment	QA-shipment-136	{"qaTest":true,"index":136}	192.168.1.218	QA Test Agent	2026-01-17 03:36:40.194
cml52301n0160umift4a4ego0	cml522ybt0000umif28tks2la	withdrawal.approve	withdrawal	QA-withdrawal-137	{"qaTest":true,"index":137}	192.168.1.254	QA Test Agent	2025-11-17 16:57:46.461
cml52301p0161umif5eo6ziim	cml522ycg0006umif6532amaa	reagent.create	reagent	cml522ygk002qumifqhs99ncp	{"qaTest":true,"index":138}	192.168.1.147	QA Test Agent	2025-12-28 09:46:08.869
cml52301r0162umifn7gpp2no	cml522yc60003umif4wlpx7l3	shipment.create	shipment	QA-shipment-139	{"qaTest":true,"index":139}	192.168.1.95	QA Test Agent	2025-12-03 06:20:01.504
cml52301u0163umif6y0w7ubh	cml522ybt0000umif28tks2la	delivery.complete	delivery	QA-delivery-140	{"qaTest":true,"index":140}	192.168.1.74	QA Test Agent	2026-01-07 06:56:37.66
cml52301z0164umifhqh2ras5	cml522yco0008umif9lkvopnc	delivery.complete	delivery	QA-delivery-141	{"qaTest":true,"index":141}	192.168.1.78	QA Test Agent	2026-01-31 03:30:33.157
cml5230220165umiflftciozy	cml522yco0008umif9lkvopnc	withdrawal.approve	withdrawal	QA-withdrawal-142	{"qaTest":true,"index":142}	192.168.1.146	QA Test Agent	2026-01-06 04:52:08.798
cml5230260166umifpuzelonl	cml522ycj0007umif8pp3i9e1	batch.update	batch	QA-batch-143	{"qaTest":true,"index":143}	192.168.1.59	QA Test Agent	2026-01-16 03:31:48.392
cml5230290167umif7xtkammi	cml522ycg0006umif6532amaa	inventory.count	inventory	QA-inventory-144	{"qaTest":true,"index":144}	192.168.1.149	QA Test Agent	2025-12-08 12:13:00.174
cml52302d0168umifbb9qys0q	cml522yco0008umif9lkvopnc	delivery.receive	delivery	QA-delivery-145	{"qaTest":true,"index":145}	192.168.1.58	QA Test Agent	2025-12-14 02:16:09.279
cml52302g0169umifdterl2dq	cml522ycd0005umif3rvubhym	order.create	order	QA-order-146	{"qaTest":true,"index":146}	192.168.1.26	QA Test Agent	2025-12-09 18:50:59.843
cml52302j016aumiftyej9xbb	cml522ycd0005umif3rvubhym	order.create	order	QA-order-147	{"qaTest":true,"index":147}	192.168.1.186	QA Test Agent	2025-11-04 22:18:49.165
cml52302m016bumifzy3um1yk	cml522yco0008umif9lkvopnc	order.cancel	order	QA-order-148	{"qaTest":true,"index":148}	192.168.1.230	QA Test Agent	2025-11-19 03:01:28.459
cml52302r016cumifntph9mmd	cml522ybt0000umif28tks2la	batch.create	batch	QA-batch-149	{"qaTest":true,"index":149}	192.168.1.205	QA Test Agent	2026-01-10 05:26:06.792
cml52302u016dumif7hqlctd2	cml522yc20002umifi3c66m9x	shipment.send	shipment	QA-shipment-150	{"qaTest":true,"index":150}	192.168.1.43	QA Test Agent	2026-01-20 19:43:31.616
cml52302x016eumif6cyv9hgx	cml522ycj0007umif8pp3i9e1	withdrawal.approve	withdrawal	QA-withdrawal-151	{"qaTest":true,"index":151}	192.168.1.19	QA Test Agent	2025-11-30 16:27:37.939
cml523030016fumifqcz8k89m	cml522ycg0006umif6532amaa	order.approve	order	QA-order-152	{"qaTest":true,"index":152}	192.168.1.224	QA Test Agent	2025-11-23 06:07:14.609
cml523032016gumifwn841vgb	cml522ycj0007umif8pp3i9e1	delivery.receive	delivery	QA-delivery-153	{"qaTest":true,"index":153}	192.168.1.115	QA Test Agent	2026-01-08 00:28:47.658
cml523037016humifcmyu00l1	cml522ycj0007umif8pp3i9e1	user.logout	user	QA-user-154	{"qaTest":true,"index":154}	192.168.1.192	QA Test Agent	2025-11-23 11:28:57.631
cml523039016iumif0pxlj0lj	cml522ycq0009umifuernxzqi	withdrawal.create	withdrawal	QA-withdrawal-155	{"qaTest":true,"index":155}	192.168.1.45	QA Test Agent	2026-01-13 23:24:58.436
cml52303c016jumifv40uze39	cml522ycg0006umif6532amaa	withdrawal.create	withdrawal	QA-withdrawal-156	{"qaTest":true,"index":156}	192.168.1.232	QA Test Agent	2025-12-15 00:28:43.832
cml52303e016kumifh10nkkbh	cml522yca0004umiflkrikykl	delivery.receive	delivery	QA-delivery-157	{"qaTest":true,"index":157}	192.168.1.24	QA Test Agent	2026-01-10 06:36:33.192
cml52303g016lumiftbk5875c	cml522ycj0007umif8pp3i9e1	shipment.send	shipment	QA-shipment-158	{"qaTest":true,"index":158}	192.168.1.109	QA Test Agent	2026-01-03 13:13:58.091
cml52303i016mumifhzsenq3a	cml522ycj0007umif8pp3i9e1	shipment.create	shipment	QA-shipment-159	{"qaTest":true,"index":159}	192.168.1.85	QA Test Agent	2025-12-18 02:32:14.47
cml52303l016numifyapwu3h1	cml522ycd0005umif3rvubhym	delivery.complete	delivery	QA-delivery-160	{"qaTest":true,"index":160}	192.168.1.102	QA Test Agent	2026-01-22 03:02:19.147
cml52303n016oumif4bu5icxe	cml522ybt0000umif28tks2la	delivery.receive	delivery	QA-delivery-161	{"qaTest":true,"index":161}	192.168.1.180	QA Test Agent	2025-11-28 05:59:38.206
cml52303q016pumifax20z0f2	cml522ycj0007umif8pp3i9e1	order.create	order	QA-order-162	{"qaTest":true,"index":162}	192.168.1.145	QA Test Agent	2026-01-25 15:53:43.057
cml52303s016qumifa363qybj	cml522yc60003umif4wlpx7l3	alert.dismiss	alert	QA-alert-163	{"qaTest":true,"index":163}	192.168.1.202	QA Test Agent	2026-02-01 07:52:15.303
cml52303u016rumifrgpr51c5	cml522yco0008umif9lkvopnc	shipment.send	shipment	QA-shipment-164	{"qaTest":true,"index":164}	192.168.1.84	QA Test Agent	2026-01-28 12:28:42.606
cml52303w016sumif415zd3op	cml522ycd0005umif3rvubhym	inventory.adjust	inventory	QA-inventory-165	{"qaTest":true,"index":165}	192.168.1.155	QA Test Agent	2026-01-26 15:28:37.199
cml52303z016tumifbje7vw3c	cml522yca0004umiflkrikykl	withdrawal.approve	withdrawal	QA-withdrawal-166	{"qaTest":true,"index":166}	192.168.1.74	QA Test Agent	2025-11-20 19:20:59.437
cml523042016uumifnetji2lg	cml522yby0001umifndrk3i8k	reagent.create	reagent	cml522ygt002wumif53ke8fik	{"qaTest":true,"index":167}	192.168.1.47	QA Test Agent	2026-02-02 06:48:46.368
cml523045016vumifkqdqbkj8	cml522yc60003umif4wlpx7l3	order.approve	order	QA-order-168	{"qaTest":true,"index":168}	192.168.1.221	QA Test Agent	2025-11-26 01:04:00.004
cml523048016wumifnsdzp6ef	cml522ybt0000umif28tks2la	shipment.send	shipment	QA-shipment-169	{"qaTest":true,"index":169}	192.168.1.246	QA Test Agent	2025-11-20 13:23:25.414
cml52304b016xumif8kczyhgg	cml522yc60003umif4wlpx7l3	order.cancel	order	QA-order-170	{"qaTest":true,"index":170}	192.168.1.28	QA Test Agent	2025-11-06 18:32:11.95
cml52304d016yumifnrke9mxc	cml522yca0004umiflkrikykl	withdrawal.approve	withdrawal	QA-withdrawal-171	{"qaTest":true,"index":171}	192.168.1.251	QA Test Agent	2025-12-09 13:06:05.165
cml52304h016zumifbscsckbo	cml522ycd0005umif3rvubhym	withdrawal.create	withdrawal	QA-withdrawal-172	{"qaTest":true,"index":172}	192.168.1.139	QA Test Agent	2026-01-02 17:33:50.103
cml52304k0170umif1ssjf6e1	cml522ycg0006umif6532amaa	user.logout	user	QA-user-173	{"qaTest":true,"index":173}	192.168.1.180	QA Test Agent	2026-01-03 08:16:10.416
cml52304n0171umif04uw5wiu	cml522ycd0005umif3rvubhym	shipment.send	shipment	QA-shipment-174	{"qaTest":true,"index":174}	192.168.1.244	QA Test Agent	2025-12-13 02:32:18.112
cml52304p0172umifnv9phr4t	cml522yco0008umif9lkvopnc	shipment.create	shipment	QA-shipment-175	{"qaTest":true,"index":175}	192.168.1.220	QA Test Agent	2026-01-28 03:58:41.852
cml52304r0173umifpnujlwm6	cml522yca0004umiflkrikykl	alert.dismiss	alert	QA-alert-176	{"qaTest":true,"index":176}	192.168.1.166	QA Test Agent	2026-01-06 22:32:46.773
cml52304v0174umiflvykn38y	cml522yco0008umif9lkvopnc	batch.create	batch	QA-batch-177	{"qaTest":true,"index":177}	192.168.1.181	QA Test Agent	2025-12-16 03:04:50.094
cml52304y0175umifxc42xcdx	cml522ybt0000umif28tks2la	reagent.update	reagent	cml522yex001oumifhloh25wn	{"qaTest":true,"index":178}	192.168.1.15	QA Test Agent	2025-12-03 11:10:27.681
cml5230510176umifzhewbmc9	cml522yby0001umifndrk3i8k	withdrawal.ship	withdrawal	QA-withdrawal-179	{"qaTest":true,"index":179}	192.168.1.60	QA Test Agent	2025-12-23 15:06:58.852
cml5230540177umifh9l8ksof	cml522yc20002umifi3c66m9x	reagent.delete	reagent	cml522yei001cumif3ucbwfdi	{"qaTest":true,"index":180}	192.168.1.74	QA Test Agent	2025-11-06 17:29:51.596
cml5230560178umifeg7vufd5	cml522yc20002umifi3c66m9x	reagent.delete	reagent	cml522yei001cumif3ucbwfdi	{"qaTest":true,"index":181}	192.168.1.201	QA Test Agent	2025-11-14 08:48:46.263
cml5230590179umifaan59kn4	cml522ycq0009umifuernxzqi	withdrawal.ship	withdrawal	QA-withdrawal-182	{"qaTest":true,"index":182}	192.168.1.152	QA Test Agent	2025-12-10 15:43:10.971
cml52305b017aumifyb8bf63q	cml522ycd0005umif3rvubhym	withdrawal.approve	withdrawal	QA-withdrawal-183	{"qaTest":true,"index":183}	192.168.1.31	QA Test Agent	2025-11-18 12:35:44.229
cml52305d017bumifhqid33q2	cml522yby0001umifndrk3i8k	batch.create	batch	QA-batch-184	{"qaTest":true,"index":184}	192.168.1.234	QA Test Agent	2025-11-27 15:09:34.151
cml52305g017cumifxpx5yowz	cml522ycj0007umif8pp3i9e1	delivery.create	delivery	QA-delivery-185	{"qaTest":true,"index":185}	192.168.1.84	QA Test Agent	2026-01-03 19:08:07.317
cml52305i017dumif449scm5g	cml522ycg0006umif6532amaa	batch.create	batch	QA-batch-186	{"qaTest":true,"index":186}	192.168.1.109	QA Test Agent	2025-11-23 09:43:54.947
cml52305l017eumifm8hkxue7	cml522ybt0000umif28tks2la	reagent.delete	reagent	cml522yf9001wumifrf4damoq	{"qaTest":true,"index":187}	192.168.1.190	QA Test Agent	2025-11-23 19:08:24.559
cml52305n017fumifltlteo5g	cml522yc60003umif4wlpx7l3	user.login	user	QA-user-188	{"qaTest":true,"index":188}	192.168.1.253	QA Test Agent	2025-12-27 06:42:40.059
cml52305p017gumif95ser57v	cml522yco0008umif9lkvopnc	batch.status_change	batch	QA-batch-189	{"qaTest":true,"index":189}	192.168.1.111	QA Test Agent	2026-01-10 02:03:14.291
cml52305s017humifowmnp1g5	cml522ycd0005umif3rvubhym	user.logout	user	QA-user-190	{"qaTest":true,"index":190}	192.168.1.179	QA Test Agent	2025-12-26 16:01:23.401
cml52305u017iumifnd2nguzw	cml522yca0004umiflkrikykl	alert.resolve	alert	QA-alert-191	{"qaTest":true,"index":191}	192.168.1.71	QA Test Agent	2025-11-22 11:25:37.001
cml52305x017jumife39894s2	cml522ycg0006umif6532amaa	delivery.receive	delivery	QA-delivery-192	{"qaTest":true,"index":192}	192.168.1.153	QA Test Agent	2025-11-18 16:05:19.93
cml52305z017kumifxooq510a	cml522ycg0006umif6532amaa	withdrawal.approve	withdrawal	QA-withdrawal-193	{"qaTest":true,"index":193}	192.168.1.27	QA Test Agent	2025-11-21 22:07:04.233
cml523062017lumif3h18q1tk	cml522ybt0000umif28tks2la	shipment.create	shipment	QA-shipment-194	{"qaTest":true,"index":194}	192.168.1.102	QA Test Agent	2026-01-05 06:24:28.028
cml523064017mumifm6ne55sn	cml522ycj0007umif8pp3i9e1	order.approve	order	QA-order-195	{"qaTest":true,"index":195}	192.168.1.187	QA Test Agent	2025-11-10 06:53:01.952
cml523066017numifvlrvrjr6	cml522yc20002umifi3c66m9x	withdrawal.ship	withdrawal	QA-withdrawal-196	{"qaTest":true,"index":196}	192.168.1.168	QA Test Agent	2025-11-09 07:45:23.37
cml523069017oumif92nqyqaw	cml522ycg0006umif6532amaa	order.cancel	order	QA-order-197	{"qaTest":true,"index":197}	192.168.1.243	QA Test Agent	2025-12-23 16:43:06.636
cml52306b017pumif6xopoibn	cml522yc20002umifi3c66m9x	batch.create	batch	QA-batch-198	{"qaTest":true,"index":198}	192.168.1.173	QA Test Agent	2025-11-27 21:44:05.542
cml52306d017qumifjvimvuxl	cml522ycd0005umif3rvubhym	batch.status_change	batch	QA-batch-199	{"qaTest":true,"index":199}	192.168.1.210	QA Test Agent	2025-11-20 05:52:14.755
cml52306f017rumifbeha969y	cml522ycj0007umif8pp3i9e1	withdrawal.approve	withdrawal	QA-withdrawal-200	{"qaTest":true,"index":200}	192.168.1.220	QA Test Agent	2025-12-05 20:11:57.495
\.


--
-- Data for Name: AlertRule; Type: TABLE DATA; Schema: inventory; Owner: postgres
--

COPY inventory."AlertRule" (id, "ruleType", name, description, "thresholdDays", "thresholdQuantity", "thresholdMonths", "appliesToCategories", "isActive", "createdAt", "updatedAt") FROM stdin;
cmktlqdux002evihc7equja4f	EXPIRY_WARNING	התראת תפוגה 30 יום	התראה 30 ימים לפני פג תוקף	30	\N	\N	REAGENT,CONSUMABLE	t	2026-01-25 10:34:38.889	2026-01-25 10:34:38.889
cmktlqdux002fvihc7268kpvu	EXPIRY_WARNING	התראת תפוגה כדוריות 10 יום	התראה 10 ימים לפני פג תוקף לכדוריות	10	\N	\N	CELLS	t	2026-01-25 10:34:38.889	2026-01-25 10:34:38.889
cmktlqdux002gvihcynxnf8un	LOW_STOCK	מלאי נמוך	התראה כשמלאי מתחת ל-2 חודשים	\N	\N	2	REAGENT,CELLS,CONSUMABLE	t	2026-01-25 10:34:38.889	2026-01-25 10:34:38.889
cml522zpt010aumifdu3wj89s	EXPIRY_WARNING	התראת פג תוקף - 30 יום	QA Alert Rule: התראת פג תוקף - 30 יום	30	\N	\N	[]	t	2026-02-02 10:57:48.882	2026-02-02 10:57:48.882
cml522zpw010bumifxr0fxqaz	EXPIRY_WARNING	התראת פג תוקף - 7 ימים	QA Alert Rule: התראת פג תוקף - 7 ימים	7	\N	\N	[]	t	2026-02-02 10:57:48.884	2026-02-02 10:57:48.884
cml522zpz010cumif671tkx3m	LOW_STOCK	מלאי נמוך - ריאגנטים	QA Alert Rule: מלאי נמוך - ריאגנטים	\N	10	\N	["REAGENT"]	t	2026-02-02 10:57:48.887	2026-02-02 10:57:48.887
cml522zq1010dumifsxuwyvc6	LOW_STOCK	מלאי נמוך - כדוריות	QA Alert Rule: מלאי נמוך - כדוריות	\N	5	\N	["CELLS"]	t	2026-02-02 10:57:48.89	2026-02-02 10:57:48.89
cml522zq4010eumifp73sgq4s	LOW_STOCK	מלאי נמוך - מתכלים	QA Alert Rule: מלאי נמוך - מתכלים	\N	50	\N	["CONSUMABLE"]	t	2026-02-02 10:57:48.892	2026-02-02 10:57:48.892
cml522zq6010fumifl4pewwrq	PENDING_SUPPLY	אספקה ממתינה מעל 14 יום	QA Alert Rule: אספקה ממתינה מעל 14 יום	14	\N	\N	[]	t	2026-02-02 10:57:48.894	2026-02-02 10:57:48.894
cml522zq9010gumifmcvay4tp	COUNT_REQUIRED	נדרשת ספירת מלאי חודשית	QA Alert Rule: נדרשת ספירת מלאי חודשית	30	\N	\N	[]	t	2026-02-02 10:57:48.897	2026-02-02 10:57:48.897
cml522zqb010humifnzeyt23m	COA_MISSING	חסר COA לאצווה	QA Alert Rule: חסר COA לאצווה	7	\N	\N	[]	t	2026-02-02 10:57:48.9	2026-02-02 10:57:48.9
cml522zqe010iumiffj0hmiua	CUSTOM	התראה מותאמת - בדיקות איכות	QA Alert Rule: התראה מותאמת - בדיקות איכות	\N	\N	\N	[]	t	2026-02-02 10:57:48.902	2026-02-02 10:57:48.902
cml522zqh010jumifxf6jghkt	EXPIRY_WARNING	התראת פג תוקף קריטית - 3 ימים	QA Alert Rule: התראת פג תוקף קריטית - 3 ימים	3	\N	\N	[]	t	2026-02-02 10:57:48.905	2026-02-02 10:57:48.905
\.


--
-- Data for Name: ArchivedData; Type: TABLE DATA; Schema: inventory; Owner: postgres
--

COPY inventory."ArchivedData" (id, "entityType", "entityId", payload, "archivedAt", "archivedById", "restoredAt", "restoredById") FROM stdin;
\.


--
-- Data for Name: ArchivedReport; Type: TABLE DATA; Schema: inventory; Owner: postgres
--

COPY inventory."ArchivedReport" (id, "reportType", "reportDate", title, "fileUrl", metadata, "createdAt") FROM stdin;
\.


--
-- Data for Name: BarcodeFormat; Type: TABLE DATA; Schema: inventory; Owner: postgres
--

COPY inventory."BarcodeFormat" (id, name, "supplierId", "barcodeType", "parsePattern", "fieldMapping", "dateFormat", "sampleData", notes, "isActive", "createdAt", "updatedAt") FROM stdin;
\.


--
-- Data for Name: CompletedInventoryCount; Type: TABLE DATA; Schema: inventory; Owner: postgres
--

COPY inventory."CompletedInventoryCount" (id, "countDate", "completedAt", "totalReagentsCounted", "totalBatchesCounted", "varianceSummary", "csvExportUrl", "pdfReportUrl", "completedById", "createdAt") FROM stdin;
cml5230ci019vumifgjvhjo18	2026-01-11 04:17:09.633	2026-01-28 19:36:04.981	10	15	{"totalVariance":10,"itemsWithVariance":1}	\N	\N	cml522yby0001umifndrk3i8k	2026-02-02 10:57:49.699
cml5230dl01alumifsdw1iovv	2026-01-23 19:21:25.962	2026-01-24 20:49:33.924	12	17	{"totalVariance":-8.75,"itemsWithVariance":1}	\N	\N	cml522yca0004umiflkrikykl	2026-02-02 10:57:49.738
\.


--
-- Data for Name: DashboardNote; Type: TABLE DATA; Schema: inventory; Owner: postgres
--

COPY inventory."DashboardNote" (id, title, content, "noteType", priority, "isPinned", "ctaRoute", "createdById", "dismissedAt", "createdAt", "updatedAt") FROM stdin;
6899be0f54cfe0e0d886df2b	\N	1. לא מוצא מזהה אצווה\n2. אפשרות למחוק ולבטל משיכה\n3. לשפר משלוחים וניהול ריאגנטים וספקים - לעבור לטבלאות\n4. אייקון  חזור למסך קודם מאיפה שהגעתי במקום קבוע בכל מסך באפליקציה	GENERAL	0	f	\N	\N	\N	2025-08-11 09:55:27.299	2026-01-25 12:35:30.987
6899bd868379dd433ed40533	\N	במסך ספירת מלאי צריך להיות דבר כזה דבר ראשון כשגוללים למטה הכותרות צריכות להיות קפואות מה שנקרא כמו באקסל זאת אומרת הפרש כמות נספרת סך הכל כמות במערכת לפני ספירה פריט ברגע שגוללים למטה זה צריך ללכת יחד עם זה כדי שנבין על מה מדובר זה דבר ראשון דבר שני אני לא רוצה שיופיע שמה המודעה של הפרש מבחינתי יש לי מסך מיוחד של חישוב השלמות מלאי אני לא צריך את זה בכלל ספירת תנאי אמור להיות רק בשביל שנספור את המלאי נספור את אצוות וזה מה שמעניין אותי וזה מה שנוח אצוות הכוונה	GENERAL	0	f	\N	\N	\N	2025-08-11 09:53:10.167	2026-01-25 12:35:30.991
6899a3753a01b2646cf09a7d	\N	התראות: כמו כן הוסף אפשרות לבטל דרישות רכש פעילות מכל סוג וסטטוס וגם אם התקבלה חלקית. במקרה של התקבלה חלקית - המערכת תבצע עריכה אוטומטית של כל פריט של מספר היתרות לכמות הנוכחית שהתקבלה עד כה ואם לא התקבל פריט זה אז מספר היתרות יורד לאפס. וכך תהיה גם רשומה של הפעולה שנעשה כך שבעצם כל היתרות שההזמנה הוסיפו ימחק.\n\nחוץ מזה יש עוד בעיה בעניין של יש עוד משיכות ואספקות שהם בדרך ובקליטת משלוח לא מופיע מופיע אספקות אחרות ישנות או תעודות בכלל שכבר נמחקו מהמערכת הזמן שכבר נמחקו מהמערכת צריך לבדוק את העניין הזה איך זה עובד סביב העניין הלוגיקה הזה של עשיתי משיכה עשיתי הזמנה אולי להתחיל ככה למחוק מה שצריך את מהדת העצמו ולראות מאיפה הוא שואב את הדטה בקבלת משלוח בקליטת משלוח סליחה	GENERAL	0	f	\N	\N	\N	2025-08-11 08:01:57.677	2026-01-25 12:35:30.995
68823631395b67aa7d68863e	\N	בחישוב השלמת מלאי:\n\nABD-Confimation\n1554052602\nמ מלאי נוכחי\n12 \n\nאבל בספירת מלאי וניהול מלאי וריאגנטים מספר היחידות הינו 11 הסתכל על הפעולות שהתרחשו. יכול להיות שכאשר מחקתי משלוח יוצא המערכת לא השלימה בחזרה את מה שצריך היה לחזור למלאי?\n\nחוץ מזה למה אין מקור מידע אחיד למלאי שמתעדכן וממנו נשאב המידע. איתו דבר לגבי הספקים	GENERAL	0	f	\N	\N	\N	2025-07-24 13:33:37.642	2026-01-25 12:35:31.001
687d40e9ca05c4cc2bb52a63	\N	יש לבצע ייצוא שנתי של כל תעודות ה-COA לשנת 2023 ולשמור בארכיון. ניתן לבצע את הפעולה דרך פאנל הניהול.	GENERAL	0	t	\N	\N	\N	2025-07-20 19:18:01.017	2026-01-25 12:35:31.006
6877b20f4cf52f0b27c3f97e	\N	1. מסך ניהול משלוחים נכנסים - לשנות שם למשלוחים שהתקבלו, שתהיה אפשרות קודם לצפות ורק אח"כ ממצב צפייה אפשרות לערוך. \n2. UI  בכל מקום באפליקציה שמופיע נתון שיש לו ערך או מסך תצוגה יהיה אפשרות ללחוץ על הטקסט עצמו ולעבור בקיצור לצפייה במסך המידע שמפרט על האובייקט.\n3. לא מופיעות כל ההזמנות הפתוחות והמשיכות בדשבורד כאספקות ממתינות יתכן שבגלל שהן בסטטוס טיוטה - לכן יש לאפשר גם לסטטוס הנ"ל להופיע\n9. דוחות וניתוח נתונים - להשלים\n11.עיצוב - טוטוריאל \n12. בדיקות ע"י המערכת ושלי.\n13. מנגנון דיווח על באגים - לתיקון בגרסאות הבאים\n14. authentification \n15. יצירת מערכת זיהוי טופס ואז אפשרות לקרוא נתונים מהקובץ על פי החוקיות\n\n\nשאני לוחץ אוסף הערה הוא מעביר אותי לעריכת הערה של ליקויים לתיקון במערכת דבר שני כאשר אני מוחק דרישת רכש בניהול דרישות רכש אם זה הזמנת מסגרת אז המערכת צריכה לשאול אותי האם המשיכות שיש המערכת צריכה לבדוק קודם כל אם יש משיכות על אותה הזמנה אם יש משיכות היא אומרת שיש משיכות על אותה הזמנה אם אתה רוצה למחוק בכל זאת ואז גם המשיכות יתבטלו או לא לבטל ככה המשתמש יהיה מודע למה שקורה עם המשיכות ואם רוצה לבטל אותם אם רוצה בכל זאת לבטל את הדרישות רכש אז גם הן יבוטלו	GENERAL	0	t	\N	\N	\N	2025-07-16 14:07:11.033	2026-01-25 12:35:31.011
\.


--
-- Data for Name: Delivery; Type: TABLE DATA; Schema: inventory; Owner: postgres
--

COPY inventory."Delivery" (id, "deliveryNumber", "supplierId", "supplierSnapshot", "orderId", "withdrawalRequestId", "deliveryDate", status, "documentUrl", "isRecurringSupply", notes, "createdAt", "updatedAt") FROM stdin;
68b6f3271bddc1d4e359012b	DN-20250902-4742	688205dd31dd7f098f48a208	BIORAD	\N	\N	2025-09-02 00:00:00	PROCESSED	\N	f		2025-09-02 13:37:43.665	2026-01-25 12:35:30.941
68ac62c8cef729571e5709a7	DN-20250825-9587	688205dd31dd7f098f48a208	BIORAD	688b219ac8d3fdb657dacc46	\N	2025-08-25 00:00:00	PROCESSED	\N	f		2025-08-25 13:19:04.92	2026-01-25 12:35:30.947
68a5781ff19780932d541755	DEL-1755674654693	688205dd31dd7f098f48a208	BIORAD	688b219ac8d3fdb657dacc46	\N	2025-08-20 00:00:00	PROCESSED	\N	f		2025-08-20 07:24:15.194	2026-01-25 12:35:30.952
cml522yr500acumifinpcw4xr	DEL-202602-0001	cml522yd0000cumif2s439164	Grifols	cml522ym5006gumifybk40me0	\N	2025-12-13 04:42:14.422	CANCELLED	\N	f	QA Test Delivery 1	2026-02-02 10:57:47.634	2026-02-02 10:57:47.634
cml522yrd00aiumif20x2htbx	DEL-202602-0002	cml522yd6000eumifhmfpkqfa	DiaMed / Bio-Rad	cml522ynl007kumifq7vwamgg	\N	2026-01-04 11:06:44.863	NEW	\N	f	QA Test Delivery 2	2026-02-02 10:57:47.642	2026-02-02 10:57:47.642
cml522yrn00aqumifl67za4ik	DEL-202602-0003	cml522ycx000bumifkshg1tap	Ortho Clinical Diagnostics	cml522yjs0050umifg52tznca	\N	2026-01-13 18:49:57.619	PROCESSING	\N	f	QA Test Delivery 3	2026-02-02 10:57:47.652	2026-02-02 10:57:47.652
cml522yrz00b0umifw6fivdad	DEL-202602-0004	cml522ycx000bumifkshg1tap	Ortho Clinical Diagnostics	cml522yq6009kumif7xjpob3j	\N	2026-01-23 11:27:37.418	NEW	\N	f	QA Test Delivery 4	2026-02-02 10:57:47.663	2026-02-02 10:57:47.663
cml522ys600b6umiftm6e2mdu	DEL-202602-0005	cml522yd0000cumif2s439164	Grifols	cml522yn50078umifouab48s5	\N	2026-01-10 08:35:48.068	PROCESSING	\N	f	QA Test Delivery 5	2026-02-02 10:57:47.671	2026-02-02 10:57:47.671
cml522ysd00bcumifopykibjk	DEL-202602-0006	cml522yd0000cumif2s439164	Grifols	cml522ym5006gumifybk40me0	\N	2026-01-03 22:53:51.724	PROCESSING	\N	t	QA Test Delivery 6	2026-02-02 10:57:47.678	2026-02-02 10:57:47.678
cml522ysi00bgumifpsht1wfu	DEL-202602-0007	cml522yd4000dumif8gfjvrqr	Immucor	\N	\N	2026-01-12 09:14:38.892	NEW	\N	f	QA Test Delivery 7	2026-02-02 10:57:47.683	2026-02-02 10:57:47.683
cml522ysr00boumifsgs4h5oy	DEL-202602-0008	cml522yd0000cumif2s439164	Grifols	\N	\N	2026-01-16 03:02:04.34	PROCESSING	\N	t	QA Test Delivery 8	2026-02-02 10:57:47.692	2026-02-02 10:57:47.692
cml522yt200bwumifam6w1ra0	DEL-202602-0009	cml522ycu000aumifihofztd3	Bio-Rad Laboratories	cml522ynl007kumifq7vwamgg	\N	2025-12-30 07:08:28.127	PROCESSING	\N	f	QA Test Delivery 9	2026-02-02 10:57:47.702	2026-02-02 10:57:47.702
cml522ytc00c6umif3nghww9c	DEL-202602-0010	cml522ycx000bumifkshg1tap	Ortho Clinical Diagnostics	cml522ygy002yumif18ciwy0g	\N	2026-01-22 06:00:02.751	COMPLETED	\N	f	QA Test Delivery 10	2026-02-02 10:57:47.713	2026-02-02 10:57:47.713
cml522ytm00ccumifj0nrz9tz	DEL-202602-0011	cml522yd4000dumif8gfjvrqr	Immucor	\N	\N	2026-01-15 13:10:44.85	COMPLETED	\N	f	QA Test Delivery 11	2026-02-02 10:57:47.723	2026-02-02 10:57:47.723
cml522ytz00cmumif8dd487m2	DEL-202602-0012	cml522yd0000cumif2s439164	Grifols	cml522yps0098umifbjol5uek	\N	2026-01-25 08:14:55.924	COMPLETED	\N	t	QA Test Delivery 12	2026-02-02 10:57:47.736	2026-02-02 10:57:47.736
cml522yu500cqumif31jhpbex	DEL-202602-0013	cml522yd6000eumifhmfpkqfa	DiaMed / Bio-Rad	cml522yo4007yumifmhkfx9cl	\N	2025-12-05 16:51:33.831	NEW	\N	f	QA Test Delivery 13	2026-02-02 10:57:47.742	2026-02-02 10:57:47.742
cml522yud00cwumifzy9m1ztl	DEL-202602-0014	cml522ycu000aumifihofztd3	Bio-Rad Laboratories	cml522yql009wumif37p4j6jc	\N	2025-12-15 12:45:40.738	CANCELLED	\N	f	QA Test Delivery 14	2026-02-02 10:57:47.749	2026-02-02 10:57:47.749
cml522yup00d6umifgbrhpk0s	DEL-202602-0015	cml522ycu000aumifihofztd3	Bio-Rad Laboratories	cml522ypf008yumifzjnntn4z	\N	2025-12-26 22:15:28.906	NEW	\N	f	QA Test Delivery 15	2026-02-02 10:57:47.762	2026-02-02 10:57:47.762
cml522yv200dgumif18r5r531	DEL-202602-0016	cml522ycx000bumifkshg1tap	Ortho Clinical Diagnostics	cml522ykd005cumifooh5b3fo	\N	2025-12-27 06:25:31.838	CANCELLED	\N	f	QA Test Delivery 16	2026-02-02 10:57:47.774	2026-02-02 10:57:47.774
cml522yvf00dqumif6c4uqg3x	DEL-202602-0017	cml522yd0000cumif2s439164	Grifols	\N	\N	2026-01-04 02:05:39.651	COMPLETED	\N	f	QA Test Delivery 17	2026-02-02 10:57:47.788	2026-02-02 10:57:47.788
cml522yvp00dwumifgrb65hyt	DEL-202602-0018	cml522yd6000eumifhmfpkqfa	DiaMed / Bio-Rad	cml522ylw006aumifnpx9uxxj	\N	2025-12-31 10:02:12.262	NEW	\N	f	QA Test Delivery 18	2026-02-02 10:57:47.797	2026-02-02 10:57:47.797
cml522yw000e6umifswg4hk1u	DEL-202602-0019	cml522yd6000eumifhmfpkqfa	DiaMed / Bio-Rad	cml522ygy002yumif18ciwy0g	\N	2026-01-07 03:51:32.78	NEW	\N	t	QA Test Delivery 19	2026-02-02 10:57:47.809	2026-02-02 10:57:47.809
cml522ywa00eeumifew8n9k5e	DEL-202602-0020	cml522ycu000aumifihofztd3	Bio-Rad Laboratories	cml522yi7003uumif0dpf9pw0	\N	2026-01-21 14:34:17.624	NEW	\N	t	QA Test Delivery 20	2026-02-02 10:57:47.819	2026-02-02 10:57:47.819
\.


--
-- Data for Name: DeliveryItem; Type: TABLE DATA; Schema: inventory; Owner: postgres
--

COPY inventory."DeliveryItem" (id, "deliveryId", "reagentId", "batchNumber", quantity, "expiryDate", "acceptedQuantity", "rejectedQuantity", "rejectionReason", "createdAt", "updatedAt") FROM stdin;
68b6f329f1e905d30d844704	68b6f3271bddc1d4e359012b	6874eea11c74e928bd66bad1	ttt	0	2025-09-07 00:00:00	\N	\N	\N	2025-09-02 13:37:45.579	2026-01-25 12:35:30.96
68ac62ca82a28ff3d5350293	68ac62c8cef729571e5709a7	6874eea21c74e928bd66baf7	4343434	0	2025-08-31 00:00:00	\N	\N	\N	2025-08-25 13:19:06.756	2026-01-25 12:35:30.965
68a578217ef9400f81e3e4cd	68a5781ff19780932d541755	6874eea21c74e928bd66baf7	בדיקקה	0	2025-08-30 00:00:00	\N	\N	\N	2025-08-20 07:24:17.048	2026-01-25 12:35:30.97
cml522yr800aeumifm252ztwh	cml522yr500acumifinpcw4xr	cml522yf9001wumifrf4damoq	LOT-DEL-1-1	18	2026-07-27 10:57:47.631	\N	\N	\N	2026-02-02 10:57:47.637	2026-02-02 10:57:47.637
cml522yrb00agumifsoyd4g66	cml522yr500acumifinpcw4xr	cml522yef001aumif8pd5emjt	LOT-DEL-1-2	47.75	2026-06-12 10:57:47.631	\N	\N	\N	2026-02-02 10:57:47.639	2026-02-02 10:57:47.639
cml522yrf00akumif7aqvpj6f	cml522yrd00aiumif20x2htbx	cml522yel001eumif2f9rz8wp	LOT-DEL-2-1	46	2027-01-18 10:57:47.631	\N	\N	\N	2026-02-02 10:57:47.644	2026-02-02 10:57:47.644
cml522yrh00amumifsb9ia2fe	cml522yrd00aiumif20x2htbx	cml522yf7001uumiftrmxe7o8	LOT-DEL-2-2	25.25	2026-07-27 10:57:47.631	\N	\N	\N	2026-02-02 10:57:47.646	2026-02-02 10:57:47.646
cml522yrj00aoumifmv9d2aw5	cml522yrd00aiumif20x2htbx	cml522yen001gumifms17l7ah	LOT-DEL-2-3	10	2026-07-03 10:57:47.631	\N	\N	\N	2026-02-02 10:57:47.648	2026-02-02 10:57:47.648
cml522yrp00asumif1coyizy2	cml522yrn00aqumifl67za4ik	cml522yfq0028umifpqnm6bd2	LOT-DEL-3-1	48.25	2026-05-22 10:57:47.631	\N	\N	\N	2026-02-02 10:57:47.654	2026-02-02 10:57:47.654
cml522yrs00auumif40mz7jl3	cml522yrn00aqumifl67za4ik	cml522yel001eumif2f9rz8wp	LOT-DEL-3-2	20.25	2027-01-07 10:57:47.631	\N	\N	\N	2026-02-02 10:57:47.656	2026-02-02 10:57:47.656
cml522yru00awumif3y2qsa4j	cml522yrn00aqumifl67za4ik	cml522yfv002cumifqa9yp5oe	LOT-DEL-3-3	27	2026-05-28 10:57:47.631	\N	\N	\N	2026-02-02 10:57:47.658	2026-02-02 10:57:47.658
cml522yrw00ayumif3bl6rm5i	cml522yrn00aqumifl67za4ik	cml522yel001eumif2f9rz8wp	LOT-DEL-3-4	10.25	2026-12-26 10:57:47.631	\N	\N	\N	2026-02-02 10:57:47.661	2026-02-02 10:57:47.661
cml522ys100b2umifbs49e0n9	cml522yrz00b0umifw6fivdad	cml522yg5002iumifrq2jdcpx	LOT-DEL-4-1	22.75	2026-08-13 10:57:47.631	\N	\N	\N	2026-02-02 10:57:47.666	2026-02-02 10:57:47.666
cml522ys300b4umifn64fftay	cml522yrz00b0umifw6fivdad	cml522ygh002oumif7wngtu8h	LOT-DEL-4-2	43.75	2026-05-11 10:57:47.631	\N	\N	\N	2026-02-02 10:57:47.668	2026-02-02 10:57:47.668
cml522ys800b8umif2tku6ia6	cml522ys600b6umiftm6e2mdu	cml522yf3001sumif4pywaqgq	LOT-DEL-5-1	6.5	2026-06-20 10:57:47.631	\N	\N	\N	2026-02-02 10:57:47.673	2026-02-02 10:57:47.673
cml522ysa00baumif7l8p29w3	cml522ys600b6umiftm6e2mdu	cml522yef001aumif8pd5emjt	LOT-DEL-5-2	26	2027-01-21 10:57:47.631	\N	\N	\N	2026-02-02 10:57:47.675	2026-02-02 10:57:47.675
cml522ysf00beumifcyz7ityj	cml522ysd00bcumifopykibjk	cml522yfq0028umifpqnm6bd2	LOT-DEL-6-1	10.25	2026-05-27 10:57:47.631	\N	\N	\N	2026-02-02 10:57:47.68	2026-02-02 10:57:47.68
cml522ysl00biumifzbv8q8ta	cml522ysi00bgumifpsht1wfu	cml522yfc001yumiflk04iayj	LOT-DEL-7-1	8.5	2026-11-16 10:57:47.631	\N	\N	\N	2026-02-02 10:57:47.685	2026-02-02 10:57:47.685
cml522ysm00bkumifw29bbmi5	cml522ysi00bgumifpsht1wfu	cml522ygb002mumifnwqbuutw	LOT-DEL-7-2	41.5	2026-05-06 10:57:47.631	\N	\N	\N	2026-02-02 10:57:47.687	2026-02-02 10:57:47.687
cml522yso00bmumifxjamvt5e	cml522ysi00bgumifpsht1wfu	cml522yef001aumif8pd5emjt	LOT-DEL-7-3	27.75	2026-08-24 10:57:47.631	\N	\N	\N	2026-02-02 10:57:47.689	2026-02-02 10:57:47.689
cml522ysu00bqumifai0935kv	cml522ysr00boumifsgs4h5oy	cml522yfk0024umifjm8p5jg9	LOT-DEL-8-1	17.5	2026-10-19 10:57:47.631	\N	\N	\N	2026-02-02 10:57:47.695	2026-02-02 10:57:47.695
cml522ysw00bsumifnarsgqq7	cml522ysr00boumifsgs4h5oy	cml522ygb002mumifnwqbuutw	LOT-DEL-8-2	24.75	2026-10-13 10:57:47.631	\N	\N	\N	2026-02-02 10:57:47.697	2026-02-02 10:57:47.697
cml522ysz00buumifpj4h2g7g	cml522ysr00boumifsgs4h5oy	cml522ygn002sumif4gmbockp	LOT-DEL-8-3	36.25	2026-08-05 10:57:47.631	\N	\N	\N	2026-02-02 10:57:47.699	2026-02-02 10:57:47.699
cml522yt400byumifbivytm50	cml522yt200bwumifam6w1ra0	cml522yfv002cumifqa9yp5oe	LOT-DEL-9-1	29.25	2026-07-02 10:57:47.631	\N	\N	\N	2026-02-02 10:57:47.704	2026-02-02 10:57:47.704
cml522yt500c0umifj0ldu3t1	cml522yt200bwumifam6w1ra0	cml522yf3001sumif4pywaqgq	LOT-DEL-9-2	44.5	2027-01-17 10:57:47.631	\N	\N	\N	2026-02-02 10:57:47.706	2026-02-02 10:57:47.706
cml522yt700c2umif0ogitxjb	cml522yt200bwumifam6w1ra0	cml522yf9001wumifrf4damoq	LOT-DEL-9-3	46.25	2026-09-27 10:57:47.631	\N	\N	\N	2026-02-02 10:57:47.708	2026-02-02 10:57:47.708
cml522yt900c4umifr5jtsgww	cml522yt200bwumifam6w1ra0	cml522yev001mumifwtxp4gxi	LOT-DEL-9-4	13.25	2026-08-13 10:57:47.631	\N	\N	\N	2026-02-02 10:57:47.71	2026-02-02 10:57:47.71
cml522ytf00c8umifzogje8b1	cml522ytc00c6umif3nghww9c	cml522ygt002wumif53ke8fik	LOT-DEL-10-1	49.75	2026-07-18 10:57:47.631	49.75	\N	\N	2026-02-02 10:57:47.715	2026-02-02 10:57:47.715
cml522ytj00caumif6oz5n0s4	cml522ytc00c6umif3nghww9c	cml522yex001oumifhloh25wn	LOT-DEL-10-2	15.75	2026-05-17 10:57:47.631	15.75	\N	\N	2026-02-02 10:57:47.719	2026-02-02 10:57:47.719
cml522ytp00ceumifmwcv2i0t	cml522ytm00ccumifj0nrz9tz	cml522yg8002kumif6zk00zvp	LOT-DEL-11-1	38.75	2027-01-04 10:57:47.631	38.75	0.75	\N	2026-02-02 10:57:47.725	2026-02-02 10:57:47.725
cml522ytr00cgumifuc0mahab	cml522ytm00ccumifj0nrz9tz	cml522ygt002wumif53ke8fik	LOT-DEL-11-2	39	2026-10-03 10:57:47.631	39	\N	\N	2026-02-02 10:57:47.727	2026-02-02 10:57:47.727
cml522ytu00ciumifbk4whwdp	cml522ytm00ccumifj0nrz9tz	cml522yfk0024umifjm8p5jg9	LOT-DEL-11-3	20.75	2026-12-29 10:57:47.631	20.75	1.5	\N	2026-02-02 10:57:47.73	2026-02-02 10:57:47.73
cml522ytw00ckumif25b0pqjb	cml522ytm00ccumifj0nrz9tz	cml522yex001oumifhloh25wn	LOT-DEL-11-4	30.75	2026-09-30 10:57:47.631	30.75	\N	\N	2026-02-02 10:57:47.732	2026-02-02 10:57:47.732
cml522yu200coumif0co1yllt	cml522ytz00cmumif8dd487m2	cml522yev001mumifwtxp4gxi	LOT-DEL-12-1	27.75	2026-09-04 10:57:47.631	27.75	1.75	\N	2026-02-02 10:57:47.738	2026-02-02 10:57:47.738
cml522yu800csumift3zplc3l	cml522yu500cqumif31jhpbex	cml522yf0001qumifruaprz7a	LOT-DEL-13-1	18.5	2026-07-16 10:57:47.631	\N	\N	\N	2026-02-02 10:57:47.744	2026-02-02 10:57:47.744
cml522yua00cuumiff5xld4sj	cml522yu500cqumif31jhpbex	cml522yfy002eumifr2gw6o4i	LOT-DEL-13-2	37.25	2026-08-26 10:57:47.631	\N	\N	\N	2026-02-02 10:57:47.746	2026-02-02 10:57:47.746
cml522yug00cyumift5mmru3z	cml522yud00cwumifzy9m1ztl	cml522yfy002eumifr2gw6o4i	LOT-DEL-14-1	10.5	2026-07-08 10:57:47.631	\N	\N	\N	2026-02-02 10:57:47.752	2026-02-02 10:57:47.752
cml522yui00d0umifwlc5iaam	cml522yud00cwumifzy9m1ztl	cml522yen001gumifms17l7ah	LOT-DEL-14-2	14.75	2026-09-12 10:57:47.631	\N	\N	\N	2026-02-02 10:57:47.754	2026-02-02 10:57:47.754
cml522yuk00d2umifvd2tqrk9	cml522yud00cwumifzy9m1ztl	cml522yff0020umifyfz0cmzd	LOT-DEL-14-3	18.75	2026-07-16 10:57:47.631	\N	\N	\N	2026-02-02 10:57:47.756	2026-02-02 10:57:47.756
cml522yum00d4umifvecx8ouo	cml522yud00cwumifzy9m1ztl	cml522yf3001sumif4pywaqgq	LOT-DEL-14-4	15.25	2026-11-22 10:57:47.631	\N	\N	\N	2026-02-02 10:57:47.758	2026-02-02 10:57:47.758
cml522yus00d8umifktjglkca	cml522yup00d6umifgbrhpk0s	cml522ygt002wumif53ke8fik	LOT-DEL-15-1	32	2026-07-09 10:57:47.631	\N	\N	\N	2026-02-02 10:57:47.764	2026-02-02 10:57:47.764
cml522yuu00daumifiwhowpj3	cml522yup00d6umifgbrhpk0s	cml522yel001eumif2f9rz8wp	LOT-DEL-15-2	22.25	2027-01-03 10:57:47.631	\N	\N	\N	2026-02-02 10:57:47.766	2026-02-02 10:57:47.766
cml522yuw00dcumifomwx6td1	cml522yup00d6umifgbrhpk0s	cml522yev001mumifwtxp4gxi	LOT-DEL-15-3	12.75	2026-11-22 10:57:47.631	\N	\N	\N	2026-02-02 10:57:47.769	2026-02-02 10:57:47.769
cml522yuz00deumifaxbjig62	cml522yup00d6umifgbrhpk0s	cml522yfc001yumiflk04iayj	LOT-DEL-15-4	24.75	2026-05-30 10:57:47.631	\N	\N	\N	2026-02-02 10:57:47.771	2026-02-02 10:57:47.771
cml522yv400diumifmh6gwvgj	cml522yv200dgumif18r5r531	cml522yef001aumif8pd5emjt	LOT-DEL-16-1	14.5	2026-10-28 10:57:47.631	\N	\N	\N	2026-02-02 10:57:47.777	2026-02-02 10:57:47.777
cml522yv700dkumifv5b4fpuh	cml522yv200dgumif18r5r531	cml522yel001eumif2f9rz8wp	LOT-DEL-16-2	19.75	2026-08-17 10:57:47.631	\N	\N	\N	2026-02-02 10:57:47.779	2026-02-02 10:57:47.779
cml522yva00dmumif4jdlwdgh	cml522yv200dgumif18r5r531	cml522yei001cumif3ucbwfdi	LOT-DEL-16-3	22.75	2026-07-27 10:57:47.631	\N	\N	\N	2026-02-02 10:57:47.782	2026-02-02 10:57:47.782
cml522yvc00doumifdwgunfo8	cml522yv200dgumif18r5r531	cml522yex001oumifhloh25wn	LOT-DEL-16-4	25.75	2026-11-17 10:57:47.631	\N	\N	\N	2026-02-02 10:57:47.785	2026-02-02 10:57:47.785
cml522yvi00dsumifvvgkyg7l	cml522yvf00dqumif6c4uqg3x	cml522yff0020umifyfz0cmzd	LOT-DEL-17-1	16.5	2026-07-04 10:57:47.631	16.5	\N	\N	2026-02-02 10:57:47.79	2026-02-02 10:57:47.79
cml522yvl00duumif28a1hqm8	cml522yvf00dqumif6c4uqg3x	cml522yfv002cumifqa9yp5oe	LOT-DEL-17-2	7.75	2026-12-16 10:57:47.631	7.75	2.75	\N	2026-02-02 10:57:47.793	2026-02-02 10:57:47.793
cml522yvr00dyumifuo81c9pf	cml522yvp00dwumifgrb65hyt	cml522yei001cumif3ucbwfdi	LOT-DEL-18-1	36.5	2026-06-16 10:57:47.631	\N	\N	\N	2026-02-02 10:57:47.8	2026-02-02 10:57:47.8
cml522yvu00e0umifa5c9e5ih	cml522yvp00dwumifgrb65hyt	cml522yf7001uumiftrmxe7o8	LOT-DEL-18-2	49.5	2026-07-29 10:57:47.631	\N	\N	\N	2026-02-02 10:57:47.802	2026-02-02 10:57:47.802
cml522yvw00e2umiftf9e4fgp	cml522yvp00dwumifgrb65hyt	cml522yeq001iumifgaii9j95	LOT-DEL-18-3	24.5	2026-07-22 10:57:47.631	\N	\N	\N	2026-02-02 10:57:47.804	2026-02-02 10:57:47.804
cml522yvx00e4umifue195kca	cml522yvp00dwumifgrb65hyt	cml522yg5002iumifrq2jdcpx	LOT-DEL-18-4	19.5	2026-08-01 10:57:47.631	\N	\N	\N	2026-02-02 10:57:47.806	2026-02-02 10:57:47.806
cml522yw300e8umif5yd7yg52	cml522yw000e6umifswg4hk1u	cml522yex001oumifhloh25wn	LOT-DEL-19-1	14.25	2026-06-06 10:57:47.631	\N	\N	\N	2026-02-02 10:57:47.811	2026-02-02 10:57:47.811
cml522yw400eaumifdezaf1tv	cml522yw000e6umifswg4hk1u	cml522yen001gumifms17l7ah	LOT-DEL-19-2	22.75	2026-05-07 10:57:47.631	\N	\N	\N	2026-02-02 10:57:47.813	2026-02-02 10:57:47.813
cml522yw700ecumif7ch185ag	cml522yw000e6umifswg4hk1u	cml522yes001kumif307qs6ey	LOT-DEL-19-3	13.5	2027-01-11 10:57:47.631	\N	\N	\N	2026-02-02 10:57:47.815	2026-02-02 10:57:47.815
cml522ywd00egumife1vp7uwz	cml522ywa00eeumifew8n9k5e	cml522yfk0024umifjm8p5jg9	LOT-DEL-20-1	31.5	2027-01-10 10:57:47.631	\N	\N	\N	2026-02-02 10:57:47.821	2026-02-02 10:57:47.821
cml522ywf00eiumif3m4nw17o	cml522ywa00eeumifew8n9k5e	cml522ygq002uumif2yplvldv	LOT-DEL-20-2	44	2026-09-22 10:57:47.631	\N	\N	\N	2026-02-02 10:57:47.824	2026-02-02 10:57:47.824
cml522ywi00ekumifx6d4w2q1	cml522ywa00eeumifew8n9k5e	cml522yg5002iumifrq2jdcpx	LOT-DEL-20-3	17.75	2027-01-24 10:57:47.631	\N	\N	\N	2026-02-02 10:57:47.826	2026-02-02 10:57:47.826
cml522ywk00emumif88wihni5	cml522ywa00eeumifew8n9k5e	cml522yfy002eumifr2gw6o4i	LOT-DEL-20-4	10.5	2026-07-28 10:57:47.631	\N	\N	\N	2026-02-02 10:57:47.828	2026-02-02 10:57:47.828
\.


--
-- Data for Name: DispenseEvent; Type: TABLE DATA; Schema: inventory; Owner: postgres
--

COPY inventory."DispenseEvent" (id, "reagentId", "batchId", quantity, "dispensedById", "dispensedAt", "scanMethod", "rawScanData", purpose, notes, "createdAt") FROM stdin;
cmmc6ebm60001umw6j81pge66	6874eea11c74e928bd66bad2	6877e8234a54db2cbbe368d0	2	6874a8334a2629bd298ff241	2026-03-04 15:12:41.55	MANUAL	\N	השמדה	\N	2026-03-04 15:12:41.55
\.


--
-- Data for Name: DocumentationNote; Type: TABLE DATA; Schema: inventory; Owner: postgres
--

COPY inventory."DocumentationNote" (id, "pageId", title, content, category, "relatedEntities", "lastEditorId", "createdAt", "updatedAt") FROM stdin;
\.


--
-- Data for Name: ExpiredProductLog; Type: TABLE DATA; Schema: inventory; Owner: postgres
--

COPY inventory."ExpiredProductLog" (id, "reagentId", "batchId", quantity, "actionTaken", "handledById", "handledAt", reason, notes, "createdAt") FROM stdin;
cmlj8vasc0001umj6tpyptw97	cml522yfq0028umifpqnm6bd2	cml522z2s00ikumifgngnxmp2	79	disposed	6874a8334a2629bd298ff241	2026-02-12 09:16:32.951	\N	\N	2026-02-12 09:16:33.756
cmlj8vf830005umj6auftts3p	cml522yff0020umifyfz0cmzd	cml522yzx00gsumif82r2ttte	148	disposed	6874a8334a2629bd298ff241	2026-02-12 09:16:38.698	\N	\N	2026-02-12 09:16:39.507
cmljdlgq40005umf00jt4wtxd	cml522yfq0028umifpqnm6bd2	cml522z3b00iuumifjw1p0opl	151	disposed	6874a8334a2629bd298ff241	2026-02-12 11:28:52.169	\N	\N	2026-02-12 11:28:52.972
\.


--
-- Data for Name: FrameworkOrder; Type: TABLE DATA; Schema: inventory; Owner: postgres
--

COPY inventory."FrameworkOrder" (id, "orderId", "validFrom", "validTo", "maxTotalQuantity", "availableQuantity", "createdAt", "updatedAt") FROM stdin;
cmkv68eaa0001viu5lrwhvp7x	cmkv2ayt90009viy2rrpzotdz	2026-01-26 11:06:19.198	2027-01-26 11:06:19.198	40	40	2026-01-26 12:56:17.747	2026-01-26 12:56:17.747
cml522yha0038umifkfu3ha1n	cml522ygy002yumif18ciwy0g	2025-09-05 17:25:14.153	2026-09-05 17:25:14.153	1000	220	2026-02-02 10:57:47.279	2026-02-02 10:57:47.279
cml522yiw004eumifbkb42dic	cml522yii0042umifbeqq6i5x	2025-12-05 05:51:54.922	2026-12-05 05:51:54.922	1000	711	2026-02-02 10:57:47.337	2026-02-02 10:57:47.337
cml522yjf004sumif0l6b1y3g	cml522yj0004gumifbhtb6ajx	2025-08-16 02:52:56.263	2026-08-16 02:52:56.263	1000	351	2026-02-02 10:57:47.355	2026-02-02 10:57:47.355
cml522ym1006eumifowrfv04j	cml522ylw006aumifnpx9uxxj	2025-11-01 08:42:09.426	2026-11-01 08:42:09.426	1000	418	2026-02-02 10:57:47.45	2026-02-02 10:57:47.45
cml522yo0007wumif34zjhq9m	cml522ynt007qumifjm16t236	2026-01-29 16:13:27.471	2027-01-29 16:13:27.471	1000	685	2026-02-02 10:57:47.521	2026-02-02 10:57:47.521
cml522yor008gumif22cmpes0	cml522yom008cumifotzxspbg	2025-11-02 05:43:34.996	2026-11-02 05:43:34.996	1000	782	2026-02-02 10:57:47.547	2026-02-02 10:57:47.547
\.


--
-- Data for Name: FrameworkOrderItem; Type: TABLE DATA; Schema: inventory; Owner: postgres
--

COPY inventory."FrameworkOrderItem" (id, "frameworkOrderId", "reagentId", "allocatedQuantity", "consumedQuantity", "availableQuantity", "createdAt", "updatedAt") FROM stdin;
cmkv68eah0002viu52k4i5emc	cmkv68eaa0001viu5lrwhvp7x	6874eea21c74e928bd66bafd	40	0	40	2026-01-26 12:56:17.753	2026-01-26 12:56:17.753
\.


--
-- Data for Name: InventoryCountDraft; Type: TABLE DATA; Schema: inventory; Owner: postgres
--

COPY inventory."InventoryCountDraft" (id, "startedAt", "lastSavedAt", status, "startedById", "createdAt", "updatedAt") FROM stdin;
cmkts1p6f0000viemrzj7z08d	2026-01-25 13:31:24.471	2026-01-25 13:31:24.471	DRAFT	\N	2026-01-25 13:31:24.471	2026-01-25 13:31:24.471
cml523098017sumifoq8a9t8f	2026-01-16 12:57:46.416	2026-01-16 12:57:46.416	DRAFT	cml522ybt0000umif28tks2la	2026-02-02 10:57:49.58	2026-02-02 10:57:49.58
cml5230am018numifpfgl3mcg	2026-01-06 19:32:43.762	2026-01-06 19:32:43.762	IN_PROGRESS	cml522yby0001umifndrk3i8k	2026-02-02 10:57:49.631	2026-02-02 10:57:49.631
cml5230bm019aumiflmq3tw6l	2026-01-11 04:17:09.633	2026-01-28 19:36:04.981	COMPLETED	cml522yby0001umifndrk3i8k	2026-02-02 10:57:49.667	2026-02-02 10:57:49.667
cml5230cm019wumif1wxxordv	2026-01-23 19:21:25.962	2026-01-24 20:49:33.924	COMPLETED	cml522yca0004umiflkrikykl	2026-02-02 10:57:49.703	2026-02-02 10:57:49.703
cml5230dn01amumifbpieg41i	2026-01-10 00:49:08.207	2026-01-10 00:49:08.207	DRAFT	cml522yby0001umifndrk3i8k	2026-02-02 10:57:49.74	2026-02-02 10:57:49.74
\.


--
-- Data for Name: InventoryCountEntry; Type: TABLE DATA; Schema: inventory; Owner: postgres
--

COPY inventory."InventoryCountEntry" (id, "countDraftId", "reagentId", "batchNumber", "countedQuantity", "expiryDate", notes, "createdAt", "updatedAt") FROM stdin;
cml52309b017uumifkqda0p9p	cml523098017sumifoq8a9t8f	cml522yfk0024umifjm8p5jg9	LOT-2026-00056	0.5	2026-06-16 05:10:02.809	\N	2026-02-02 10:57:49.583	2026-02-02 10:57:49.583
cml52309e017wumifhqkwbfcx	cml523098017sumifoq8a9t8f	cml522yen001gumifms17l7ah	\N	16.75	\N	Double checked	2026-02-02 10:57:49.586	2026-02-02 10:57:49.586
cml52309h017yumif6oog6pat	cml523098017sumifoq8a9t8f	cml522yef001aumif8pd5emjt	\N	61.75	\N	\N	2026-02-02 10:57:49.589	2026-02-02 10:57:49.589
cml52309k0180umiftc63bp4j	cml523098017sumifoq8a9t8f	cml522yfh0022umifovn10sh7	\N	5	\N	\N	2026-02-02 10:57:49.592	2026-02-02 10:57:49.592
cml52309n0182umiflkgna57c	cml523098017sumifoq8a9t8f	cml522yeq001iumifgaii9j95	\N	83.25	\N	Double checked	2026-02-02 10:57:49.595	2026-02-02 10:57:49.595
cml52309q0184umifqkyaaowb	cml523098017sumifoq8a9t8f	cml522yes001kumif307qs6ey	LOT-2026-00079	93.5	2026-05-25 23:09:29.907	\N	2026-02-02 10:57:49.598	2026-02-02 10:57:49.598
cml52309t0186umifrzt7dhzv	cml523098017sumifoq8a9t8f	cml522yfq0028umifpqnm6bd2	\N	60.25	\N	\N	2026-02-02 10:57:49.601	2026-02-02 10:57:49.601
cml52309v0188umifntzunqqb	cml523098017sumifoq8a9t8f	cml522yfy002eumifr2gw6o4i	\N	69.5	\N	\N	2026-02-02 10:57:49.604	2026-02-02 10:57:49.604
cml52309y018aumifz60q5fi4	cml523098017sumifoq8a9t8f	cml522ygk002qumifqhs99ncp	\N	3.75	\N	\N	2026-02-02 10:57:49.607	2026-02-02 10:57:49.607
cml5230a1018cumif67fojcyg	cml523098017sumifoq8a9t8f	cml522yei001cumif3ucbwfdi	\N	98	\N	\N	2026-02-02 10:57:49.61	2026-02-02 10:57:49.61
cml5230a4018eumifp46gdqcy	cml523098017sumifoq8a9t8f	cml522yf7001uumiftrmxe7o8	\N	100.25	\N	\N	2026-02-02 10:57:49.612	2026-02-02 10:57:49.612
cml5230a7018gumif7dqjfkya	cml523098017sumifoq8a9t8f	cml522yfn0026umif6kveddmj	\N	26.25	\N	Double checked	2026-02-02 10:57:49.616	2026-02-02 10:57:49.616
cml5230ac018iumifgvqtdeoz	cml523098017sumifoq8a9t8f	cml522yel001eumif2f9rz8wp	\N	82	\N	Double checked	2026-02-02 10:57:49.62	2026-02-02 10:57:49.62
cml5230ag018kumif77np718b	cml523098017sumifoq8a9t8f	cml522yg5002iumifrq2jdcpx	\N	68.5	\N	\N	2026-02-02 10:57:49.624	2026-02-02 10:57:49.624
cml5230aj018mumifuzj5t8v9	cml523098017sumifoq8a9t8f	cml522yf0001qumifruaprz7a	\N	61	\N	\N	2026-02-02 10:57:49.627	2026-02-02 10:57:49.627
cml5230aq018pumifgsy63ohg	cml5230am018numifpfgl3mcg	cml522yg5002iumifrq2jdcpx	\N	13.25	\N	\N	2026-02-02 10:57:49.634	2026-02-02 10:57:49.634
cml5230at018rumifsmr9iqu3	cml5230am018numifpfgl3mcg	cml522yei001cumif3ucbwfdi	\N	67.5	\N	\N	2026-02-02 10:57:49.638	2026-02-02 10:57:49.638
cml5230ax018tumif6g8um0y9	cml5230am018numifpfgl3mcg	cml522yel001eumif2f9rz8wp	\N	80.25	\N	Double checked	2026-02-02 10:57:49.641	2026-02-02 10:57:49.641
cml5230b0018vumifflmrsqty	cml5230am018numifpfgl3mcg	cml522yf9001wumifrf4damoq	\N	59.75	\N	\N	2026-02-02 10:57:49.644	2026-02-02 10:57:49.644
cml5230b2018xumifw67xudhc	cml5230am018numifpfgl3mcg	cml522yeq001iumifgaii9j95	\N	71.5	\N	\N	2026-02-02 10:57:49.647	2026-02-02 10:57:49.647
cml5230b5018zumifuy31eylm	cml5230am018numifpfgl3mcg	cml522ygk002qumifqhs99ncp	\N	28.75	\N	\N	2026-02-02 10:57:49.65	2026-02-02 10:57:49.65
cml5230b80191umifgqef21wa	cml5230am018numifpfgl3mcg	cml522yg8002kumif6zk00zvp	\N	100.75	\N	Double checked	2026-02-02 10:57:49.653	2026-02-02 10:57:49.653
cml5230bb0193umif7skoqon1	cml5230am018numifpfgl3mcg	cml522ygb002mumifnwqbuutw	\N	77.5	\N	Double checked	2026-02-02 10:57:49.656	2026-02-02 10:57:49.656
cml5230be0195umifjs73hm3k	cml5230am018numifpfgl3mcg	cml522yes001kumif307qs6ey	\N	81.75	\N	\N	2026-02-02 10:57:49.658	2026-02-02 10:57:49.658
cml5230bh0197umifeib1dt22	cml5230am018numifpfgl3mcg	cml522yen001gumifms17l7ah	\N	27.25	\N	\N	2026-02-02 10:57:49.661	2026-02-02 10:57:49.661
cml5230bk0199umifz2hcdodt	cml5230am018numifpfgl3mcg	cml522yg0002gumif26riua9v	\N	63	\N	Double checked	2026-02-02 10:57:49.664	2026-02-02 10:57:49.664
cml5230bp019cumifsgffgycq	cml5230bm019aumiflmq3tw6l	cml522yf3001sumif4pywaqgq	\N	7	\N	\N	2026-02-02 10:57:49.669	2026-02-02 10:57:49.669
cml5230br019eumif1l9ef90g	cml5230bm019aumiflmq3tw6l	cml522yg0002gumif26riua9v	\N	63.25	\N	\N	2026-02-02 10:57:49.672	2026-02-02 10:57:49.672
cml5230bu019gumifj7ykcnxn	cml5230bm019aumiflmq3tw6l	cml522ygq002uumif2yplvldv	LOT-2026-00046	32.75	2026-05-13 22:48:02.754	\N	2026-02-02 10:57:49.675	2026-02-02 10:57:49.675
cml5230bx019iumifxblxq4jn	cml5230bm019aumiflmq3tw6l	cml522yeq001iumifgaii9j95	\N	33.25	\N	\N	2026-02-02 10:57:49.677	2026-02-02 10:57:49.677
cml5230bz019kumifq5mdx7kf	cml5230bm019aumiflmq3tw6l	cml522yei001cumif3ucbwfdi	\N	11.25	\N	\N	2026-02-02 10:57:49.68	2026-02-02 10:57:49.68
cml5230c2019mumif8jke3p04	cml5230bm019aumiflmq3tw6l	cml522yfc001yumiflk04iayj	\N	28.75	\N	\N	2026-02-02 10:57:49.683	2026-02-02 10:57:49.683
cml5230c5019oumiff3cz2qie	cml5230bm019aumiflmq3tw6l	cml522yfh0022umifovn10sh7	\N	35.25	\N	Double checked	2026-02-02 10:57:49.686	2026-02-02 10:57:49.686
cml5230c9019qumifm75n3axt	cml5230bm019aumiflmq3tw6l	cml522yfk0024umifjm8p5jg9	\N	37.75	\N	\N	2026-02-02 10:57:49.689	2026-02-02 10:57:49.689
cml5230cc019sumifbtmf98wt	cml5230bm019aumiflmq3tw6l	cml522ygb002mumifnwqbuutw	\N	33.5	\N	\N	2026-02-02 10:57:49.692	2026-02-02 10:57:49.692
cml5230cf019uumifwha12u6b	cml5230bm019aumiflmq3tw6l	cml522yft002aumifinudia4u	\N	49.75	\N	\N	2026-02-02 10:57:49.696	2026-02-02 10:57:49.696
cml5230cq019yumifpmei5o3t	cml5230cm019wumif1wxxordv	cml522yff0020umifyfz0cmzd	\N	80.5	\N	\N	2026-02-02 10:57:49.707	2026-02-02 10:57:49.707
cml5230ct01a0umif1ca1c7y0	cml5230cm019wumif1wxxordv	cml522yfn0026umif6kveddmj	\N	47.25	\N	\N	2026-02-02 10:57:49.71	2026-02-02 10:57:49.71
cml5230cw01a2umifnvll6qi1	cml5230cm019wumif1wxxordv	cml522ygn002sumif4gmbockp	\N	34	\N	\N	2026-02-02 10:57:49.713	2026-02-02 10:57:49.713
cml5230d001a4umifojuzhivh	cml5230cm019wumif1wxxordv	cml522ygb002mumifnwqbuutw	\N	45.25	\N	\N	2026-02-02 10:57:49.716	2026-02-02 10:57:49.716
cml5230d301a6umif2nc9gg0s	cml5230cm019wumif1wxxordv	cml522yf9001wumifrf4damoq	\N	10.75	\N	\N	2026-02-02 10:57:49.719	2026-02-02 10:57:49.719
cml5230d601a8umifqeyowmmc	cml5230cm019wumif1wxxordv	cml522yf0001qumifruaprz7a	\N	39	\N	\N	2026-02-02 10:57:49.723	2026-02-02 10:57:49.723
cml5230d901aaumif3b83rj4w	cml5230cm019wumif1wxxordv	cml522yef001aumif8pd5emjt	\N	99.5	\N	\N	2026-02-02 10:57:49.725	2026-02-02 10:57:49.725
cml5230db01acumifp0rwkmbl	cml5230cm019wumif1wxxordv	cml522yei001cumif3ucbwfdi	\N	31.25	\N	\N	2026-02-02 10:57:49.727	2026-02-02 10:57:49.727
cml5230de01aeumif4jercje0	cml5230cm019wumif1wxxordv	cml522yg0002gumif26riua9v	\N	20.5	\N	\N	2026-02-02 10:57:49.73	2026-02-02 10:57:49.73
cml5230dg01agumifo4cw75gx	cml5230cm019wumif1wxxordv	cml522yg8002kumif6zk00zvp	\N	94.25	\N	\N	2026-02-02 10:57:49.732	2026-02-02 10:57:49.732
cml5230di01aiumifzgve0y8s	cml5230cm019wumif1wxxordv	cml522yfy002eumifr2gw6o4i	\N	23	\N	\N	2026-02-02 10:57:49.734	2026-02-02 10:57:49.734
cml5230dj01akumifglsc7fd2	cml5230cm019wumif1wxxordv	cml522yfh0022umifovn10sh7	\N	9.25	\N	\N	2026-02-02 10:57:49.736	2026-02-02 10:57:49.736
cml5230dq01aoumifew9t57hs	cml5230dn01amumifbpieg41i	cml522yff0020umifyfz0cmzd	\N	97.75	\N	\N	2026-02-02 10:57:49.742	2026-02-02 10:57:49.742
cml5230dt01aqumiflxt12mqc	cml5230dn01amumifbpieg41i	cml522yfh0022umifovn10sh7	\N	89.25	\N	\N	2026-02-02 10:57:49.745	2026-02-02 10:57:49.745
cml5230dv01asumifmmtd5kr9	cml5230dn01amumifbpieg41i	cml522yeq001iumifgaii9j95	\N	15.5	\N	Double checked	2026-02-02 10:57:49.747	2026-02-02 10:57:49.747
cml5230dy01auumif202qxxyg	cml5230dn01amumifbpieg41i	cml522ygb002mumifnwqbuutw	LOT-2026-00028	22.5	2026-08-01 14:51:09.815	\N	2026-02-02 10:57:49.75	2026-02-02 10:57:49.75
cml5230e001awumifb3snshjz	cml5230dn01amumifbpieg41i	cml522yg5002iumifrq2jdcpx	\N	34	\N	Double checked	2026-02-02 10:57:49.753	2026-02-02 10:57:49.753
cml5230e301ayumifzf0kg2i4	cml5230dn01amumifbpieg41i	cml522yfn0026umif6kveddmj	\N	45.25	\N	\N	2026-02-02 10:57:49.756	2026-02-02 10:57:49.756
cml5230e601b0umifdyq3ummt	cml5230dn01amumifbpieg41i	cml522ygt002wumif53ke8fik	\N	67	\N	\N	2026-02-02 10:57:49.759	2026-02-02 10:57:49.759
cml5230e901b2umifdqd6uu7g	cml5230dn01amumifbpieg41i	cml522yen001gumifms17l7ah	\N	3.75	\N	\N	2026-02-02 10:57:49.761	2026-02-02 10:57:49.761
cml5230eb01b4umifjj41ud7z	cml5230dn01amumifbpieg41i	cml522yex001oumifhloh25wn	\N	92.75	\N	\N	2026-02-02 10:57:49.764	2026-02-02 10:57:49.764
cml5230ee01b6umifm8ev2onw	cml5230dn01amumifbpieg41i	cml522yfv002cumifqa9yp5oe	\N	9.5	\N	\N	2026-02-02 10:57:49.766	2026-02-02 10:57:49.766
cml5230eh01b8umifkzi1stl4	cml5230dn01amumifbpieg41i	cml522ygh002oumif7wngtu8h	\N	72.75	\N	\N	2026-02-02 10:57:49.769	2026-02-02 10:57:49.769
\.


--
-- Data for Name: InventoryTransaction; Type: TABLE DATA; Schema: inventory; Owner: postgres
--

COPY inventory."InventoryTransaction" (id, "reagentId", "batchId", "transactionType", "quantityDelta", "sourceType", "sourceId", "performedById", notes, "createdAt") FROM stdin;
690a1922a6f065f735111792	6874eea21c74e928bd66baf7	\N	DESTRUCTION	-17	IMPORT	\N	6874a8334a2629bd298ff241	טיפול בפג תוקף: כמות הושמדה - 	2025-11-04 15:17:54.131
69021aeb1fce861e4c8f5475	6874eea11c74e928bd66bae0	\N	COUNT_UPDATE	0	IMPORT	\N	service_040c52bb-52ae-4aa2-beb1-02c0b04e7ceb	ספירת מלאי FC-I-001 - אצווה סומנה כנצרכה (כמות 0)	2025-10-29 13:47:23.3
69021aeac7f62ec46fc2e3cc	6874eea11c74e928bd66badf	\N	COUNT_UPDATE	0	IMPORT	\N	service_040c52bb-52ae-4aa2-beb1-02c0b04e7ceb	ספירת מלאי FC-I-001 - אצווה סומנה כנצרכה (כמות 0)	2025-10-29 13:47:22.781
69021ae41dbeb256ac782852	6874eea21c74e928bd66bb0d	\N	COUNT_UPDATE	0	IMPORT	\N	service_040c52bb-52ae-4aa2-beb1-02c0b04e7ceb	ספירת מלאי FC-I-001 - אצווה סומנה כנצרכה (כמות 0)	2025-10-29 13:47:16.289
69021ae3f7b49978f305a16d	6874eea21c74e928bd66bb0a	\N	COUNT_UPDATE	0	IMPORT	\N	service_040c52bb-52ae-4aa2-beb1-02c0b04e7ceb	ספירת מלאי FC-I-001 - אצווה סומנה כנצרכה (כמות 0)	2025-10-29 13:47:15.864
69021ae10faa48adfb5133a9	6874eea21c74e928bd66bb06	\N	COUNT_UPDATE	2	IMPORT	\N	service_040c52bb-52ae-4aa2-beb1-02c0b04e7ceb	ספירת מלאי FC-I-001 - עלייה של 2 יח'	2025-10-29 13:47:13.383
6900c34ffddeb55570a150dd	6874eea21c74e928bd66bb16	\N	OTHER_USE_EXPIRED	-1	IMPORT	\N	6874a8334a2629bd298ff241	פעולה: הושמד. א	2025-10-28 13:21:19.26
6900c334f8cc4eca5a805e30	6874eea11c74e928bd66badd	\N	OTHER_USE_EXPIRED	-1	IMPORT	\N	6874a8334a2629bd298ff241	פעולה: הושמד. 	2025-10-28 13:20:52.523
68fe2ce2f6aa7c3d7a24388e	6874eea21c74e928bd66bafd	\N	WITHDRAWAL	-3	IMPORT	\N	6874a8334a2629bd298ff241	טיפול בפג תוקף: כמות שנצרכה לפני זמן התפוגה - 	2025-10-26 14:14:58.885
68fe2cd0b5399161f1a712f6	6874eea21c74e928bd66bb01	\N	DESTRUCTION	-1	IMPORT	\N	6874a8334a2629bd298ff241	טיפול בפג תוקף: כמות הושמדה - 	2025-10-26 14:14:40.824
68f8b760ef0e562af06fb948	6874eea11c74e928bd66bad8	\N	DESTRUCTION	-3	IMPORT	\N	6874a8334a2629bd298ff241	טיפול בפג תוקף: כמות הושמדה - 	2025-10-22 10:52:16.287
68f8b7468b1541496f11f26a	6874eea11c74e928bd66bad8	\N	WITHDRAWAL	-12	IMPORT	\N	6874a8334a2629bd298ff241	טיפול בפג תוקף: כמות שנצרכה לפני זמן התפוגה - 	2025-10-22 10:51:50.357
68f0b3d1935b7f5e3858acda	6874eea21c74e928bd66baff	\N	SHIPMENT_OUT	-1	IMPORT	\N	6874a8334a2629bd298ff241	שליחה ל-ALMOG (סוג נמען: ספק).	2025-10-16 08:58:57.734
68f0aea5075cc11cce1b887f	6874eea21c74e928bd66bb0d	\N	COUNT_UPDATE	-50	IMPORT	\N	6874a8334a2629bd298ff241	Inventory count update from 50 to 0	2025-10-16 08:36:53.254
68f0aea5075cc11cce1b8880	6874eea21c74e928bd66bb0a	\N	COUNT_UPDATE	-5	IMPORT	\N	6874a8334a2629bd298ff241	Inventory count update from 5 to 0	2025-10-16 08:36:53.254
68f0aea5075cc11cce1b8881	6874eea11c74e928bd66badf	\N	COUNT_UPDATE	-50	IMPORT	\N	6874a8334a2629bd298ff241	Inventory count update from 50 to 0	2025-10-16 08:36:53.254
68cc71a10066163d8776a6c7	6874eea21c74e928bd66bafd	\N	SHIPMENT_OUT	-1	IMPORT	\N	6874a8334a2629bd298ff241	שליחה ל-ה (סוג נמען: גוף חיצוני).	2025-09-18 20:54:57.178
68cc59def99aef8ffa3c9a5e	6874eea21c74e928bd66bb06	\N	SHIPMENT_OUT	-2	IMPORT	\N	6874a8334a2629bd298ff241	שליחה ל-ELDAN (סוג נמען: ספק).	2025-09-18 19:13:34.013
68cc548afbee8f85f0f6b737	6874eea21c74e928bd66bafd	\N	SHIPMENT_OUT	-2	IMPORT	\N	6874a8334a2629bd298ff241	שליחה ל-BIORAD (סוג נמען: ספק).	2025-09-18 18:50:50.452
68ca9e45a6a064a9c9602d68	6874eea11c74e928bd66bae3	\N	DESTRUCTION	-1	IMPORT	\N	6874a8334a2629bd298ff241	טיפול בפג תוקף: כמות הושמדה - 	2025-09-17 11:40:53.939
68c2ab68e225237145e2dd82	6874eea11c74e928bd66bae1	\N	DESTRUCTION	-1	IMPORT	\N	6874a8334a2629bd298ff241	טיפול בפג תוקף: כמות הושמדה - 	2025-09-11 10:58:48.565
68b6f35c792c44d2346cd806	6874eea11c74e928bd66bad1	\N	DESTRUCTION	-1	IMPORT	\N	6874a8334a2629bd298ff241	טיפול בפג תוקף: כמות הושמדה - 	2025-09-02 13:38:36.42
68b6f3562dded4a54b2b8100	6874eea11c74e928bd66bad1	\N	WITHDRAWAL	-1	IMPORT	\N	6874a8334a2629bd298ff241	טיפול בפג תוקף: כמות שנצרכה לפני זמן התפוגה - 	2025-09-02 13:38:30.196
68b6f32bc508ff85813ad80d	6874eea11c74e928bd66bad1	\N	DELIVERY	2	IMPORT	\N	6874a8334a2629bd298ff241	קליטת משלוח DN-20250902-4742 - פריט Anti Fya Serum	2025-09-02 13:37:47.394
68b5a298cfa22866a9e53eba	6874eea21c74e928bd66baf7	\N	WITHDRAWAL	-2	IMPORT	\N	6874a8334a2629bd298ff241	טיפול בפג תוקף: נצרך לפי תפוגה - 	2025-09-01 13:41:44.997
68b5a290b6aa36804b1f79eb	6874eea21c74e928bd66baf7	\N	DESTRUCTION	-1	IMPORT	\N	6874a8334a2629bd298ff241	טיפול בפג תוקף: הושמד - 	2025-09-01 13:41:36.169
68b572a61af476724f8955a2	6874eea21c74e928bd66baf7	\N	DESTRUCTION	-10	IMPORT	\N	6874a8334a2629bd298ff241	טיפול בפג תוקף: הושמד - 	2025-09-01 10:17:10.057
68ac62ccf9556d2e6b21f28c	6874eea21c74e928bd66baf7	\N	DELIVERY	3	IMPORT	\N	6874a8334a2629bd298ff241	קליטת משלוח DN-20250825-9587 - פריט ABO/D+Reverse Group	2025-08-25 13:19:08.573
68a5d06c65b390f5b931f763	6874eea21c74e928bd66bb08	\N	DESTRUCTION	-1	IMPORT	\N	6874a8334a2629bd298ff241	טיפול בפג תוקף: הושמד - 	2025-08-20 13:41:00.391
68a578221bdeefac5aea1849	6874eea21c74e928bd66baf7	\N	DELIVERY	10	IMPORT	\N	6874a8334a2629bd298ff241	קליטת משלוח DEL-1755674654693 - פריט ABO/D+Reverse Group	2025-08-20 07:24:18.333
68a1cd099b8569035605a492	6874eea21c74e928bd66bb18	\N	DESTRUCTION	-2	IMPORT	\N	6874a8334a2629bd298ff241	טיפול בפג תוקף: הושמד - 	2025-08-17 12:37:29.373
68a1cd04c2e2f18606a94221	6874eea21c74e928bd66bb18	\N	WITHDRAWAL	-3	IMPORT	\N	6874a8334a2629bd298ff241	טיפול בפג תוקף: נצרך לפי תפוגה - 	2025-08-17 12:37:24.563
68a1ccf8144453b307bfd1dd	6874eea21c74e928bd66baf9	\N	OTHER_USE_EXPIRED	-1	IMPORT	\N	6874a8334a2629bd298ff241	טיפול בפג תוקף: שימוש אחר - 	2025-08-17 12:37:12.809
68a1cced2045a16674f24e7a	6874eea21c74e928bd66baf1	\N	OTHER_USE_EXPIRED	-1	IMPORT	\N	6874a8334a2629bd298ff241	טיפול בפג תוקף: שימוש אחר - 	2025-08-17 12:37:01.048
68a1ccde469210be1d511adb	6874eea11c74e928bd66bae8	\N	DESTRUCTION	-2	IMPORT	\N	6874a8334a2629bd298ff241	טיפול בפג תוקף: הושמד - 	2025-08-17 12:36:46.5
68a1ccd249a79d24ecaaeca8	6874eea21c74e928bd66bb05	\N	WITHDRAWAL	-2	IMPORT	\N	6874a8334a2629bd298ff241	טיפול בפג תוקף: נצרך לפי תפוגה - 	2025-08-17 12:36:34.877
68a1ccc8144453b307bfcfd9	6874eea21c74e928bd66bb05	\N	DESTRUCTION	-4	IMPORT	\N	6874a8334a2629bd298ff241	טיפול בפג תוקף: הושמד - 	2025-08-17 12:36:24.784
689a1529dc08744d62c4ff7d	6874eea21c74e928bd66bb0b	\N	DESTRUCTION	-1	IMPORT	\N	6874a8334a2629bd298ff241	טיפול בפג תוקף: הושמד - 	2025-08-11 16:07:05.779
689a152346c2743e816e80e2	6874eea21c74e928bd66bb02	\N	DESTRUCTION	-1	IMPORT	\N	6874a8334a2629bd298ff241	טיפול בפג תוקף: הושמד - 	2025-08-11 16:06:59.129
689a151c0b47bb1fd67ac271	6874eea11c74e928bd66bae6	\N	DESTRUCTION	-1	IMPORT	\N	6874a8334a2629bd298ff241	טיפול בפג תוקף: הושמד - 	2025-08-11 16:06:52.929
689a151575b73eed60a58e98	6874eea11c74e928bd66badc	\N	DESTRUCTION	-2	IMPORT	\N	6874a8334a2629bd298ff241	טיפול בפג תוקף: הושמד - 	2025-08-11 16:06:45.962
689373cca5e4804e4a873a31	6874eea21c74e928bd66baf6	\N	DESTRUCTION	-1	IMPORT	\N	6874a8334a2629bd298ff241	טיפול בפג תוקף: הושמד - 	2025-08-06 15:25:00.914
689373c73ed0d8c5022507e1	6874eea11c74e928bd66bad4	\N	DESTRUCTION	-1	IMPORT	\N	6874a8334a2629bd298ff241	טיפול בפג תוקף: הושמד - 	2025-08-06 15:24:55.962
689373bc202a10f1d6953222	6874eea21c74e928bd66bb0a	\N	DESTRUCTION	-5	IMPORT	\N	6874a8334a2629bd298ff241	טיפול בפג תוקף: הושמד - 	2025-08-06 15:24:44.009
6888cc4b33c9b0e3ebc25020	6874eea11c74e928bd66badc	\N	DESTRUCTION	-1	IMPORT	\N	6874a8334a2629bd298ff241	טיפול בפג תוקף: הושמד - 	2025-07-29 13:27:39.03
6888cc39405a0df9b9e247c8	6874eea21c74e928bd66bafd	\N	DESTRUCTION	-2	IMPORT	\N	6874a8334a2629bd298ff241	טיפול בפג תוקף: הושמד - 	2025-07-29 13:27:21.957
6888c38140023ec808c90e15	6874eea21c74e928bd66bb23	\N	DESTRUCTION	-2	IMPORT	\N	6874a8334a2629bd298ff241	טיפול בפג תוקף: הושמד - 	2025-07-29 12:50:09.467
6887be33a29725af82b980cd	6874eea21c74e928bd66bafd	\N	DESTRUCTION	-1	IMPORT	\N	6874a8334a2629bd298ff241	טיפול בפג תוקף: הושמד - 	2025-07-28 18:15:15.605
6887a9a568ff0571c023c0da	6874eea21c74e928bd66bafd	\N	SHIPMENT_CANCELLATION	1	IMPORT	\N	6874a8334a2629bd298ff241	Reversal of outgoing shipment 68876bd7f4502341372dd17c by coriatel@gmail.com	2025-07-28 16:47:33.343
68876bda7f85769ec66331d4	6874eea21c74e928bd66bafd	\N	SHIPMENT_OUT	-1	IMPORT	\N	6874a8334a2629bd298ff241	שליחה ל-biorad (סוג נמען: גוף חיצוני) - אין הערות נוספות	2025-07-28 12:23:54.276
68876b5718a671b655904924	6874eea21c74e928bd66bafd	\N	SHIPMENT_CANCELLATION	1	IMPORT	\N	6874a8334a2629bd298ff241	Reversal of outgoing shipment 68875f5c62e4151759e77848 by coriatel@gmail.com	2025-07-28 12:21:43.197
68875f5f8eafe305a9c65228	6874eea21c74e928bd66bafd	\N	SHIPMENT_OUT	-1	IMPORT	\N	6874a8334a2629bd298ff241	שליחה ל-Biorad (סוג נמען: גוף חיצוני) - בדיקה 	2025-07-28 11:30:39.449
68822345b954e7198b63b7f3	6874eea21c74e928bd66bafd	\N	SHIPMENT_OUT	-2	IMPORT	\N	6874a8334a2629bd298ff241	שליחה לנמען: ביורד	2025-07-24 12:12:53.468
688220f09e1d73f20ef9d15b	6874eea21c74e928bd66bafd	\N	SHIPMENT_OUT	-1	IMPORT	\N	6874a8334a2629bd298ff241	שליחה לנמען: ביורד	2025-07-24 12:02:56.509
6880bade91885ebba949526c	6874eea21c74e928bd66bb23	\N	INVENTORY_CORRECTION	1	IMPORT	\N	6874a8334a2629bd298ff241	שחזור טיפול בפג תוקף: הושמד - החזרת 1 יח' למלאי	2025-07-23 10:35:10.562
6880b9c770856ce8cf28870f	6874eea21c74e928bd66bb23	\N	DESTRUCTION	-1	IMPORT	\N	6874a8334a2629bd298ff241	טיפול בפג תוקף: הושמד - 	2025-07-23 10:30:31.671
6880b80af1b2d0adfcb2f041	6874eea21c74e928bd66bafd	\N	INVENTORY_CORRECTION	2	IMPORT	\N	6874a8334a2629bd298ff241	שחזור טיפול בפג תוקף: הושמד - החזרת 2 יח' למלאי	2025-07-23 10:23:06.456
6880b808aec3a82a001e619d	6874eea21c74e928bd66bafd	\N	INVENTORY_CORRECTION	2	IMPORT	\N	6874a8334a2629bd298ff241	שחזור טיפול בפג תוקף: הושמד - החזרת 2 יח' למלאי	2025-07-23 10:23:04.836
6880b80291885ebba94943bf	6874eea21c74e928bd66bb23	\N	INVENTORY_CORRECTION	1	IMPORT	\N	6874a8334a2629bd298ff241	שחזור טיפול בפג תוקף: שימוש אחר - החזרת 1 יח' למלאי	2025-07-23 10:22:58.626
6880b7e6bc7cd68ae7b8eb59	6874eea21c74e928bd66bb0a	\N	INVENTORY_CORRECTION	5	IMPORT	\N	6874a8334a2629bd298ff241	שחזור טיפול בפג תוקף: הושמד - החזרת 5 יח' למלאי	2025-07-23 10:22:30.093
6880b7e5a9b845155c944f41	6874eea21c74e928bd66bb0a	\N	INVENTORY_CORRECTION	5	IMPORT	\N	6874a8334a2629bd298ff241	שחזור טיפול בפג תוקף: הושמד - החזרת 5 יח' למלאי	2025-07-23 10:22:29.504
68809a7fcc2f8ecfd48456f6	6874eea21c74e928bd66bafd	\N	DESTRUCTION	-2	IMPORT	\N	6874a8334a2629bd298ff241	טיפול בפג תוקף: הושמד - 	2025-07-23 08:17:03.757
6880992435d2049629c60a82	6874eea21c74e928bd66bb0a	\N	DESTRUCTION	-5	IMPORT	\N	6874a8334a2629bd298ff241	טיפול בפג תוקף: הושמד - 	2025-07-23 08:11:16.914
68809906206a032004948afb	6874eea21c74e928bd66bafd	\N	INVENTORY_CORRECTION	1	IMPORT	\N	6874a8334a2629bd298ff241	שחזור טיפול בפג תוקף: נצרך לפי תפוגה - החזרת 1 יח' למלאי	2025-07-23 08:10:46.327
68809001625a559992484a2b	6874eea21c74e928bd66bb23	\N	COUNT_UPDATE	1.5	IMPORT	\N	6874a8334a2629bd298ff241	Inventory count update from 0 to 1.5	2025-07-23 07:32:17.165
68808570c2f09c693331b7c5	6874eea21c74e928bd66bafd	\N	INVENTORY_CORRECTION	2	IMPORT	\N	6874a8334a2629bd298ff241	שחזור טיפול בפג תוקף: הושמד - החזרת 2 יח' למלאי	2025-07-23 06:47:12.003
688085687add7f6aaa970145	6874eea21c74e928bd66bafd	\N	INVENTORY_CORRECTION	1	IMPORT	\N	6874a8334a2629bd298ff241	שחזור טיפול בפג תוקף: שימוש אחר - החזרת 1 יח' למלאי	2025-07-23 06:47:04.021
6880855d988e9776cc133f57	6874eea21c74e928bd66bafd	\N	OTHER_USE_EXPIRED	-1	IMPORT	\N	6874a8334a2629bd298ff241	טיפול בפג תוקף: שימוש אחר - 	2025-07-23 06:46:53.208
6880855736a2d02775c822cf	6874eea21c74e928bd66bafd	\N	WITHDRAWAL	-1	IMPORT	\N	6874a8334a2629bd298ff241	טיפול בפג תוקף: נצרך לפי תפוגה - 	2025-07-23 06:46:47.513
6880854c576ed4649b3f254b	6874eea21c74e928bd66bafd	\N	DESTRUCTION	-2	IMPORT	\N	6874a8334a2629bd298ff241	טיפול בפג תוקף: הושמד - 	2025-07-23 06:46:36.052
68807ff59ab2c193e51e9899	6874eea21c74e928bd66bafd	\N	INVENTORY_CORRECTION	3	IMPORT	\N	6874a8334a2629bd298ff241	שחזור טיפול בפג תוקף: הושמד - החזרת 3 יח' למלאי	2025-07-23 06:23:49.51
68807fe578c2c32359228985	6874eea21c74e928bd66bafd	\N	DESTRUCTION	-3	IMPORT	\N	6874a8334a2629bd298ff241	טיפול בפג תוקף: הושמד - 	2025-07-23 06:23:33.193
688076081bcfe0d03f6f68fb	6874eea21c74e928bd66bb0a	\N	COUNT_UPDATE	5	IMPORT	\N	6874a8334a2629bd298ff241	New batch created via inventory count	2025-07-23 05:41:28.597
688076081bcfe0d03f6f68fa	6874eea11c74e928bd66badf	\N	COUNT_UPDATE	50	IMPORT	\N	6874a8334a2629bd298ff241	New batch created via inventory count	2025-07-23 05:41:28.597
688076081bcfe0d03f6f68fc	6874eea21c74e928bd66bb0d	\N	COUNT_UPDATE	50	IMPORT	\N	6874a8334a2629bd298ff241	New batch created via inventory count	2025-07-23 05:41:28.597
687f9121cf7b96a17ff4b25e	6874eea21c74e928bd66bb23	\N	LOSS	-1	IMPORT	\N	6874a8334a2629bd298ff241	טיפול בפג תוקף: סומן כלא במלאי - 	2025-07-22 13:24:49.177
687c88470f7c48fc3bec5bba	6874eea21c74e928bd66baff	\N	COUNT_UPDATE	2	IMPORT	\N	6874a8334a2629bd298ff241	Inventory count performed by user 6874a8334a2629bd298ff241	2025-07-20 06:10:15.008
687c884678b11c3bd82c2df7	6874eea21c74e928bd66baff	\N	COUNT_UPDATE	1	IMPORT	\N	6874a8334a2629bd298ff241	Inventory count performed by user 6874a8334a2629bd298ff241	2025-07-20 06:10:14.545
687c8844d240d58697b2d8b9	6874eea21c74e928bd66bb18	\N	COUNT_UPDATE	5	IMPORT	\N	6874a8334a2629bd298ff241	Inventory count performed by user 6874a8334a2629bd298ff241	2025-07-20 06:10:12.459
687c8843984a2a861a894b7e	6874eea21c74e928bd66bb17	\N	COUNT_UPDATE	5	IMPORT	\N	6874a8334a2629bd298ff241	Inventory count performed by user 6874a8334a2629bd298ff241	2025-07-20 06:10:11.697
687c88422fee44ff0191ae87	6874eea21c74e928bd66baf9	\N	COUNT_UPDATE	1	IMPORT	\N	6874a8334a2629bd298ff241	Inventory count performed by user 6874a8334a2629bd298ff241	2025-07-20 06:10:10.596
687c884189739ae6d8d098e3	6874eea21c74e928bd66baf6	\N	COUNT_UPDATE	1	IMPORT	\N	6874a8334a2629bd298ff241	Inventory count performed by user 6874a8334a2629bd298ff241	2025-07-20 06:10:09.721
687c883f6f4fccf2a3d35e28	6874eea21c74e928bd66baf1	\N	COUNT_UPDATE	1	IMPORT	\N	6874a8334a2629bd298ff241	Inventory count performed by user 6874a8334a2629bd298ff241	2025-07-20 06:10:07.434
687c883ed240d58697b2d8ae	6874eea11c74e928bd66bae8	\N	COUNT_UPDATE	2	IMPORT	\N	6874a8334a2629bd298ff241	Inventory count performed by user 6874a8334a2629bd298ff241	2025-07-20 06:10:06.692
687c883d941b19e20245c7f8	6874eea11c74e928bd66bad4	\N	COUNT_UPDATE	1	IMPORT	\N	6874a8334a2629bd298ff241	Inventory count performed by user 6874a8334a2629bd298ff241	2025-07-20 06:10:05.832
687c883d941b19e20245c7f4	6874eea21c74e928bd66bb16	\N	COUNT_UPDATE	0	IMPORT	\N	6874a8334a2629bd298ff241	Inventory count performed by user 6874a8334a2629bd298ff241	2025-07-20 06:10:05.009
687c8835d240d58697b2d8a7	6874eea21c74e928bd66bb0a	\N	COUNT_UPDATE	5	IMPORT	\N	6874a8334a2629bd298ff241	Inventory count performed by user 6874a8334a2629bd298ff241	2025-07-20 06:09:57.061
687c8834941b19e20245c7e9	6874eea21c74e928bd66bb01	\N	COUNT_UPDATE	1	IMPORT	\N	6874a8334a2629bd298ff241	Inventory count performed by user 6874a8334a2629bd298ff241	2025-07-20 06:09:56.308
687c88330ac8f32dbfb46571	6874eea21c74e928bd66bb01	\N	COUNT_UPDATE	1	IMPORT	\N	6874a8334a2629bd298ff241	Inventory count performed by user 6874a8334a2629bd298ff241	2025-07-20 06:09:55.796
687c88310ac8f32dbfb4656f	6874eea21c74e928bd66bafd	\N	COUNT_UPDATE	5	IMPORT	\N	6874a8334a2629bd298ff241	Inventory count performed by user 6874a8334a2629bd298ff241	2025-07-20 06:09:53.962
687c883183ea22ce08bd08e1	6874eea21c74e928bd66bafd	\N	COUNT_UPDATE	4	IMPORT	\N	6874a8334a2629bd298ff241	Inventory count performed by user 6874a8334a2629bd298ff241	2025-07-20 06:09:53.602
687c8831f2369bceb3f8bf2c	6874eea21c74e928bd66bafd	\N	COUNT_UPDATE	3	IMPORT	\N	6874a8334a2629bd298ff241	Inventory count performed by user 6874a8334a2629bd298ff241	2025-07-20 06:09:53.228
687c8830840b06f179804558	6874eea21c74e928bd66baf7	\N	COUNT_UPDATE	32	IMPORT	\N	6874a8334a2629bd298ff241	Inventory count performed by user 6874a8334a2629bd298ff241	2025-07-20 06:09:52.504
687c8830d240d58697b2d89d	6874eea21c74e928bd66baf7	\N	COUNT_UPDATE	17	IMPORT	\N	6874a8334a2629bd298ff241	Inventory count performed by user 6874a8334a2629bd298ff241	2025-07-20 06:09:52.07
687c882f840b06f179804555	6874eea21c74e928bd66baef	\N	COUNT_UPDATE	20	IMPORT	\N	6874a8334a2629bd298ff241	Inventory count performed by user 6874a8334a2629bd298ff241	2025-07-20 06:09:51.379
687c882e6f0e97e883cac30e	6874eea21c74e928bd66baef	\N	COUNT_UPDATE	8	IMPORT	\N	6874a8334a2629bd298ff241	Inventory count performed by user 6874a8334a2629bd298ff241	2025-07-20 06:09:50.941
687c882c1e4bb3fc3a83ad37	6874eea11c74e928bd66bae3	\N	COUNT_UPDATE	4	IMPORT	\N	6874a8334a2629bd298ff241	Inventory count performed by user 6874a8334a2629bd298ff241	2025-07-20 06:09:48.73
687c882c6f0e97e883cac309	6874eea11c74e928bd66bae3	\N	COUNT_UPDATE	2	IMPORT	\N	6874a8334a2629bd298ff241	Inventory count performed by user 6874a8334a2629bd298ff241	2025-07-20 06:09:48.363
687c882b840b06f179804552	6874eea11c74e928bd66bae3	\N	COUNT_UPDATE	1	IMPORT	\N	6874a8334a2629bd298ff241	Inventory count performed by user 6874a8334a2629bd298ff241	2025-07-20 06:09:47.973
687c882b840b06f17980454e	6874eea11c74e928bd66bad2	\N	COUNT_UPDATE	2	IMPORT	\N	6874a8334a2629bd298ff241	Inventory count performed by user 6874a8334a2629bd298ff241	2025-07-20 06:09:47.242
687c882a83ea22ce08bd08dd	6874eea21c74e928bd66bb23	\N	COUNT_UPDATE	1	IMPORT	\N	6874a8334a2629bd298ff241	Inventory count performed by user 6874a8334a2629bd298ff241	2025-07-20 06:09:46.455
687c8829535cc1d84ecd8fa6	6874eea21c74e928bd66bb0b	\N	COUNT_UPDATE	1	IMPORT	\N	6874a8334a2629bd298ff241	Inventory count performed by user 6874a8334a2629bd298ff241	2025-07-20 06:09:45.664
687c88281e4bb3fc3a83ad2e	6874eea21c74e928bd66bb08	\N	COUNT_UPDATE	1	IMPORT	\N	6874a8334a2629bd298ff241	Inventory count performed by user 6874a8334a2629bd298ff241	2025-07-20 06:09:44.956
687c8828cc29a9fb96382c16	6874eea21c74e928bd66bb02	\N	COUNT_UPDATE	1	IMPORT	\N	6874a8334a2629bd298ff241	Inventory count performed by user 6874a8334a2629bd298ff241	2025-07-20 06:09:44.046
687c8827cc29a9fb96382c11	6874eea11c74e928bd66bae6	\N	COUNT_UPDATE	1	IMPORT	\N	6874a8334a2629bd298ff241	Inventory count performed by user 6874a8334a2629bd298ff241	2025-07-20 06:09:43.243
687c8826502f34682fd692fc	6874eea11c74e928bd66badc	\N	COUNT_UPDATE	2	IMPORT	\N	6874a8334a2629bd298ff241	Inventory count performed by user 6874a8334a2629bd298ff241	2025-07-20 06:09:42.472
687c8826840b06f179804541	6874eea11c74e928bd66badc	\N	COUNT_UPDATE	1	IMPORT	\N	6874a8334a2629bd298ff241	Inventory count performed by user 6874a8334a2629bd298ff241	2025-07-20 06:09:42.115
687c8825502f34682fd692fa	6874eea21c74e928bd66bb14	\N	COUNT_UPDATE	3	IMPORT	\N	6874a8334a2629bd298ff241	Inventory count performed by user 6874a8334a2629bd298ff241	2025-07-20 06:09:41.361
687c8824535cc1d84ecd8f9d	6874eea21c74e928bd66bb07	\N	COUNT_UPDATE	20	IMPORT	\N	6874a8334a2629bd298ff241	Inventory count performed by user 6874a8334a2629bd298ff241	2025-07-20 06:09:40.599
687c882329fbb571e4071304	6874eea21c74e928bd66bb06	\N	COUNT_UPDATE	31	IMPORT	\N	6874a8334a2629bd298ff241	Inventory count performed by user 6874a8334a2629bd298ff241	2025-07-20 06:09:39.551
687c882283ea22ce08bd08cf	6874eea21c74e928bd66bb05	\N	COUNT_UPDATE	10	IMPORT	\N	6874a8334a2629bd298ff241	Inventory count performed by user 6874a8334a2629bd298ff241	2025-07-20 06:09:38.547
687c8822502f34682fd692f1	6874eea21c74e928bd66bb05	\N	COUNT_UPDATE	10	IMPORT	\N	6874a8334a2629bd298ff241	Inventory count performed by user 6874a8334a2629bd298ff241	2025-07-20 06:09:38.181
687c882129fbb571e40712ff	6874eea21c74e928bd66bb05	\N	COUNT_UPDATE	6	IMPORT	\N	6874a8334a2629bd298ff241	Inventory count performed by user 6874a8334a2629bd298ff241	2025-07-20 06:09:37.769
687c882016462f5b0d6a788a	6874eea21c74e928bd66bafb	\N	COUNT_UPDATE	2	IMPORT	\N	6874a8334a2629bd298ff241	Inventory count performed by user 6874a8334a2629bd298ff241	2025-07-20 06:09:36.785
687c881fd240d58697b2d899	6874eea21c74e928bd66baf3	\N	COUNT_UPDATE	4	IMPORT	\N	6874a8334a2629bd298ff241	Inventory count performed by user 6874a8334a2629bd298ff241	2025-07-20 06:09:35.976
687c881f535cc1d84ecd8f91	6874eea21c74e928bd66baf3	\N	COUNT_UPDATE	3	IMPORT	\N	6874a8334a2629bd298ff241	Inventory count performed by user 6874a8334a2629bd298ff241	2025-07-20 06:09:35.62
687c881f1e4bb3fc3a83ad26	6874eea21c74e928bd66baf3	\N	COUNT_UPDATE	1	IMPORT	\N	6874a8334a2629bd298ff241	Inventory count performed by user 6874a8334a2629bd298ff241	2025-07-20 06:09:35.267
687c881ecc29a9fb96382c05	6874eea21c74e928bd66baf2	\N	COUNT_UPDATE	2	IMPORT	\N	6874a8334a2629bd298ff241	Inventory count performed by user 6874a8334a2629bd298ff241	2025-07-20 06:09:34.522
687c881d502f34682fd692ec	6874eea21c74e928bd66baee	\N	COUNT_UPDATE	2	IMPORT	\N	6874a8334a2629bd298ff241	Inventory count performed by user 6874a8334a2629bd298ff241	2025-07-20 06:09:33.814
687c881b83ea22ce08bd08c3	6874eea21c74e928bd66baed	\N	COUNT_UPDATE	6	IMPORT	\N	6874a8334a2629bd298ff241	Inventory count performed by user 6874a8334a2629bd298ff241	2025-07-20 06:09:31.361
687c881acc29a9fb96382c00	6874eea11c74e928bd66bae1	\N	COUNT_UPDATE	1	IMPORT	\N	6874a8334a2629bd298ff241	Inventory count performed by user 6874a8334a2629bd298ff241	2025-07-20 06:09:30.587
687c881a634a69a544192349	6874eea11c74e928bd66bae1	\N	COUNT_UPDATE	1	IMPORT	\N	6874a8334a2629bd298ff241	Inventory count performed by user 6874a8334a2629bd298ff241	2025-07-20 06:09:30.041
687c881978b11c3bd82c2dc4	6874eea11c74e928bd66bae0	\N	COUNT_UPDATE	4	IMPORT	\N	6874a8334a2629bd298ff241	Inventory count performed by user 6874a8334a2629bd298ff241	2025-07-20 06:09:29.293
687c881876ebf96f4ae1abe4	6874eea11c74e928bd66bae0	\N	COUNT_UPDATE	0	IMPORT	\N	6874a8334a2629bd298ff241	Inventory count performed by user 6874a8334a2629bd298ff241	2025-07-20 06:09:28.913
687c88170f7c48fc3bec5ba7	6874eea11c74e928bd66badd	\N	COUNT_UPDATE	0	IMPORT	\N	6874a8334a2629bd298ff241	Inventory count performed by user 6874a8334a2629bd298ff241	2025-07-20 06:09:27.64
687c88160f7c48fc3bec5ba4	6874eea11c74e928bd66bad9	\N	COUNT_UPDATE	1	IMPORT	\N	6874a8334a2629bd298ff241	Inventory count performed by user 6874a8334a2629bd298ff241	2025-07-20 06:09:26.781
687c881676ebf96f4ae1abe0	6874eea11c74e928bd66bad9	\N	COUNT_UPDATE	3	IMPORT	\N	6874a8334a2629bd298ff241	Inventory count performed by user 6874a8334a2629bd298ff241	2025-07-20 06:09:26.422
687c8815fe7da8f6cb1c8d73	6874eea11c74e928bd66bad8	\N	COUNT_UPDATE	20	IMPORT	\N	6874a8334a2629bd298ff241	Inventory count performed by user 6874a8334a2629bd298ff241	2025-07-20 06:09:25.694
687c8815fe7da8f6cb1c8d71	6874eea11c74e928bd66bad8	\N	COUNT_UPDATE	15	IMPORT	\N	6874a8334a2629bd298ff241	Inventory count performed by user 6874a8334a2629bd298ff241	2025-07-20 06:09:25.359
687c8814ed1c68e61c0e8c46	6874eea11c74e928bd66bad6	\N	COUNT_UPDATE	2	IMPORT	\N	6874a8334a2629bd298ff241	Inventory count performed by user 6874a8334a2629bd298ff241	2025-07-20 06:09:24.572
687c8813ed1c68e61c0e8c44	6874eea11c74e928bd66bad5	\N	COUNT_UPDATE	1	IMPORT	\N	6874a8334a2629bd298ff241	Inventory count performed by user 6874a8334a2629bd298ff241	2025-07-20 06:09:23.808
687c88130f7c48fc3bec5b99	6874eea11c74e928bd66bad5	\N	COUNT_UPDATE	3	IMPORT	\N	6874a8334a2629bd298ff241	Inventory count performed by user 6874a8334a2629bd298ff241	2025-07-20 06:09:23.43
687c881283ea22ce08bd08c1	6874eea11c74e928bd66bad0	\N	COUNT_UPDATE	1	IMPORT	\N	6874a8334a2629bd298ff241	Inventory count performed by user 6874a8334a2629bd298ff241	2025-07-20 06:09:22.64
687c881278b11c3bd82c2dbc	6874eea11c74e928bd66bad0	\N	COUNT_UPDATE	2	IMPORT	\N	6874a8334a2629bd298ff241	Inventory count performed by user 6874a8334a2629bd298ff241	2025-07-20 06:09:22.274
687c8811bee21f6dc52e717e	6874eea11c74e928bd66bacf	\N	COUNT_UPDATE	1	IMPORT	\N	6874a8334a2629bd298ff241	Inventory count performed by user 6874a8334a2629bd298ff241	2025-07-20 06:09:21.458
687c8811bee21f6dc52e717b	6874eea11c74e928bd66bacf	\N	COUNT_UPDATE	1	IMPORT	\N	6874a8334a2629bd298ff241	Inventory count performed by user 6874a8334a2629bd298ff241	2025-07-20 06:09:21.045
687c8559f2369bceb3f8bdd9	6874eea21c74e928bd66baff	\N	COUNT_UPDATE	2	IMPORT	\N	6874a8334a2629bd298ff241	Inventory count performed by user 6874a8334a2629bd298ff241	2025-07-20 05:57:45.339
687c85585d22a0995830d482	6874eea21c74e928bd66baff	\N	COUNT_UPDATE	1	IMPORT	\N	6874a8334a2629bd298ff241	Inventory count performed by user 6874a8334a2629bd298ff241	2025-07-20 05:57:44.902
687c85580e8396cb2b36ca38	6874eea21c74e928bd66bb18	\N	COUNT_UPDATE	5	IMPORT	\N	6874a8334a2629bd298ff241	Inventory count performed by user 6874a8334a2629bd298ff241	2025-07-20 05:57:44.171
687c8556048d14d2706f1dad	6874eea21c74e928bd66bb17	\N	COUNT_UPDATE	5	IMPORT	\N	6874a8334a2629bd298ff241	Inventory count performed by user 6874a8334a2629bd298ff241	2025-07-20 05:57:42.469
687c8555d29a0d1580e0a653	6874eea21c74e928bd66baf9	\N	COUNT_UPDATE	1	IMPORT	\N	6874a8334a2629bd298ff241	Inventory count performed by user 6874a8334a2629bd298ff241	2025-07-20 05:57:41.646
687c855466765fc021d699c2	6874eea21c74e928bd66baf6	\N	COUNT_UPDATE	1	IMPORT	\N	6874a8334a2629bd298ff241	Inventory count performed by user 6874a8334a2629bd298ff241	2025-07-20 05:57:40.956
687c855466765fc021d699c0	6874eea21c74e928bd66baf1	\N	COUNT_UPDATE	1	IMPORT	\N	6874a8334a2629bd298ff241	Inventory count performed by user 6874a8334a2629bd298ff241	2025-07-20 05:57:40.174
687c854c76ebf96f4ae1aada	6874eea11c74e928bd66bae8	\N	COUNT_UPDATE	2	IMPORT	\N	6874a8334a2629bd298ff241	Inventory count performed by user 6874a8334a2629bd298ff241	2025-07-20 05:57:32.724
687c854b6f4fccf2a3d35c64	6874eea11c74e928bd66bad4	\N	COUNT_UPDATE	1	IMPORT	\N	6874a8334a2629bd298ff241	Inventory count performed by user 6874a8334a2629bd298ff241	2025-07-20 05:57:31.999
687c854b5d22a0995830d47d	6874eea21c74e928bd66bb16	\N	COUNT_UPDATE	0	IMPORT	\N	6874a8334a2629bd298ff241	Inventory count performed by user 6874a8334a2629bd298ff241	2025-07-20 05:57:31.2
687c854af2369bceb3f8bdca	6874eea21c74e928bd66bb0a	\N	COUNT_UPDATE	5	IMPORT	\N	6874a8334a2629bd298ff241	Inventory count performed by user 6874a8334a2629bd298ff241	2025-07-20 05:57:30.412
687c85498c1a3741a3468614	6874eea21c74e928bd66bb01	\N	COUNT_UPDATE	1	IMPORT	\N	6874a8334a2629bd298ff241	Inventory count performed by user 6874a8334a2629bd298ff241	2025-07-20 05:57:29.687
687c8549941b19e20245c693	6874eea21c74e928bd66bb01	\N	COUNT_UPDATE	1	IMPORT	\N	6874a8334a2629bd298ff241	Inventory count performed by user 6874a8334a2629bd298ff241	2025-07-20 05:57:29.353
687c854878b11c3bd82c2c34	6874eea21c74e928bd66bafd	\N	COUNT_UPDATE	5	IMPORT	\N	6874a8334a2629bd298ff241	Inventory count performed by user 6874a8334a2629bd298ff241	2025-07-20 05:57:28.54
687c8547f2369bceb3f8bdc7	6874eea21c74e928bd66bafd	\N	COUNT_UPDATE	4	IMPORT	\N	6874a8334a2629bd298ff241	Inventory count performed by user 6874a8334a2629bd298ff241	2025-07-20 05:57:27.985
687c85472fee44ff0191adb5	6874eea21c74e928bd66bafd	\N	COUNT_UPDATE	3	IMPORT	\N	6874a8334a2629bd298ff241	Inventory count performed by user 6874a8334a2629bd298ff241	2025-07-20 05:57:27.657
687c85472fee44ff0191adb3	6874eea21c74e928bd66baf7	\N	COUNT_UPDATE	32	IMPORT	\N	6874a8334a2629bd298ff241	Inventory count performed by user 6874a8334a2629bd298ff241	2025-07-20 05:57:27.004
687c854629fbb571e40711dc	6874eea21c74e928bd66baf7	\N	COUNT_UPDATE	17	IMPORT	\N	6874a8334a2629bd298ff241	Inventory count performed by user 6874a8334a2629bd298ff241	2025-07-20 05:57:26.607
687c8545d240d58697b2d702	6874eea21c74e928bd66baef	\N	COUNT_UPDATE	20	IMPORT	\N	6874a8334a2629bd298ff241	Inventory count performed by user 6874a8334a2629bd298ff241	2025-07-20 05:57:25.924
687c854557cc31d2a003c6d8	6874eea21c74e928bd66baef	\N	COUNT_UPDATE	8	IMPORT	\N	6874a8334a2629bd298ff241	Inventory count performed by user 6874a8334a2629bd298ff241	2025-07-20 05:57:25.501
687c85440ac8f32dbfb4645d	6874eea11c74e928bd66bae3	\N	COUNT_UPDATE	4	IMPORT	\N	6874a8334a2629bd298ff241	Inventory count performed by user 6874a8334a2629bd298ff241	2025-07-20 05:57:24.669
687c854457cc31d2a003c6d6	6874eea11c74e928bd66bae3	\N	COUNT_UPDATE	2	IMPORT	\N	6874a8334a2629bd298ff241	Inventory count performed by user 6874a8334a2629bd298ff241	2025-07-20 05:57:24.307
687c8543984a2a861a894a89	6874eea11c74e928bd66bae3	\N	COUNT_UPDATE	1	IMPORT	\N	6874a8334a2629bd298ff241	Inventory count performed by user 6874a8334a2629bd298ff241	2025-07-20 05:57:23.957
687c85432fee44ff0191adac	6874eea11c74e928bd66bad2	\N	COUNT_UPDATE	2	IMPORT	\N	6874a8334a2629bd298ff241	Inventory count performed by user 6874a8334a2629bd298ff241	2025-07-20 05:57:23.011
687c854257cc31d2a003c6cf	6874eea21c74e928bd66bb23	\N	COUNT_UPDATE	1	IMPORT	\N	6874a8334a2629bd298ff241	Inventory count performed by user 6874a8334a2629bd298ff241	2025-07-20 05:57:22.109
687c854076ebf96f4ae1aacc	6874eea21c74e928bd66bb0b	\N	COUNT_UPDATE	1	IMPORT	\N	6874a8334a2629bd298ff241	Inventory count performed by user 6874a8334a2629bd298ff241	2025-07-20 05:57:20.566
687c853f89739ae6d8d096dc	6874eea21c74e928bd66bb08	\N	COUNT_UPDATE	1	IMPORT	\N	6874a8334a2629bd298ff241	Inventory count performed by user 6874a8334a2629bd298ff241	2025-07-20 05:57:19.458
687c853e0ac8f32dbfb46453	6874eea21c74e928bd66bb02	\N	COUNT_UPDATE	1	IMPORT	\N	6874a8334a2629bd298ff241	Inventory count performed by user 6874a8334a2629bd298ff241	2025-07-20 05:57:18.712
687c853b29fbb571e40711d7	6874eea11c74e928bd66bae6	\N	COUNT_UPDATE	1	IMPORT	\N	6874a8334a2629bd298ff241	Inventory count performed by user 6874a8334a2629bd298ff241	2025-07-20 05:57:15.438
687c853aed1c68e61c0e8bc1	6874eea11c74e928bd66badc	\N	COUNT_UPDATE	2	IMPORT	\N	6874a8334a2629bd298ff241	Inventory count performed by user 6874a8334a2629bd298ff241	2025-07-20 05:57:14.623
687c853a29fbb571e40711d3	6874eea11c74e928bd66badc	\N	COUNT_UPDATE	1	IMPORT	\N	6874a8334a2629bd298ff241	Inventory count performed by user 6874a8334a2629bd298ff241	2025-07-20 05:57:14.212
687c8539d240d58697b2d6f9	6874eea21c74e928bd66bb14	\N	COUNT_UPDATE	3	IMPORT	\N	6874a8334a2629bd298ff241	Inventory count performed by user 6874a8334a2629bd298ff241	2025-07-20 05:57:13.283
687c85376f4fccf2a3d35c52	6874eea21c74e928bd66bb07	\N	COUNT_UPDATE	20	IMPORT	\N	6874a8334a2629bd298ff241	Inventory count performed by user 6874a8334a2629bd298ff241	2025-07-20 05:57:11.027
687c85366f4fccf2a3d35c4f	6874eea21c74e928bd66bb06	\N	COUNT_UPDATE	31	IMPORT	\N	6874a8334a2629bd298ff241	Inventory count performed by user 6874a8334a2629bd298ff241	2025-07-20 05:57:10.262
687c8535048d14d2706f1da1	6874eea21c74e928bd66bb05	\N	COUNT_UPDATE	10	IMPORT	\N	6874a8334a2629bd298ff241	Inventory count performed by user 6874a8334a2629bd298ff241	2025-07-20 05:57:09.503
687c85350f7c48fc3bec5a17	6874eea21c74e928bd66bb05	\N	COUNT_UPDATE	10	IMPORT	\N	6874a8334a2629bd298ff241	Inventory count performed by user 6874a8334a2629bd298ff241	2025-07-20 05:57:09.126
687c85340f7c48fc3bec5a15	6874eea21c74e928bd66bb05	\N	COUNT_UPDATE	6	IMPORT	\N	6874a8334a2629bd298ff241	Inventory count performed by user 6874a8334a2629bd298ff241	2025-07-20 05:57:08.73
687c853389739ae6d8d096d0	6874eea21c74e928bd66bafb	\N	COUNT_UPDATE	2	IMPORT	\N	6874a8334a2629bd298ff241	Inventory count performed by user 6874a8334a2629bd298ff241	2025-07-20 05:57:07.997
687c85336f4fccf2a3d35c4b	6874eea21c74e928bd66baf3	\N	COUNT_UPDATE	4	IMPORT	\N	6874a8334a2629bd298ff241	Inventory count performed by user 6874a8334a2629bd298ff241	2025-07-20 05:57:07.236
687c85326f0e97e883cac20e	6874eea21c74e928bd66baf3	\N	COUNT_UPDATE	3	IMPORT	\N	6874a8334a2629bd298ff241	Inventory count performed by user 6874a8334a2629bd298ff241	2025-07-20 05:57:06.872
687c8531d240d58697b2d6f1	6874eea21c74e928bd66baf3	\N	COUNT_UPDATE	1	IMPORT	\N	6874a8334a2629bd298ff241	Inventory count performed by user 6874a8334a2629bd298ff241	2025-07-20 05:57:05.635
687c85300f7c48fc3bec5a10	6874eea21c74e928bd66baf2	\N	COUNT_UPDATE	2	IMPORT	\N	6874a8334a2629bd298ff241	Inventory count performed by user 6874a8334a2629bd298ff241	2025-07-20 05:57:04.888
687c85306f4fccf2a3d35c47	6874eea21c74e928bd66baee	\N	COUNT_UPDATE	2	IMPORT	\N	6874a8334a2629bd298ff241	Inventory count performed by user 6874a8334a2629bd298ff241	2025-07-20 05:57:04.1
687c852f0f7c48fc3bec5a0b	6874eea21c74e928bd66baed	\N	COUNT_UPDATE	6	IMPORT	\N	6874a8334a2629bd298ff241	Inventory count performed by user 6874a8334a2629bd298ff241	2025-07-20 05:57:03.053
687c852d0f7c48fc3bec5a08	6874eea11c74e928bd66bae1	\N	COUNT_UPDATE	1	IMPORT	\N	6874a8334a2629bd298ff241	Inventory count performed by user 6874a8334a2629bd298ff241	2025-07-20 05:57:01.879
687c852d8c1a3741a346860e	6874eea11c74e928bd66bae1	\N	COUNT_UPDATE	1	IMPORT	\N	6874a8334a2629bd298ff241	Inventory count performed by user 6874a8334a2629bd298ff241	2025-07-20 05:57:01.477
687c852c0e8396cb2b36ca1c	6874eea11c74e928bd66bae0	\N	COUNT_UPDATE	4	IMPORT	\N	6874a8334a2629bd298ff241	Inventory count performed by user 6874a8334a2629bd298ff241	2025-07-20 05:57:00.286
687c852bd240d58697b2d6e8	6874eea11c74e928bd66bae0	\N	COUNT_UPDATE	0	IMPORT	\N	6874a8334a2629bd298ff241	Inventory count performed by user 6874a8334a2629bd298ff241	2025-07-20 05:56:59.637
687c852a6f4fccf2a3d35c44	6874eea11c74e928bd66badd	\N	COUNT_UPDATE	0	IMPORT	\N	6874a8334a2629bd298ff241	Inventory count performed by user 6874a8334a2629bd298ff241	2025-07-20 05:56:58.949
687c852a9b642e4e313511bc	6874eea11c74e928bd66bad9	\N	COUNT_UPDATE	1	IMPORT	\N	6874a8334a2629bd298ff241	Inventory count performed by user 6874a8334a2629bd298ff241	2025-07-20 05:56:58.185
687c852957cc31d2a003c6b3	6874eea11c74e928bd66bad9	\N	COUNT_UPDATE	3	IMPORT	\N	6874a8334a2629bd298ff241	Inventory count performed by user 6874a8334a2629bd298ff241	2025-07-20 05:56:57.849
687c85296f4fccf2a3d35c41	6874eea11c74e928bd66bad8	\N	COUNT_UPDATE	20	IMPORT	\N	6874a8334a2629bd298ff241	Inventory count performed by user 6874a8334a2629bd298ff241	2025-07-20 05:56:57.083
687c85282fee44ff0191ad94	6874eea11c74e928bd66bad8	\N	COUNT_UPDATE	15	IMPORT	\N	6874a8334a2629bd298ff241	Inventory count performed by user 6874a8334a2629bd298ff241	2025-07-20 05:56:56.746
687c85276f4fccf2a3d35c3d	6874eea11c74e928bd66bad6	\N	COUNT_UPDATE	2	IMPORT	\N	6874a8334a2629bd298ff241	Inventory count performed by user 6874a8334a2629bd298ff241	2025-07-20 05:56:55.905
687c85270e8396cb2b36ca14	6874eea11c74e928bd66bad5	\N	COUNT_UPDATE	1	IMPORT	\N	6874a8334a2629bd298ff241	Inventory count performed by user 6874a8334a2629bd298ff241	2025-07-20 05:56:55.202
687c852629fbb571e40711cb	6874eea11c74e928bd66bad5	\N	COUNT_UPDATE	3	IMPORT	\N	6874a8334a2629bd298ff241	Inventory count performed by user 6874a8334a2629bd298ff241	2025-07-20 05:56:54.863
687c8526d240d58697b2d6de	6874eea11c74e928bd66bad0	\N	COUNT_UPDATE	1	IMPORT	\N	6874a8334a2629bd298ff241	Inventory count performed by user 6874a8334a2629bd298ff241	2025-07-20 05:56:54.056
687c852529fbb571e40711c8	6874eea11c74e928bd66bad0	\N	COUNT_UPDATE	2	IMPORT	\N	6874a8334a2629bd298ff241	Inventory count performed by user 6874a8334a2629bd298ff241	2025-07-20 05:56:53.683
687c8524f2369bceb3f8bdb8	6874eea11c74e928bd66bacf	\N	COUNT_UPDATE	1	IMPORT	\N	6874a8334a2629bd298ff241	Inventory count performed by user 6874a8334a2629bd298ff241	2025-07-20 05:56:52.925
687c8524f2369bceb3f8bdb5	6874eea11c74e928bd66bacf	\N	COUNT_UPDATE	1	IMPORT	\N	6874a8334a2629bd298ff241	Inventory count performed by user 6874a8334a2629bd298ff241	2025-07-20 05:56:52.586
6877e9c73cea26a3b68f4c76	6874eea21c74e928bd66bafd	\N	SHIPMENT_OUT	-1	IMPORT	\N	6874a8334a2629bd298ff241	שליחה ל-בנק הדם בילינסון (סוג נמען: גוף חיצוני) - אין הערות נוספות	2025-07-16 18:04:55.561
6877e82a4400ec5dd896c0f7	6874eea21c74e928bd66baef	\N	DELIVERY	20	IMPORT	\N	6874a8334a2629bd298ff241	קליטת משלוח DEL-1752688667440 - פריט Liss/Coombs	2025-07-16 17:58:02.987
6877e828a339efa3c580dcb2	6874eea21c74e928bd66bb17	\N	DELIVERY	5	IMPORT	\N	6874a8334a2629bd298ff241	קליטת משלוח DEL-1752688667440 - פריט Diluent II 500 ml	2025-07-16 17:58:00.956
6877e82689b76e932b81202d	6874eea11c74e928bd66bae3	\N	DELIVERY	4	IMPORT	\N	6874a8334a2629bd298ff241	קליטת משלוח DEL-1752688667440 - פריט DC screening II	2025-07-16 17:57:58.976
6877e824b02fb9b27f931fbd	6874eea11c74e928bd66bad2	\N	DELIVERY	2	IMPORT	\N	6874a8334a2629bd298ff241	קליטת משלוח DEL-1752688667440 - פריט ID Anti-IgG1/IgG3	2025-07-16 17:57:56.83
6877e8225c961158aca45d4e	6874eea21c74e928bd66bb01	\N	DELIVERY	1	IMPORT	\N	6874a8334a2629bd298ff241	קליטת משלוח DEL-1752688667440 - פריט DC screening I	2025-07-16 17:57:54.74
6877e8201bf9679f5c7975bd	6874eea21c74e928bd66baf7	\N	DELIVERY	32	IMPORT	\N	6874a8334a2629bd298ff241	קליטת משלוח DEL-1752688667440 - פריט ABO/D+Reverse Group	2025-07-16 17:57:52.71
6877e81e4780cbde17ce0e2a	6874eea21c74e928bd66bafd	\N	DELIVERY	5	IMPORT	\N	6874a8334a2629bd298ff241	קליטת משלוח DEL-1752688667440 - פריט ABD-Confimation	2025-07-16 17:57:50.644
6877c54ee95767ab87ba0ccb	6874eea11c74e928bd66bae8	\N	COUNT_UPDATE	2	IMPORT	\N	6874a8334a2629bd298ff241	Inventory count performed by user 6874a8334a2629bd298ff241	2025-07-16 15:29:18.448
6877c54d5442c6915d01a090	6874eea11c74e928bd66bad4	\N	COUNT_UPDATE	1	IMPORT	\N	6874a8334a2629bd298ff241	Inventory count performed by user 6874a8334a2629bd298ff241	2025-07-16 15:29:17.107
6877c54b64a642b84ffb5a09	6874eea21c74e928bd66bb16	\N	COUNT_UPDATE	0	IMPORT	\N	6874a8334a2629bd298ff241	Inventory count performed by user 6874a8334a2629bd298ff241	2025-07-16 15:29:15.043
6877c549be66c76ff1d73639	6874eea21c74e928bd66bb0a	\N	COUNT_UPDATE	5	IMPORT	\N	6874a8334a2629bd298ff241	Inventory count performed by user 6874a8334a2629bd298ff241	2025-07-16 15:29:13.88
6877c548bd2d19a59b7089ac	6874eea21c74e928bd66bb01	\N	COUNT_UPDATE	1	IMPORT	\N	6874a8334a2629bd298ff241	Inventory count performed by user 6874a8334a2629bd298ff241	2025-07-16 15:29:12.497
6877c546fb40968f52bb021f	6874eea21c74e928bd66bafd	\N	COUNT_UPDATE	5	IMPORT	\N	6874a8334a2629bd298ff241	Inventory count performed by user 6874a8334a2629bd298ff241	2025-07-16 15:29:10.66
6877c546da971f7a54bc4708	6874eea21c74e928bd66bafd	\N	COUNT_UPDATE	3	IMPORT	\N	6874a8334a2629bd298ff241	Inventory count performed by user 6874a8334a2629bd298ff241	2025-07-16 15:29:10.298
6877c545aa14fe97ed11b321	6874eea21c74e928bd66baf7	\N	COUNT_UPDATE	17	IMPORT	\N	6874a8334a2629bd298ff241	Inventory count performed by user 6874a8334a2629bd298ff241	2025-07-16 15:29:09.036
6877c543e95767ab87ba0cc1	6874eea21c74e928bd66baef	\N	COUNT_UPDATE	8	IMPORT	\N	6874a8334a2629bd298ff241	Inventory count performed by user 6874a8334a2629bd298ff241	2025-07-16 15:29:07.813
6877c542e85d6a8c83fd5f68	6874eea11c74e928bd66bae3	\N	COUNT_UPDATE	2	IMPORT	\N	6874a8334a2629bd298ff241	Inventory count performed by user 6874a8334a2629bd298ff241	2025-07-16 15:29:06.45
6877c541c4f3b41d4d516e4f	6874eea11c74e928bd66bae3	\N	COUNT_UPDATE	1	IMPORT	\N	6874a8334a2629bd298ff241	Inventory count performed by user 6874a8334a2629bd298ff241	2025-07-16 15:29:05.993
6877c540712960c99f914c6d	6874eea21c74e928bd66bb23	\N	COUNT_UPDATE	1	IMPORT	\N	6874a8334a2629bd298ff241	Inventory count performed by user 6874a8334a2629bd298ff241	2025-07-16 15:29:04.669
6877c53fbd2d19a59b70899c	6874eea21c74e928bd66bb0b	\N	COUNT_UPDATE	1	IMPORT	\N	6874a8334a2629bd298ff241	Inventory count performed by user 6874a8334a2629bd298ff241	2025-07-16 15:29:03.005
6877c53c09b5bbb66f2186bb	6874eea21c74e928bd66bb08	\N	COUNT_UPDATE	1	IMPORT	\N	6874a8334a2629bd298ff241	Inventory count performed by user 6874a8334a2629bd298ff241	2025-07-16 15:29:00.598
6877c53a7e019afd105a1e79	6874eea21c74e928bd66bb02	\N	COUNT_UPDATE	1	IMPORT	\N	6874a8334a2629bd298ff241	Inventory count performed by user 6874a8334a2629bd298ff241	2025-07-16 15:28:58.214
6877c539495ab2296391ef24	6874eea11c74e928bd66bae6	\N	COUNT_UPDATE	1	IMPORT	\N	6874a8334a2629bd298ff241	Inventory count performed by user 6874a8334a2629bd298ff241	2025-07-16 15:28:57.044
6877c537a6a80b3f8805945d	6874eea11c74e928bd66badc	\N	COUNT_UPDATE	2	IMPORT	\N	6874a8334a2629bd298ff241	Inventory count performed by user 6874a8334a2629bd298ff241	2025-07-16 15:28:55.465
6877c534a6a80b3f88059459	6874eea11c74e928bd66badc	\N	COUNT_UPDATE	1	IMPORT	\N	6874a8334a2629bd298ff241	Inventory count performed by user 6874a8334a2629bd298ff241	2025-07-16 15:28:52.652
6877c532e85d6a8c83fd5f58	6874eea21c74e928bd66bb14	\N	COUNT_UPDATE	3	IMPORT	\N	6874a8334a2629bd298ff241	Inventory count performed by user 6874a8334a2629bd298ff241	2025-07-16 15:28:50.298
6877c530b9d65fa31ad06fa5	6874eea21c74e928bd66bb07	\N	COUNT_UPDATE	20	IMPORT	\N	6874a8334a2629bd298ff241	Inventory count performed by user 6874a8334a2629bd298ff241	2025-07-16 15:28:48.998
6877c52f71aaf164fed9ae4b	6874eea21c74e928bd66bb06	\N	COUNT_UPDATE	31	IMPORT	\N	6874a8334a2629bd298ff241	Inventory count performed by user 6874a8334a2629bd298ff241	2025-07-16 15:28:47.701
6877c52e6b50d88a4e7650ac	6874eea21c74e928bd66bb05	\N	COUNT_UPDATE	10	IMPORT	\N	6874a8334a2629bd298ff241	Inventory count performed by user 6874a8334a2629bd298ff241	2025-07-16 15:28:46.22
6877c52d9ec3d43b787d237d	6874eea21c74e928bd66bb05	\N	COUNT_UPDATE	10	IMPORT	\N	6874a8334a2629bd298ff241	Inventory count performed by user 6874a8334a2629bd298ff241	2025-07-16 15:28:45.478
6877c52d712960c99f914c58	6874eea21c74e928bd66bb05	\N	COUNT_UPDATE	6	IMPORT	\N	6874a8334a2629bd298ff241	Inventory count performed by user 6874a8334a2629bd298ff241	2025-07-16 15:28:45.108
6877c52a59e3a0a80f5cf68d	6874eea21c74e928bd66bafb	\N	COUNT_UPDATE	2	IMPORT	\N	6874a8334a2629bd298ff241	Inventory count performed by user 6874a8334a2629bd298ff241	2025-07-16 15:28:42.444
6877c5295442c6915d01a082	6874eea21c74e928bd66baf3	\N	COUNT_UPDATE	4	IMPORT	\N	6874a8334a2629bd298ff241	Inventory count performed by user 6874a8334a2629bd298ff241	2025-07-16 15:28:41.096
6877c5287afad6c0e42118b5	6874eea21c74e928bd66baf3	\N	COUNT_UPDATE	3	IMPORT	\N	6874a8334a2629bd298ff241	Inventory count performed by user 6874a8334a2629bd298ff241	2025-07-16 15:28:40.656
6877c528da971f7a54bc46e3	6874eea21c74e928bd66baf3	\N	COUNT_UPDATE	1	IMPORT	\N	6874a8334a2629bd298ff241	Inventory count performed by user 6874a8334a2629bd298ff241	2025-07-16 15:28:40.053
6877c52664a642b84ffb59f8	6874eea21c74e928bd66baf2	\N	COUNT_UPDATE	2	IMPORT	\N	6874a8334a2629bd298ff241	Inventory count performed by user 6874a8334a2629bd298ff241	2025-07-16 15:28:38.68
6877c524aa14fe97ed11b303	6874eea21c74e928bd66baee	\N	COUNT_UPDATE	2	IMPORT	\N	6874a8334a2629bd298ff241	Inventory count performed by user 6874a8334a2629bd298ff241	2025-07-16 15:28:36.711
6877c523ef74500f0791b47e	6874eea21c74e928bd66baed	\N	COUNT_UPDATE	6	IMPORT	\N	6874a8334a2629bd298ff241	Inventory count performed by user 6874a8334a2629bd298ff241	2025-07-16 15:28:35.214
6877c522e85d6a8c83fd5f48	6874eea11c74e928bd66bae1	\N	COUNT_UPDATE	1	IMPORT	\N	6874a8334a2629bd298ff241	Inventory count performed by user 6874a8334a2629bd298ff241	2025-07-16 15:28:34.005
6877c5213369b422a0b93b1a	6874eea11c74e928bd66bae1	\N	COUNT_UPDATE	1	IMPORT	\N	6874a8334a2629bd298ff241	Inventory count performed by user 6874a8334a2629bd298ff241	2025-07-16 15:28:33.547
6877c51fef74500f0791b476	6874eea11c74e928bd66bae0	\N	COUNT_UPDATE	4	IMPORT	\N	6874a8334a2629bd298ff241	Inventory count performed by user 6874a8334a2629bd298ff241	2025-07-16 15:28:31.473
6877c51e96bce056d1c22692	6874eea11c74e928bd66bae0	\N	COUNT_UPDATE	0	IMPORT	\N	6874a8334a2629bd298ff241	Inventory count performed by user 6874a8334a2629bd298ff241	2025-07-16 15:28:30.919
6877c51d7e019afd105a1e60	6874eea11c74e928bd66badd	\N	COUNT_UPDATE	0	IMPORT	\N	6874a8334a2629bd298ff241	Inventory count performed by user 6874a8334a2629bd298ff241	2025-07-16 15:28:29.457
6877c5164216095b9d775cef	6874eea11c74e928bd66bad9	\N	COUNT_UPDATE	1	IMPORT	\N	6874a8334a2629bd298ff241	Inventory count performed by user 6874a8334a2629bd298ff241	2025-07-16 15:28:22.165
6877c513a6a80b3f88059449	6874eea11c74e928bd66bad9	\N	COUNT_UPDATE	3	IMPORT	\N	6874a8334a2629bd298ff241	Inventory count performed by user 6874a8334a2629bd298ff241	2025-07-16 15:28:19.854
6877c51208b3f150911d45ef	6874eea11c74e928bd66bad8	\N	COUNT_UPDATE	20	IMPORT	\N	6874a8334a2629bd298ff241	Inventory count performed by user 6874a8334a2629bd298ff241	2025-07-16 15:28:18.476
6877c512e039618778ce28d4	6874eea11c74e928bd66bad8	\N	COUNT_UPDATE	15	IMPORT	\N	6874a8334a2629bd298ff241	Inventory count performed by user 6874a8334a2629bd298ff241	2025-07-16 15:28:18.01
6877c51008b3f150911d45ed	6874eea11c74e928bd66bad6	\N	COUNT_UPDATE	2	IMPORT	\N	6874a8334a2629bd298ff241	Inventory count performed by user 6874a8334a2629bd298ff241	2025-07-16 15:28:16.504
6877c50c4ca78aed2e82eeac	6874eea11c74e928bd66bad5	\N	COUNT_UPDATE	1	IMPORT	\N	6874a8334a2629bd298ff241	Inventory count performed by user 6874a8334a2629bd298ff241	2025-07-16 15:28:12.852
6877c50c9491f457e38f81a4	6874eea11c74e928bd66bad5	\N	COUNT_UPDATE	3	IMPORT	\N	6874a8334a2629bd298ff241	Inventory count performed by user 6874a8334a2629bd298ff241	2025-07-16 15:28:12.405
6877c50b294a03ec0724add5	6874eea11c74e928bd66bad0	\N	COUNT_UPDATE	1	IMPORT	\N	6874a8334a2629bd298ff241	Inventory count performed by user 6874a8334a2629bd298ff241	2025-07-16 15:28:11.133
6877c50a7e019afd105a1e57	6874eea11c74e928bd66bad0	\N	COUNT_UPDATE	2	IMPORT	\N	6874a8334a2629bd298ff241	Inventory count performed by user 6874a8334a2629bd298ff241	2025-07-16 15:28:10.762
6877c5079ec3d43b787d235a	6874eea11c74e928bd66bacf	\N	COUNT_UPDATE	1	IMPORT	\N	6874a8334a2629bd298ff241	Inventory count performed by user 6874a8334a2629bd298ff241	2025-07-16 15:28:07.949
6877c507c70b27dfd7d7dd36	6874eea11c74e928bd66bacf	\N	COUNT_UPDATE	1	IMPORT	\N	6874a8334a2629bd298ff241	Inventory count performed by user 6874a8334a2629bd298ff241	2025-07-16 15:28:07.477
6877afcbf468747717ff5d65	6874eea21c74e928bd66bb0a	\N	COUNT_UPDATE	5	IMPORT	\N	6874a8334a2629bd298ff241	Inventory count performed by user 6874a8334a2629bd298ff241	2025-07-16 13:57:31.775
6877afcac64d2545f96ad089	6874eea21c74e928bd66bb01	\N	COUNT_UPDATE	1	IMPORT	\N	6874a8334a2629bd298ff241	Inventory count performed by user 6874a8334a2629bd298ff241	2025-07-16 13:57:30.691
6877afc9062391039b324814	6874eea21c74e928bd66bafd	\N	COUNT_UPDATE	5	IMPORT	\N	6874a8334a2629bd298ff241	Inventory count performed by user 6874a8334a2629bd298ff241	2025-07-16 13:57:29.377
6877afc85587562d27592bff	6874eea21c74e928bd66bafd	\N	COUNT_UPDATE	3	IMPORT	\N	6874a8334a2629bd298ff241	Inventory count performed by user 6874a8334a2629bd298ff241	2025-07-16 13:57:28.931
6877afc76ef8aaf84a1c0f2c	6874eea21c74e928bd66baf7	\N	COUNT_UPDATE	17	IMPORT	\N	6874a8334a2629bd298ff241	Inventory count performed by user 6874a8334a2629bd298ff241	2025-07-16 13:57:27.677
6877afc33fa987919e0700d4	6874eea21c74e928bd66baef	\N	COUNT_UPDATE	8	IMPORT	\N	6874a8334a2629bd298ff241	Inventory count performed by user 6874a8334a2629bd298ff241	2025-07-16 13:57:23.257
6877afc16ef8aaf84a1c0f23	6874eea11c74e928bd66bae3	\N	COUNT_UPDATE	2	IMPORT	\N	6874a8334a2629bd298ff241	Inventory count performed by user 6874a8334a2629bd298ff241	2025-07-16 13:57:21.895
6877afc1274d4fc432d2d928	6874eea11c74e928bd66bae3	\N	COUNT_UPDATE	1	IMPORT	\N	6874a8334a2629bd298ff241	Inventory count performed by user 6874a8334a2629bd298ff241	2025-07-16 13:57:21.461
6877afbf6ef8aaf84a1c0f1a	6874eea21c74e928bd66bb23	\N	COUNT_UPDATE	1	IMPORT	\N	6874a8334a2629bd298ff241	Inventory count performed by user 6874a8334a2629bd298ff241	2025-07-16 13:57:19.757
6877afbe274d4fc432d2d924	6874eea21c74e928bd66bb0b	\N	COUNT_UPDATE	1	IMPORT	\N	6874a8334a2629bd298ff241	Inventory count performed by user 6874a8334a2629bd298ff241	2025-07-16 13:57:18.655
6877afbc0e3d0465b319b478	6874eea21c74e928bd66bb08	\N	COUNT_UPDATE	1	IMPORT	\N	6874a8334a2629bd298ff241	Inventory count performed by user 6874a8334a2629bd298ff241	2025-07-16 13:57:16.322
6877afba1d7bd540db1c0151	6874eea21c74e928bd66bb02	\N	COUNT_UPDATE	1	IMPORT	\N	6874a8334a2629bd298ff241	Inventory count performed by user 6874a8334a2629bd298ff241	2025-07-16 13:57:14.942
6877afb81d7bd540db1c014a	6874eea11c74e928bd66bae6	\N	COUNT_UPDATE	1	IMPORT	\N	6874a8334a2629bd298ff241	Inventory count performed by user 6874a8334a2629bd298ff241	2025-07-16 13:57:12.719
6877afb5f41035bcc7ce205b	6874eea11c74e928bd66badc	\N	COUNT_UPDATE	2	IMPORT	\N	6874a8334a2629bd298ff241	Inventory count performed by user 6874a8334a2629bd298ff241	2025-07-16 13:57:09.314
6877afae1d7bd540db1c0145	6874eea11c74e928bd66badc	\N	COUNT_UPDATE	1	IMPORT	\N	6874a8334a2629bd298ff241	Inventory count performed by user 6874a8334a2629bd298ff241	2025-07-16 13:57:02.685
6877afad5587562d27592bdc	6874eea21c74e928bd66bb14	\N	COUNT_UPDATE	3	IMPORT	\N	6874a8334a2629bd298ff241	Inventory count performed by user 6874a8334a2629bd298ff241	2025-07-16 13:57:01.592
6877afabf468747717ff5d48	6874eea21c74e928bd66bb07	\N	COUNT_UPDATE	20	IMPORT	\N	6874a8334a2629bd298ff241	Inventory count performed by user 6874a8334a2629bd298ff241	2025-07-16 13:56:59.451
6877afaa274d4fc432d2d910	6874eea21c74e928bd66bb06	\N	COUNT_UPDATE	31	IMPORT	\N	6874a8334a2629bd298ff241	Inventory count performed by user 6874a8334a2629bd298ff241	2025-07-16 13:56:58.291
6877afa9d90840c968b026e0	6874eea21c74e928bd66bb05	\N	COUNT_UPDATE	10	IMPORT	\N	6874a8334a2629bd298ff241	Inventory count performed by user 6874a8334a2629bd298ff241	2025-07-16 13:56:57.048
6877afa8ddbd1d97739445a5	6874eea21c74e928bd66bb05	\N	COUNT_UPDATE	10	IMPORT	\N	6874a8334a2629bd298ff241	Inventory count performed by user 6874a8334a2629bd298ff241	2025-07-16 13:56:56.624
6877afa754f4b0805a5a77f4	6874eea21c74e928bd66bb05	\N	COUNT_UPDATE	6	IMPORT	\N	6874a8334a2629bd298ff241	Inventory count performed by user 6874a8334a2629bd298ff241	2025-07-16 13:56:55.307
6877afa6b2990d8798729261	6874eea21c74e928bd66bafb	\N	COUNT_UPDATE	2	IMPORT	\N	6874a8334a2629bd298ff241	Inventory count performed by user 6874a8334a2629bd298ff241	2025-07-16 13:56:54.073
6877afa4f2b0d1d459a18760	6874eea21c74e928bd66baf3	\N	COUNT_UPDATE	4	IMPORT	\N	6874a8334a2629bd298ff241	Inventory count performed by user 6874a8334a2629bd298ff241	2025-07-16 13:56:52.732
6877afa4a6d81f5f97a49bc0	6874eea21c74e928bd66baf3	\N	COUNT_UPDATE	3	IMPORT	\N	6874a8334a2629bd298ff241	Inventory count performed by user 6874a8334a2629bd298ff241	2025-07-16 13:56:52.331
6877afa3d159cd1bbd89675b	6874eea21c74e928bd66baf3	\N	COUNT_UPDATE	1	IMPORT	\N	6874a8334a2629bd298ff241	Inventory count performed by user 6874a8334a2629bd298ff241	2025-07-16 13:56:51.217
6877afa2274d4fc432d2d901	6874eea21c74e928bd66baf2	\N	COUNT_UPDATE	2	IMPORT	\N	6874a8334a2629bd298ff241	Inventory count performed by user 6874a8334a2629bd298ff241	2025-07-16 13:56:50.013
6877afa0274d4fc432d2d8fa	6874eea21c74e928bd66baee	\N	COUNT_UPDATE	2	IMPORT	\N	6874a8334a2629bd298ff241	Inventory count performed by user 6874a8334a2629bd298ff241	2025-07-16 13:56:48.822
6877af9ee8ae1a6fcfe6853b	6874eea21c74e928bd66baed	\N	COUNT_UPDATE	6	IMPORT	\N	6874a8334a2629bd298ff241	Inventory count performed by user 6874a8334a2629bd298ff241	2025-07-16 13:56:46.762
6877af9d3fa987919e0700aa	6874eea11c74e928bd66bae1	\N	COUNT_UPDATE	1	IMPORT	\N	6874a8334a2629bd298ff241	Inventory count performed by user 6874a8334a2629bd298ff241	2025-07-16 13:56:45.549
6877af9df03010fba02c72c2	6874eea11c74e928bd66bae1	\N	COUNT_UPDATE	1	IMPORT	\N	6874a8334a2629bd298ff241	Inventory count performed by user 6874a8334a2629bd298ff241	2025-07-16 13:56:45.201
6877af9b1d7bd540db1c0137	6874eea11c74e928bd66bae0	\N	COUNT_UPDATE	4	IMPORT	\N	6874a8334a2629bd298ff241	Inventory count performed by user 6874a8334a2629bd298ff241	2025-07-16 13:56:43.961
6877af9bc28d481e6aaedf5e	6874eea11c74e928bd66bae0	\N	COUNT_UPDATE	0	IMPORT	\N	6874a8334a2629bd298ff241	Inventory count performed by user 6874a8334a2629bd298ff241	2025-07-16 13:56:43.524
6877af9ac28d481e6aaedf5a	6874eea11c74e928bd66badd	\N	COUNT_UPDATE	0	IMPORT	\N	6874a8334a2629bd298ff241	Inventory count performed by user 6874a8334a2629bd298ff241	2025-07-16 13:56:42.462
6877af99fea1bd343ea6c5a1	6874eea11c74e928bd66bad9	\N	COUNT_UPDATE	1	IMPORT	\N	6874a8334a2629bd298ff241	Inventory count performed by user 6874a8334a2629bd298ff241	2025-07-16 13:56:41.254
6877af985587562d27592bc2	6874eea11c74e928bd66bad9	\N	COUNT_UPDATE	3	IMPORT	\N	6874a8334a2629bd298ff241	Inventory count performed by user 6874a8334a2629bd298ff241	2025-07-16 13:56:40.858
6877af977ce9da05f51cd118	6874eea11c74e928bd66bad8	\N	COUNT_UPDATE	20	IMPORT	\N	6874a8334a2629bd298ff241	Inventory count performed by user 6874a8334a2629bd298ff241	2025-07-16 13:56:39.496
6877af977ce9da05f51cd115	6874eea11c74e928bd66bad8	\N	COUNT_UPDATE	15	IMPORT	\N	6874a8334a2629bd298ff241	Inventory count performed by user 6874a8334a2629bd298ff241	2025-07-16 13:56:39.041
6877af95206bbe21d7f0e48e	6874eea11c74e928bd66bad6	\N	COUNT_UPDATE	2	IMPORT	\N	6874a8334a2629bd298ff241	Inventory count performed by user 6874a8334a2629bd298ff241	2025-07-16 13:56:37.622
6877af93c64d2545f96ad06a	6874eea11c74e928bd66bad5	\N	COUNT_UPDATE	1	IMPORT	\N	6874a8334a2629bd298ff241	Inventory count performed by user 6874a8334a2629bd298ff241	2025-07-16 13:56:35.196
6877af91fea1bd343ea6c59c	6874eea11c74e928bd66bad5	\N	COUNT_UPDATE	3	IMPORT	\N	6874a8334a2629bd298ff241	Inventory count performed by user 6874a8334a2629bd298ff241	2025-07-16 13:56:33.066
6877af8efea1bd343ea6c597	6874eea11c74e928bd66bad0	\N	COUNT_UPDATE	1	IMPORT	\N	6874a8334a2629bd298ff241	Inventory count performed by user 6874a8334a2629bd298ff241	2025-07-16 13:56:30.876
6877af8eddbd1d9773944597	6874eea11c74e928bd66bad0	\N	COUNT_UPDATE	2	IMPORT	\N	6874a8334a2629bd298ff241	Inventory count performed by user 6874a8334a2629bd298ff241	2025-07-16 13:56:30.24
6877af8c23e6fc7f0ec85e66	6874eea11c74e928bd66bacf	\N	COUNT_UPDATE	1	IMPORT	\N	6874a8334a2629bd298ff241	Inventory count performed by user 6874a8334a2629bd298ff241	2025-07-16 13:56:28.797
6877af8c1d7bd540db1c0131	6874eea11c74e928bd66bacf	\N	COUNT_UPDATE	1	IMPORT	\N	6874a8334a2629bd298ff241	Inventory count performed by user 6874a8334a2629bd298ff241	2025-07-16 13:56:28.437
68779d62d159cd1bbd895706	6874eea21c74e928bd66bb1f	\N	COUNT_UPDATE	1	IMPORT	\N	6874a8334a2629bd298ff241	ספירת מלאי - עודכן מהשרת	2025-07-16 12:38:58.614
68779d615cf5c4f3bab6fbf4	6874eea21c74e928bd66bb09	\N	COUNT_UPDATE	2	IMPORT	\N	6874a8334a2629bd298ff241	ספירת מלאי - עודכן מהשרת	2025-07-16 12:38:57.521
68779d60b2990d8798728032	6874eea21c74e928bd66bb09	\N	COUNT_UPDATE	1	IMPORT	\N	6874a8334a2629bd298ff241	ספירת מלאי - עודכן מהשרת	2025-07-16 12:38:56.789
68779d5cca21303e33a83de1	6874eea21c74e928bd66baff	\N	COUNT_UPDATE	2	IMPORT	\N	6874a8334a2629bd298ff241	ספירת מלאי - עודכן מהשרת	2025-07-16 12:38:52.439
68779d5b9d4a41b8e1297e8f	6874eea21c74e928bd66baff	\N	COUNT_UPDATE	1	IMPORT	\N	6874a8334a2629bd298ff241	ספירת מלאי - עודכן מהשרת	2025-07-16 12:38:51.913
68779d5ae8ae1a6fcfe67922	6874eea21c74e928bd66bb18	\N	COUNT_UPDATE	5	IMPORT	\N	6874a8334a2629bd298ff241	ספירת מלאי - עודכן מהשרת	2025-07-16 12:38:50.817
68779d59f2b0d1d459a17610	6874eea21c74e928bd66baf9	\N	COUNT_UPDATE	1	IMPORT	\N	6874a8334a2629bd298ff241	ספירת מלאי - עודכן מהשרת	2025-07-16 12:38:49.725
68779d58fea1bd343ea6b716	6874eea21c74e928bd66baf6	\N	COUNT_UPDATE	1	IMPORT	\N	6874a8334a2629bd298ff241	ספירת מלאי - עודכן מהשרת	2025-07-16 12:38:48.317
68779d57f41035bcc7ce1281	6874eea21c74e928bd66baf1	\N	COUNT_UPDATE	1	IMPORT	\N	6874a8334a2629bd298ff241	ספירת מלאי - עודכן מהשרת	2025-07-16 12:38:47.239
68779d55a6d81f5f97a48726	6874eea11c74e928bd66bae8	\N	COUNT_UPDATE	2	IMPORT	\N	6874a8334a2629bd298ff241	ספירת מלאי - עודכן מהשרת	2025-07-16 12:38:45.997
68779d541d7bd540db1bea30	6874eea11c74e928bd66bad4	\N	COUNT_UPDATE	1	IMPORT	\N	6874a8334a2629bd298ff241	ספירת מלאי - עודכן מהשרת	2025-07-16 12:38:44.898
68779d52a6d81f5f97a48721	6874eea21c74e928bd66bb16	\N	COUNT_UPDATE	0	IMPORT	\N	6874a8334a2629bd298ff241	ספירת מלאי - עודכן מהשרת	2025-07-16 12:38:42.376
68779d517ce9da05f51cc0d3	6874eea21c74e928bd66bb0a	\N	COUNT_UPDATE	5	IMPORT	\N	6874a8334a2629bd298ff241	ספירת מלאי - עודכן מהשרת	2025-07-16 12:38:41.251
68779d50f7b89d8175f79ae1	6874eea21c74e928bd66bb01	\N	COUNT_UPDATE	1	IMPORT	\N	6874a8334a2629bd298ff241	ספירת מלאי - עודכן מהשרת	2025-07-16 12:38:40.188
68779d4ea6d81f5f97a48719	6874eea21c74e928bd66bafd	\N	COUNT_UPDATE	5	IMPORT	\N	6874a8334a2629bd298ff241	ספירת מלאי - עודכן מהשרת	2025-07-16 12:38:38.92
68779d4ef7b89d8175f79ade	6874eea21c74e928bd66bafd	\N	COUNT_UPDATE	3	IMPORT	\N	6874a8334a2629bd298ff241	ספירת מלאי - עודכן מהשרת	2025-07-16 12:38:38.436
68779d4df468747717ff4e21	6874eea21c74e928bd66baf7	\N	COUNT_UPDATE	17	IMPORT	\N	6874a8334a2629bd298ff241	ספירת מלאי - עודכן מהשרת	2025-07-16 12:38:37.145
68779d4c54f4b0805a5a62b0	6874eea21c74e928bd66baef	\N	COUNT_UPDATE	8	IMPORT	\N	6874a8334a2629bd298ff241	ספירת מלאי - עודכן מהשרת	2025-07-16 12:38:36.099
68779d4bf468747717ff4e1e	6874eea11c74e928bd66bae3	\N	COUNT_UPDATE	2	IMPORT	\N	6874a8334a2629bd298ff241	ספירת מלאי - עודכן מהשרת	2025-07-16 12:38:35.086
68779d4a0e7f0a453a206278	6874eea11c74e928bd66bae3	\N	COUNT_UPDATE	1	IMPORT	\N	6874a8334a2629bd298ff241	ספירת מלאי - עודכן מהשרת	2025-07-16 12:38:34.548
68779d490e3d0465b319a66a	6874eea21c74e928bd66bb23	\N	COUNT_UPDATE	1	IMPORT	\N	6874a8334a2629bd298ff241	ספירת מלאי - עודכן מהשרת	2025-07-16 12:38:33.485
68779d487ce9da05f51cc0c8	6874eea21c74e928bd66bb0b	\N	COUNT_UPDATE	1	IMPORT	\N	6874a8334a2629bd298ff241	ספירת מלאי - עודכן מהשרת	2025-07-16 12:38:32.371
68779d4762ded3eb7bb2f32e	6874eea21c74e928bd66bb08	\N	COUNT_UPDATE	1	IMPORT	\N	6874a8334a2629bd298ff241	ספירת מלאי - עודכן מהשרת	2025-07-16 12:38:31.372
68779d46b08f0d7688f542df	6874eea21c74e928bd66bb02	\N	COUNT_UPDATE	1	IMPORT	\N	6874a8334a2629bd298ff241	ספירת מלאי - עודכן מהשרת	2025-07-16 12:38:30.229
68779d451d7bd540db1bea18	6874eea11c74e928bd66bae6	\N	COUNT_UPDATE	1	IMPORT	\N	6874a8334a2629bd298ff241	ספירת מלאי - עודכן מהשרת	2025-07-16 12:38:29.029
68779d43f468747717ff4e08	6874eea11c74e928bd66badc	\N	COUNT_UPDATE	2	IMPORT	\N	6874a8334a2629bd298ff241	ספירת מלאי - עודכן מהשרת	2025-07-16 12:38:27.95
68779d43fea1bd343ea6b6f5	6874eea11c74e928bd66badc	\N	COUNT_UPDATE	1	IMPORT	\N	6874a8334a2629bd298ff241	ספירת מלאי - עודכן מהשרת	2025-07-16 12:38:27.366
68779d41fea1bd343ea6b6f3	6874eea21c74e928bd66bb14	\N	COUNT_UPDATE	3	IMPORT	\N	6874a8334a2629bd298ff241	ספירת מלאי - עודכן מהשרת	2025-07-16 12:38:25.622
68779d401d7bd540db1bea13	6874eea21c74e928bd66bb07	\N	COUNT_UPDATE	20	IMPORT	\N	6874a8334a2629bd298ff241	ספירת מלאי - עודכן מהשרת	2025-07-16 12:38:24.579
68779d3fb8248ebd219c9a8b	6874eea21c74e928bd66bb06	\N	COUNT_UPDATE	31	IMPORT	\N	6874a8334a2629bd298ff241	ספירת מלאי - עודכן מהשרת	2025-07-16 12:38:23.238
68779d3dfcf0d40a53f4fd84	6874eea21c74e928bd66bb05	\N	COUNT_UPDATE	10	IMPORT	\N	6874a8334a2629bd298ff241	ספירת מלאי - עודכן מהשרת	2025-07-16 12:38:21.464
68779d3c3da2ae3bd11f2907	6874eea21c74e928bd66bb05	\N	COUNT_UPDATE	10	IMPORT	\N	6874a8334a2629bd298ff241	ספירת מלאי - עודכן מהשרת	2025-07-16 12:38:20.854
68779d3cfcf0d40a53f4fd80	6874eea21c74e928bd66bb05	\N	COUNT_UPDATE	6	IMPORT	\N	6874a8334a2629bd298ff241	ספירת מלאי - עודכן מהשרת	2025-07-16 12:38:20.314
68779d3bf7b89d8175f79ad4	6874eea21c74e928bd66bafb	\N	COUNT_UPDATE	2	IMPORT	\N	6874a8334a2629bd298ff241	ספירת מלאי - עודכן מהשרת	2025-07-16 12:38:19.226
68779d38ce3eddd96e2130c8	6874eea21c74e928bd66baf3	\N	COUNT_UPDATE	4	IMPORT	\N	6874a8334a2629bd298ff241	ספירת מלאי - עודכן מהשרת	2025-07-16 12:38:16.383
68779d376ef8aaf84a1bf952	6874eea21c74e928bd66baf3	\N	COUNT_UPDATE	3	IMPORT	\N	6874a8334a2629bd298ff241	ספירת מלאי - עודכן מהשרת	2025-07-16 12:38:15.834
68779d37ca21303e33a83dc4	6874eea21c74e928bd66baf3	\N	COUNT_UPDATE	1	IMPORT	\N	6874a8334a2629bd298ff241	ספירת מלאי - עודכן מהשרת	2025-07-16 12:38:15.17
68779d36fd87fcf2f447f189	6874eea21c74e928bd66baf2	\N	COUNT_UPDATE	2	IMPORT	\N	6874a8334a2629bd298ff241	ספירת מלאי - עודכן מהשרת	2025-07-16 12:38:14.096
68779d34206bbe21d7f0d154	6874eea21c74e928bd66baee	\N	COUNT_UPDATE	2	IMPORT	\N	6874a8334a2629bd298ff241	ספירת מלאי - עודכן מהשרת	2025-07-16 12:38:12.994
68779d325cf5c4f3bab6fbc4	6874eea21c74e928bd66baed	\N	COUNT_UPDATE	6	IMPORT	\N	6874a8334a2629bd298ff241	ספירת מלאי - עודכן מהשרת	2025-07-16 12:38:10.639
68779d30a6d81f5f97a486ff	6874eea11c74e928bd66bae1	\N	COUNT_UPDATE	1	IMPORT	\N	6874a8334a2629bd298ff241	ספירת מלאי - עודכן מהשרת	2025-07-16 12:38:08.561
68779d2d5cf5c4f3bab6fbbe	6874eea11c74e928bd66bae1	\N	COUNT_UPDATE	1	IMPORT	\N	6874a8334a2629bd298ff241	ספירת מלאי - עודכן מהשרת	2025-07-16 12:38:05.905
68779d2ce4ebd2ebcaee3c61	6874eea11c74e928bd66bae0	\N	COUNT_UPDATE	4	IMPORT	\N	6874a8334a2629bd298ff241	ספירת מלאי - עודכן מהשרת	2025-07-16 12:38:04.233
68779d2b0e7f0a453a206235	6874eea11c74e928bd66bae0	\N	COUNT_UPDATE	0	IMPORT	\N	6874a8334a2629bd298ff241	ספירת מלאי - עודכן מהשרת	2025-07-16 12:38:03.615
68779d2ae4ebd2ebcaee3c5f	6874eea11c74e928bd66badd	\N	COUNT_UPDATE	0	IMPORT	\N	6874a8334a2629bd298ff241	ספירת מלאי - עודכן מהשרת	2025-07-16 12:38:02.569
68779d283fa987919e06ebd9	6874eea11c74e928bd66bad9	\N	COUNT_UPDATE	1	IMPORT	\N	6874a8334a2629bd298ff241	ספירת מלאי - עודכן מהשרת	2025-07-16 12:38:00.972
68779d28206bbe21d7f0d143	6874eea11c74e928bd66bad9	\N	COUNT_UPDATE	3	IMPORT	\N	6874a8334a2629bd298ff241	ספירת מלאי - עודכן מהשרת	2025-07-16 12:38:00.362
68779d27ddbd1d9773943bcc	6874eea11c74e928bd66bad8	\N	COUNT_UPDATE	20	IMPORT	\N	6874a8334a2629bd298ff241	ספירת מלאי - עודכן מהשרת	2025-07-16 12:37:59.286
68779d26ddbd1d9773943bc8	6874eea11c74e928bd66bad8	\N	COUNT_UPDATE	15	IMPORT	\N	6874a8334a2629bd298ff241	ספירת מלאי - עודכן מהשרת	2025-07-16 12:37:58.607
68779d24e4ebd2ebcaee3c57	6874eea11c74e928bd66bad6	\N	COUNT_UPDATE	2	IMPORT	\N	6874a8334a2629bd298ff241	ספירת מלאי - עודכן מהשרת	2025-07-16 12:37:56.415
68779d23f468747717ff4df9	6874eea11c74e928bd66bad5	\N	COUNT_UPDATE	1	IMPORT	\N	6874a8334a2629bd298ff241	ספירת מלאי - עודכן מהשרת	2025-07-16 12:37:55.209
68779d221d7bd540db1be9ec	6874eea11c74e928bd66bad5	\N	COUNT_UPDATE	3	IMPORT	\N	6874a8334a2629bd298ff241	ספירת מלאי - עודכן מהשרת	2025-07-16 12:37:54.454
68779d1f3fa987919e06ebd1	6874eea11c74e928bd66bad0	\N	COUNT_UPDATE	1	IMPORT	\N	6874a8334a2629bd298ff241	ספירת מלאי - עודכן מהשרת	2025-07-16 12:37:51.301
68779d1efd87fcf2f447f176	6874eea11c74e928bd66bad0	\N	COUNT_UPDATE	2	IMPORT	\N	6874a8334a2629bd298ff241	ספירת מלאי - עודכן מהשרת	2025-07-16 12:37:50.214
68779d1dfd87fcf2f447f172	6874eea11c74e928bd66bacf	\N	COUNT_UPDATE	1	IMPORT	\N	6874a8334a2629bd298ff241	ספירת מלאי - עודכן מהשרת	2025-07-16 12:37:49.121
68779d1c062391039b323e70	6874eea11c74e928bd66bacf	\N	COUNT_UPDATE	1	IMPORT	\N	6874a8334a2629bd298ff241	ספירת מלאי - עודכן מהשרת	2025-07-16 12:37:48.5
68779bdf0f112d9a0cb1e6ed	6874eea21c74e928bd66bb1f	\N	COUNT_UPDATE	1	IMPORT	\N	6874a8334a2629bd298ff241	ספירת מלאי - עודכן מהשרת	2025-07-16 12:32:31.75
68779bde62ded3eb7bb2f237	6874eea21c74e928bd66bb09	\N	COUNT_UPDATE	2	IMPORT	\N	6874a8334a2629bd298ff241	ספירת מלאי - עודכן מהשרת	2025-07-16 12:32:30.759
68779bde3fa987919e06e9cb	6874eea21c74e928bd66bb09	\N	COUNT_UPDATE	1	IMPORT	\N	6874a8334a2629bd298ff241	ספירת מלאי - עודכן מהשרת	2025-07-16 12:32:30.176
68779bdcf7b89d8175f799c4	6874eea21c74e928bd66baff	\N	COUNT_UPDATE	2	IMPORT	\N	6874a8334a2629bd298ff241	ספירת מלאי - עודכן מהשרת	2025-07-16 12:32:28.548
68779bdb5587562d27590f1f	6874eea21c74e928bd66baff	\N	COUNT_UPDATE	1	IMPORT	\N	6874a8334a2629bd298ff241	ספירת מלאי - עודכן מהשרת	2025-07-16 12:32:27.908
68779bda54f4b0805a5a60b5	6874eea21c74e928bd66bb18	\N	COUNT_UPDATE	5	IMPORT	\N	6874a8334a2629bd298ff241	ספירת מלאי - עודכן מהשרת	2025-07-16 12:32:26.909
68779bd9d159cd1bbd8954bf	6874eea21c74e928bd66baf9	\N	COUNT_UPDATE	1	IMPORT	\N	6874a8334a2629bd298ff241	ספירת מלאי - עודכן מהשרת	2025-07-16 12:32:25.849
68779bd80e7f0a453a206090	6874eea21c74e928bd66baf6	\N	COUNT_UPDATE	1	IMPORT	\N	6874a8334a2629bd298ff241	ספירת מלאי - עודכן מהשרת	2025-07-16 12:32:24.872
68779bd73da2ae3bd11f281d	6874eea21c74e928bd66baf1	\N	COUNT_UPDATE	1	IMPORT	\N	6874a8334a2629bd298ff241	ספירת מלאי - עודכן מהשרת	2025-07-16 12:32:23.825
68779bd6f41035bcc7ce10a9	6874eea11c74e928bd66bae8	\N	COUNT_UPDATE	2	IMPORT	\N	6874a8334a2629bd298ff241	ספירת מלאי - עודכן מהשרת	2025-07-16 12:32:22.615
68779bd43093557e976a0fab	6874eea11c74e928bd66bad4	\N	COUNT_UPDATE	1	IMPORT	\N	6874a8334a2629bd298ff241	ספירת מלאי - עודכן מהשרת	2025-07-16 12:32:20.48
68779bd3ddbd1d9773943b31	6874eea21c74e928bd66bb16	\N	COUNT_UPDATE	0	IMPORT	\N	6874a8334a2629bd298ff241	ספירת מלאי - עודכן מהשרת	2025-07-16 12:32:19.216
68779bd0fd87fcf2f447f0ab	6874eea21c74e928bd66bb0a	\N	COUNT_UPDATE	5	IMPORT	\N	6874a8334a2629bd298ff241	ספירת מלאי - עודכן מהשרת	2025-07-16 12:32:16.663
68779bcf1d7bd540db1be765	6874eea21c74e928bd66bb01	\N	COUNT_UPDATE	1	IMPORT	\N	6874a8334a2629bd298ff241	ספירת מלאי - עודכן מהשרת	2025-07-16 12:32:15.153
68779bccfea1bd343ea6b547	6874eea21c74e928bd66bafd	\N	COUNT_UPDATE	5	IMPORT	\N	6874a8334a2629bd298ff241	ספירת מלאי - עודכן מהשרת	2025-07-16 12:32:12.278
68779bc9fd87fcf2f447f0a5	6874eea21c74e928bd66bafd	\N	COUNT_UPDATE	3	IMPORT	\N	6874a8334a2629bd298ff241	ספירת מלאי - עודכן מהשרת	2025-07-16 12:32:09.873
68779bc8c28d481e6aaece38	6874eea21c74e928bd66baf7	\N	COUNT_UPDATE	17	IMPORT	\N	6874a8334a2629bd298ff241	ספירת מלאי - עודכן מהשרת	2025-07-16 12:32:08.777
68779bc7b8248ebd219c9923	6874eea21c74e928bd66baef	\N	COUNT_UPDATE	8	IMPORT	\N	6874a8334a2629bd298ff241	ספירת מלאי - עודכן מהשרת	2025-07-16 12:32:07.659
68779bc6f41035bcc7ce109c	6874eea11c74e928bd66bae3	\N	COUNT_UPDATE	2	IMPORT	\N	6874a8334a2629bd298ff241	ספירת מלאי - עודכן מהשרת	2025-07-16 12:32:06.611
68779bc65587562d27590f0f	6874eea11c74e928bd66bae3	\N	COUNT_UPDATE	1	IMPORT	\N	6874a8334a2629bd298ff241	ספירת מלאי - עודכן מהשרת	2025-07-16 12:32:06.043
68779bc40e7f0a453a206075	6874eea21c74e928bd66bb23	\N	COUNT_UPDATE	1	IMPORT	\N	6874a8334a2629bd298ff241	ספירת מלאי - עודכן מהשרת	2025-07-16 12:32:04.412
68779bc33da2ae3bd11f2802	6874eea21c74e928bd66bb0b	\N	COUNT_UPDATE	1	IMPORT	\N	6874a8334a2629bd298ff241	ספירת מלאי - עודכן מהשרת	2025-07-16 12:32:03.358
68779bc25587562d27590f0a	6874eea21c74e928bd66bb08	\N	COUNT_UPDATE	1	IMPORT	\N	6874a8334a2629bd298ff241	ספירת מלאי - עודכן מהשרת	2025-07-16 12:32:02.351
68779bc0d90840c968b01e27	6874eea21c74e928bd66bb02	\N	COUNT_UPDATE	1	IMPORT	\N	6874a8334a2629bd298ff241	ספירת מלאי - עודכן מהשרת	2025-07-16 12:32:00.691
68779bbeb2990d8798727f46	6874eea11c74e928bd66bae6	\N	COUNT_UPDATE	1	IMPORT	\N	6874a8334a2629bd298ff241	ספירת מלאי - עודכן מהשרת	2025-07-16 12:31:58.956
68779bbd62ded3eb7bb2f22f	6874eea11c74e928bd66badc	\N	COUNT_UPDATE	2	IMPORT	\N	6874a8334a2629bd298ff241	ספירת מלאי - עודכן מהשרת	2025-07-16 12:31:57.775
68779bbdf41035bcc7ce1099	6874eea11c74e928bd66badc	\N	COUNT_UPDATE	1	IMPORT	\N	6874a8334a2629bd298ff241	ספירת מלאי - עודכן מהשרת	2025-07-16 12:31:57.182
68779bbc0f112d9a0cb1e6e2	6874eea21c74e928bd66bb14	\N	COUNT_UPDATE	3	IMPORT	\N	6874a8334a2629bd298ff241	ספירת מלאי - עודכן מהשרת	2025-07-16 12:31:56.122
68779bbafea1bd343ea6b540	6874eea21c74e928bd66bb07	\N	COUNT_UPDATE	20	IMPORT	\N	6874a8334a2629bd298ff241	ספירת מלאי - עודכן מהשרת	2025-07-16 12:31:54.067
68779bb854f4b0805a5a6050	6874eea21c74e928bd66bb06	\N	COUNT_UPDATE	31	IMPORT	\N	6874a8334a2629bd298ff241	ספירת מלאי - עודכן מהשרת	2025-07-16 12:31:52.12
68779bb61d7bd540db1be75e	6874eea21c74e928bd66bb05	\N	COUNT_UPDATE	10	IMPORT	\N	6874a8334a2629bd298ff241	ספירת מלאי - עודכן מהשרת	2025-07-16 12:31:50.644
68779bb63093557e976a0f9e	6874eea21c74e928bd66bb05	\N	COUNT_UPDATE	10	IMPORT	\N	6874a8334a2629bd298ff241	ספירת מלאי - עודכן מהשרת	2025-07-16 12:31:50.102
68779bad3093557e976a0f8c	6874eea21c74e928bd66bb05	\N	COUNT_UPDATE	6	IMPORT	\N	6874a8334a2629bd298ff241	ספירת מלאי - עודכן מהשרת	2025-07-16 12:31:41.152
68779bace8ae1a6fcfe677bd	6874eea21c74e928bd66bafb	\N	COUNT_UPDATE	2	IMPORT	\N	6874a8334a2629bd298ff241	ספירת מלאי - עודכן מהשרת	2025-07-16 12:31:40.152
68779babe8ae1a6fcfe677ba	6874eea21c74e928bd66baf3	\N	COUNT_UPDATE	4	IMPORT	\N	6874a8334a2629bd298ff241	ספירת מלאי - עודכן מהשרת	2025-07-16 12:31:39.095
68779baa274d4fc432d2c28a	6874eea21c74e928bd66baf3	\N	COUNT_UPDATE	3	IMPORT	\N	6874a8334a2629bd298ff241	ספירת מלאי - עודכן מהשרת	2025-07-16 12:31:38.373
68779ba9f468747717ff4b97	6874eea21c74e928bd66baf3	\N	COUNT_UPDATE	1	IMPORT	\N	6874a8334a2629bd298ff241	ספירת מלאי - עודכן מהשרת	2025-07-16 12:31:37.58
68779ba1062391039b323d7c	6874eea21c74e928bd66baf2	\N	COUNT_UPDATE	2	IMPORT	\N	6874a8334a2629bd298ff241	ספירת מלאי - עודכן מהשרת	2025-07-16 12:31:29.921
68779ba0ddbd1d9773943b04	6874eea21c74e928bd66baee	\N	COUNT_UPDATE	2	IMPORT	\N	6874a8334a2629bd298ff241	ספירת מלאי - עודכן מהשרת	2025-07-16 12:31:28.807
68779b9f62ded3eb7bb2f225	6874eea21c74e928bd66baed	\N	COUNT_UPDATE	6	IMPORT	\N	6874a8334a2629bd298ff241	ספירת מלאי - עודכן מהשרת	2025-07-16 12:31:27.776
68779b9e5cf5c4f3bab6f868	6874eea11c74e928bd66bae1	\N	COUNT_UPDATE	1	IMPORT	\N	6874a8334a2629bd298ff241	ספירת מלאי - עודכן מהשרת	2025-07-16 12:31:26.651
68779b9dddbd1d9773943b01	6874eea11c74e928bd66bae1	\N	COUNT_UPDATE	1	IMPORT	\N	6874a8334a2629bd298ff241	ספירת מלאי - עודכן מהשרת	2025-07-16 12:31:25.965
68779b9c54f4b0805a5a6038	6874eea11c74e928bd66bae0	\N	COUNT_UPDATE	4	IMPORT	\N	6874a8334a2629bd298ff241	ספירת מלאי - עודכן מהשרת	2025-07-16 12:31:24.427
68779b9a0f112d9a0cb1e6d6	6874eea11c74e928bd66bae0	\N	COUNT_UPDATE	0	IMPORT	\N	6874a8334a2629bd298ff241	ספירת מלאי - עודכן מהשרת	2025-07-16 12:31:22.601
68779b98fcf0d40a53f4fc71	6874eea11c74e928bd66badd	\N	COUNT_UPDATE	0	IMPORT	\N	6874a8334a2629bd298ff241	ספירת מלאי - עודכן מהשרת	2025-07-16 12:31:20.213
68779b97f468747717ff4b8b	6874eea11c74e928bd66bad9	\N	COUNT_UPDATE	1	IMPORT	\N	6874a8334a2629bd298ff241	ספירת מלאי - עודכן מהשרת	2025-07-16 12:31:19.087
68779b96f468747717ff4b89	6874eea11c74e928bd66bad9	\N	COUNT_UPDATE	3	IMPORT	\N	6874a8334a2629bd298ff241	ספירת מלאי - עודכן מהשרת	2025-07-16 12:31:18.423
68779b95fd87fcf2f447f089	6874eea11c74e928bd66bad8	\N	COUNT_UPDATE	20	IMPORT	\N	6874a8334a2629bd298ff241	ספירת מלאי - עודכן מהשרת	2025-07-16 12:31:17.312
68779b94206bbe21d7f0cff1	6874eea11c74e928bd66bad8	\N	COUNT_UPDATE	15	IMPORT	\N	6874a8334a2629bd298ff241	ספירת מלאי - עודכן מהשרת	2025-07-16 12:31:16.664
68779b930e7f0a453a20603d	6874eea11c74e928bd66bad6	\N	COUNT_UPDATE	2	IMPORT	\N	6874a8334a2629bd298ff241	ספירת מלאי - עודכן מהשרת	2025-07-16 12:31:15.613
68779b920e3d0465b319a46d	6874eea11c74e928bd66bad5	\N	COUNT_UPDATE	1	IMPORT	\N	6874a8334a2629bd298ff241	ספירת מלאי - עודכן מהשרת	2025-07-16 12:31:14.571
68779b925cf5c4f3bab6f852	6874eea11c74e928bd66bad5	\N	COUNT_UPDATE	3	IMPORT	\N	6874a8334a2629bd298ff241	ספירת מלאי - עודכן מהשרת	2025-07-16 12:31:14.031
68779b900e7f0a453a206034	6874eea11c74e928bd66bad0	\N	COUNT_UPDATE	1	IMPORT	\N	6874a8334a2629bd298ff241	ספירת מלאי - עודכן מהשרת	2025-07-16 12:31:12.786
68779b905cf5c4f3bab6f84b	6874eea11c74e928bd66bad0	\N	COUNT_UPDATE	2	IMPORT	\N	6874a8334a2629bd298ff241	ספירת מלאי - עודכן מהשרת	2025-07-16 12:31:12.133
68779b8ec64d2545f96ac871	6874eea11c74e928bd66bacf	\N	COUNT_UPDATE	1	IMPORT	\N	6874a8334a2629bd298ff241	ספירת מלאי - עודכן מהשרת	2025-07-16 12:31:10.794
68779b8ec669912607e236e2	6874eea11c74e928bd66bacf	\N	COUNT_UPDATE	1	IMPORT	\N	6874a8334a2629bd298ff241	ספירת מלאי - עודכן מהשרת	2025-07-16 12:31:10.266
cmkuxouaz0003viafrtzctt11	6874eea11c74e928bd66bad9	68779b96f468747717ff4b87	disposal	-3	\N	\N	\N	טיפול בפג תוקף: כמות הושמדה - 	2026-01-26 08:57:08.459
cmkv2zu8i0001viq8cntjdsed	6874eea11c74e928bd66bad9	68779b96f468747717ff4b87	inventory_correction	3	\N	\N	\N	שחזור טיפול בפג תוקף: כמות הושמדה - החזרת 3 יח' למלאי	2026-01-26 11:25:39.666
cml522zd300p7umif7zibzhdl	cml522yex001oumifhloh25wn	cml522yxu00fgumifph67fub4	TRANSFER_OUT	-9.25	manual	QA-1	cml522ycj0007umif8pp3i9e1	QA Transaction 1	2025-10-13 08:34:08.604
cml522zd600p9umifr2caupbp	cml522yfq0028umifpqnm6bd2	cml522yx700f0umifqjksaiwy	TRANSFER_OUT	-4.25	withdrawal	QA-2	cml522yc20002umifi3c66m9x	QA Transaction 2	2025-11-28 20:44:30.338
cml522zd900pbumifd61xnr2o	cml522yel001eumif2f9rz8wp	cml522yxa00f2umifgn71eagi	ADJUSTMENT	0.75	withdrawal	QA-3	cml522ycd0005umif3rvubhym	QA Transaction 3	2025-11-29 04:49:01.606
cml522zdb00pdumif4qyhd5ix	cml522yef001aumif8pd5emjt	cml522yxp00fcumifnq41nyg7	TRANSFER_OUT	-2	destruction	QA-4	cml522ycd0005umif3rvubhym	QA Transaction 4	2025-09-28 18:40:33.097
cml522zde00pfumifo7p90gsm	cml522yfh0022umifovn10sh7	cml522yze00ggumifmn1gnb3s	TRANSFER_IN	48	manual	QA-5	cml522yby0001umifndrk3i8k	QA Transaction 5	2025-09-23 19:02:43.041
cml522zdg00phumifr55j74aj	cml522ygb002mumifnwqbuutw	cml522z3300iqumifw6lvocg3	CONSUMPTION	-1.25	destruction	QA-6	cml522ycq0009umifuernxzqi	QA Transaction 6	2025-08-24 06:43:09.095
cml522zdi00pjumifm77hq9nz	cml522yf7001uumiftrmxe7o8	cml522z0l00h6umif1t826fk9	TRANSFER_IN	29	count	QA-7	cml522yco0008umif9lkvopnc	QA Transaction 7	2026-01-03 17:09:45.993
cml522zdl00plumiftkfsl24v	cml522yen001gumifms17l7ah	cml522z5600k0umifkzrq1db0	TRANSFER_OUT	-13	delivery	QA-8	cml522yc60003umif4wlpx7l3	QA Transaction 8	2025-11-27 18:38:12.519
cml522zdn00pnumifyc2bz2ki	cml522yei001cumif3ucbwfdi	cml522yws00equmifev58lepi	RECEIPT	41	manual	QA-9	cml522yc60003umif4wlpx7l3	QA Transaction 9	2025-10-19 01:38:28.161
cml522zdp00ppumif2b1p45xw	cml522yfh0022umifovn10sh7	cml522yx100ewumifd24h55ze	TRANSFER_OUT	-9.75	withdrawal	QA-10	cml522ycj0007umif8pp3i9e1	QA Transaction 10	2025-10-29 01:00:13.422
cml522zds00prumifao2dfo9o	cml522yfn0026umif6kveddmj	cml522z4a00jgumifsqqrdowq	RECEIPT	16	delivery	QA-11	cml522ybt0000umif28tks2la	QA Transaction 11	2025-11-21 13:32:22.057
cml522zdu00ptumifawhxc321	cml522ygk002qumifqhs99ncp	cml522yxg00f6umif5ud6uluh	TRANSFER_OUT	-19.25	delivery	QA-12	cml522ycg0006umif6532amaa	QA Transaction 12	2025-11-08 15:21:03.169
cml522zdx00pvumifv07qwpg1	cml522yft002aumifinudia4u	cml522yx700f0umifqjksaiwy	TRANSFER_IN	24.25	delivery	QA-13	cml522yc60003umif4wlpx7l3	QA Transaction 13	2025-12-17 15:22:41.445
cml522zdz00pxumifv9w947j2	cml522yei001cumif3ucbwfdi	cml522yzk00gkumif0ts7el4a	DESTRUCTION	-22	count	QA-14	cml522ycg0006umif6532amaa	QA Transaction 14	2025-12-31 02:52:18.492
cml522ze200pzumifq8b1e9wk	cml522yf3001sumif4pywaqgq	cml522z5900k2umifk1ufau4a	TRANSFER_IN	15	count	QA-15	cml522yc20002umifi3c66m9x	QA Transaction 15	2025-09-30 22:32:57.937
cml522ze400q1umifpkavsya6	cml522yg8002kumif6zk00zvp	cml522z2000i2umifb0pvuhz1	WITHDRAWAL	-11.75	count	QA-16	cml522ybt0000umif28tks2la	QA Transaction 16	2025-11-08 11:28:15.519
cml522ze600q3umif33boikam	cml522yfc001yumiflk04iayj	cml522yz300g8umifnuwyw0g5	ADJUSTMENT	8.5	manual	QA-17	cml522ycj0007umif8pp3i9e1	QA Transaction 17	2026-01-26 02:37:05.917
cml522ze900q5umif3lvmr759	cml522yei001cumif3ucbwfdi	cml522yz300g8umifnuwyw0g5	DESTRUCTION	-28.75	withdrawal	QA-18	cml522ycd0005umif3rvubhym	QA Transaction 18	2025-09-05 22:26:52.491
cml522zjn00unumifp9e1zr1f	cml522yfv002cumifqa9yp5oe	cml522z0u00hcumifutfvchdf	RECEIPT	6.75	destruction	QA-99	cml522ybt0000umif28tks2la	QA Transaction 99	2025-09-23 23:06:40.777
cml522zeb00q7umiffu6fa0uh	cml522yf3001sumif4pywaqgq	cml522z3t00j4umifx3fuakb6	TRANSFER_IN	14.75	withdrawal	QA-19	cml522ycg0006umif6532amaa	QA Transaction 19	2025-11-30 19:47:57.45
cml522zed00q9umif6wijt0wp	cml522yg0002gumif26riua9v	cml522z1700hkumifjhz36imd	CONSUMPTION	-17	count	QA-20	cml522ybt0000umif28tks2la	QA Transaction 20	2025-10-28 10:01:29.998
cml522zeg00qbumiff7qzsjuw	cml522yfy002eumifr2gw6o4i	cml522ywp00eoumifpy3ndt4s	CONSUMPTION	-7.75	delivery	QA-21	cml522yc60003umif4wlpx7l3	QA Transaction 21	2025-09-22 16:12:55.738
cml522zeh00qdumifpb5us4xj	cml522yfh0022umifovn10sh7	cml522z3300iqumifw6lvocg3	TRANSFER_IN	11.5	destruction	QA-22	cml522ycj0007umif8pp3i9e1	QA Transaction 22	2025-08-07 21:35:18.551
cml522zej00qfumifw765z8f7	cml522yev001mumifwtxp4gxi	cml522yye00fsumifx6dnaft4	DESTRUCTION	-5.25	destruction	QA-23	cml522yby0001umifndrk3i8k	QA Transaction 23	2025-08-22 19:42:23.805
cml522zem00qhumiframgrrhh	cml522ygq002uumif2yplvldv	cml522yx400eyumifrv6qn98n	TRANSFER_IN	26.5	manual	QA-24	cml522ycg0006umif6532amaa	QA Transaction 24	2025-11-11 02:24:16.37
cml522zen00qjumifd9c2ale5	cml522yf0001qumifruaprz7a	cml522z4500jcumifaz7wnlij	TRANSFER_IN	39	delivery	QA-25	cml522ycd0005umif3rvubhym	QA Transaction 25	2025-10-21 03:00:31.052
cml522zep00qlumifnzrsaiq2	cml522yfy002eumifr2gw6o4i	cml522z1r00hwumifvgwr0pqh	TRANSFER_OUT	-16.25	delivery	QA-26	cml522yby0001umifndrk3i8k	QA Transaction 26	2026-01-31 18:58:44.265
cml522zer00qnumifp88c1eho	cml522yg5002iumifrq2jdcpx	cml522ywy00euumif79k3vvgv	TRANSFER_OUT	-4.75	count	QA-27	cml522ycg0006umif6532amaa	QA Transaction 27	2026-01-23 10:50:10.519
cml522zet00qpumiflrg9f2yw	cml522ygb002mumifnwqbuutw	cml522z4a00jgumifsqqrdowq	WITHDRAWAL	-14.25	delivery	QA-28	cml522ycj0007umif8pp3i9e1	QA Transaction 28	2025-09-30 19:44:47.142
cml522zew00qrumif80xqsm7s	cml522yei001cumif3ucbwfdi	cml522z0600gwumifdm8fadkd	WITHDRAWAL	-9	destruction	QA-29	cml522ycj0007umif8pp3i9e1	QA Transaction 29	2025-12-02 05:52:33.554
cml522zey00qtumifyap09upq	cml522yf3001sumif4pywaqgq	cml522yzb00geumifvjkid2le	TRANSFER_OUT	-7.5	count	QA-30	cml522yc60003umif4wlpx7l3	QA Transaction 30	2025-12-16 02:18:03.03
cml522zf000qvumif47lkdkeu	cml522yg5002iumifrq2jdcpx	cml522z2900i8umifrl08xru6	DESTRUCTION	-11.5	delivery	QA-31	cml522ycd0005umif3rvubhym	QA Transaction 31	2025-12-05 14:06:08.933
cml522zf400qxumifkup5nr77	cml522yfk0024umifjm8p5jg9	cml522yxr00feumif011a74j9	ADJUSTMENT	-1	delivery	QA-32	cml522yco0008umif9lkvopnc	QA Transaction 32	2025-09-22 22:12:40.243
cml522zf700qzumifugxa54lb	cml522ygb002mumifnwqbuutw	cml522z1300hiumift0tk3x4h	CONSUMPTION	-9	count	QA-33	cml522ycg0006umif6532amaa	QA Transaction 33	2025-09-24 02:12:44.409
cml522zfa00r1umiffkfokfld	cml522yen001gumifms17l7ah	cml522z4d00jiumifez9bp4v9	WITHDRAWAL	-12.75	delivery	QA-34	cml522ybt0000umif28tks2la	QA Transaction 34	2025-08-22 07:26:20.191
cml522zfd00r3umif5y92gxim	cml522yft002aumifinudia4u	cml522yzu00gqumifmm9b3slb	TRANSFER_IN	38.25	destruction	QA-35	cml522ycq0009umifuernxzqi	QA Transaction 35	2025-12-25 08:35:24.915
cml522zff00r5umifr7iahfqi	cml522ygn002sumif4gmbockp	cml522yxp00fcumifnq41nyg7	WITHDRAWAL	-17.75	withdrawal	QA-36	cml522ybt0000umif28tks2la	QA Transaction 36	2025-10-30 08:29:39.085
cml522zfi00r7umifvkfjp3jc	cml522yft002aumifinudia4u	cml522z4800jeumif647y4gk5	ADJUSTMENT	-1	count	QA-37	cml522yc20002umifi3c66m9x	QA Transaction 37	2026-01-17 05:19:25.293
cml522zfl00r9umifuh4ozfse	cml522yex001oumifhloh25wn	cml522z0900gyumif4scgvlj0	WITHDRAWAL	-1.5	manual	QA-38	cml522yc20002umifi3c66m9x	QA Transaction 38	2025-08-29 20:06:13.835
cml522zfo00rbumif264su1vt	cml522yft002aumifinudia4u	cml522yyb00fqumif9josg7vz	TRANSFER_IN	37.75	count	QA-39	cml522yby0001umifndrk3i8k	QA Transaction 39	2025-11-01 14:17:36.483
cml522zfq00rdumifuwbi6o9t	cml522yff0020umifyfz0cmzd	cml522z2000i2umifb0pvuhz1	ADJUSTMENT	-6	count	QA-40	cml522yco0008umif9lkvopnc	QA Transaction 40	2025-10-07 16:40:52.175
cml522zft00rfumif7envrsye	cml522ygq002uumif2yplvldv	cml522yxp00fcumifnq41nyg7	WITHDRAWAL	-16.25	count	QA-41	cml522yby0001umifndrk3i8k	QA Transaction 41	2025-10-07 16:45:37.471
cml522zfv00rhumifh3t6prt8	cml522yf7001uumiftrmxe7o8	cml522z1n00huumifu3h9984p	DESTRUCTION	-19.5	destruction	QA-42	cml522ycq0009umifuernxzqi	QA Transaction 42	2025-10-01 10:40:14.024
cml522zfx00rjumife0wpylyd	cml522yex001oumifhloh25wn	cml522yxc00f4umif8did20lm	ADJUSTMENT	2.5	delivery	QA-43	cml522ycg0006umif6532amaa	QA Transaction 43	2025-11-04 22:20:49.885
cml522zg000rlumifqamsiqxa	cml522yfk0024umifjm8p5jg9	cml522yy500fmumif4bp45wnk	TRANSFER_OUT	-3.25	manual	QA-44	cml522ycg0006umif6532amaa	QA Transaction 44	2025-10-10 07:31:32.549
cml522zg200rnumifsa5tg7t7	cml522yfq0028umifpqnm6bd2	cml522z1d00houmiff8jvarwt	TRANSFER_IN	41.75	manual	QA-45	cml522yca0004umiflkrikykl	QA Transaction 45	2025-08-15 10:33:09.245
cml522zg400rpumif7crglz84	cml522yf3001sumif4pywaqgq	cml522z4d00jiumifez9bp4v9	CONSUMPTION	-5.25	manual	QA-46	cml522yby0001umifndrk3i8k	QA Transaction 46	2025-11-07 20:40:58.48
cml522zg600rrumif0tc1ixk1	cml522yf0001qumifruaprz7a	cml522z1g00hqumif4ziry9ti	CONSUMPTION	-3.25	destruction	QA-47	cml522ycq0009umifuernxzqi	QA Transaction 47	2025-11-21 19:49:44.842
cml522zg800rtumif2be1n8ky	cml522yex001oumifhloh25wn	cml522z0o00h8umifm6zw4eao	RECEIPT	13.25	count	QA-48	cml522ycj0007umif8pp3i9e1	QA Transaction 48	2025-12-28 02:24:00.373
cml522zga00rvumifasm8ig45	cml522yef001aumif8pd5emjt	cml522z1900hmumif06tydiq7	RECEIPT	6	destruction	QA-49	cml522ycj0007umif8pp3i9e1	QA Transaction 49	2025-10-24 00:41:49.323
cml522zgd00rxumif6l5smzgh	cml522yg5002iumifrq2jdcpx	cml522z0600gwumifdm8fadkd	RECEIPT	14.75	withdrawal	QA-50	cml522yc20002umifi3c66m9x	QA Transaction 50	2025-11-19 11:26:02.977
cml522zge00rzumifno0a8onc	cml522yfh0022umifovn10sh7	cml522yzn00gmumifota0o7sb	TRANSFER_OUT	-12	delivery	QA-51	cml522ybt0000umif28tks2la	QA Transaction 51	2025-09-04 10:23:29.022
cml522zgg00s1umif4wn8g597	cml522ygk002qumifqhs99ncp	cml522z4a00jgumifsqqrdowq	DESTRUCTION	-16.5	withdrawal	QA-52	cml522yc20002umifi3c66m9x	QA Transaction 52	2025-10-08 00:14:41.363
cml522zgi00s3umif8cu8iy5x	cml522yfk0024umifjm8p5jg9	cml522z2s00ikumifgngnxmp2	WITHDRAWAL	-13	manual	QA-53	cml522yc20002umifi3c66m9x	QA Transaction 53	2025-09-02 04:25:42.531
cml522zgl00s5umifufjb5d4t	cml522ygb002mumifnwqbuutw	cml522z4p00joumifr6imqb8u	WITHDRAWAL	-1	count	QA-54	cml522ycq0009umifuernxzqi	QA Transaction 54	2025-10-11 18:25:11.467
cml522zgn00s7umif1hiwph2n	cml522yfk0024umifjm8p5jg9	cml522yx700f0umifqjksaiwy	DESTRUCTION	-7.75	manual	QA-55	cml522yca0004umiflkrikykl	QA Transaction 55	2025-11-14 08:00:14.445
cml522zgp00s9umif3rqtbfbr	cml522yff0020umifyfz0cmzd	cml522z5100jwumif8gmhg2dw	DESTRUCTION	-10.25	withdrawal	QA-56	cml522yc60003umif4wlpx7l3	QA Transaction 56	2025-10-29 22:56:24.853
cml522zgr00sbumifb5uz5e6z	cml522yff0020umifyfz0cmzd	cml522z0f00h2umifjg675nfv	WITHDRAWAL	-19.75	withdrawal	QA-57	cml522ycj0007umif8pp3i9e1	QA Transaction 57	2025-12-23 23:22:07.408
cml522zgu00sdumifiael4zj9	cml522yei001cumif3ucbwfdi	cml522z4500jcumifaz7wnlij	WITHDRAWAL	-14.75	destruction	QA-58	cml522yca0004umiflkrikykl	QA Transaction 58	2025-09-25 03:28:11.095
cml522zgw00sfumif3xqnbour	cml522yff0020umifyfz0cmzd	cml522z2m00igumifchd9soy2	WITHDRAWAL	-1	destruction	QA-59	cml522yca0004umiflkrikykl	QA Transaction 59	2025-09-22 14:58:06.359
cml522zgy00shumifyaa2nutt	cml522yf0001qumifruaprz7a	cml522yyw00g2umifackxlzsi	CONSUMPTION	-19	manual	QA-60	cml522yc60003umif4wlpx7l3	QA Transaction 60	2025-09-30 23:58:39.709
cml522zh100sjumifxeeq85up	cml522yev001mumifwtxp4gxi	cml522yz300g8umifnuwyw0g5	DESTRUCTION	-20.75	destruction	QA-61	cml522ycj0007umif8pp3i9e1	QA Transaction 61	2025-11-17 02:43:45.087
cml522zh300slumif9qw55g07	cml522yev001mumifwtxp4gxi	cml522z3w00j6umifmapvnl18	TRANSFER_IN	37.25	withdrawal	QA-62	cml522ycq0009umifuernxzqi	QA Transaction 62	2025-10-18 09:32:48.704
cml522zh600snumifqf9hmikx	cml522yfh0022umifovn10sh7	cml522z3i00iyumifqwbb563q	TRANSFER_IN	38	withdrawal	QA-63	cml522yco0008umif9lkvopnc	QA Transaction 63	2025-11-10 03:15:33.146
cml522zh800spumifc5t2qf85	cml522yg0002gumif26riua9v	cml522z1u00hyumifl8s4wind	ADJUSTMENT	-3	destruction	QA-64	cml522yco0008umif9lkvopnc	QA Transaction 64	2025-11-16 02:04:43.104
cml522zhb00srumif2woolih0	cml522yg0002gumif26riua9v	cml522z4v00jsumifjfsw1707	DESTRUCTION	-5.5	destruction	QA-65	cml522ycg0006umif6532amaa	QA Transaction 65	2026-01-04 13:59:58.922
cml522zhe00stumif8cosrtgx	cml522yel001eumif2f9rz8wp	cml522yz600gaumif9qzq17ta	ADJUSTMENT	-0.75	withdrawal	QA-66	cml522yc60003umif4wlpx7l3	QA Transaction 66	2025-12-04 11:55:45.127
cml522zhf00svumifcgiemxch	cml522yes001kumif307qs6ey	cml522z0o00h8umifm6zw4eao	RECEIPT	27.75	destruction	QA-67	cml522ycd0005umif3rvubhym	QA Transaction 67	2025-10-22 15:37:54.837
cml522zhi00sxumiff37nlimz	cml522yel001eumif2f9rz8wp	cml522ywy00euumif79k3vvgv	ADJUSTMENT	-2.5	delivery	QA-68	cml522yby0001umifndrk3i8k	QA Transaction 68	2025-12-27 09:47:19.183
cml522zhk00szumifwxj8oq5p	cml522ygk002qumifqhs99ncp	cml522yxg00f6umif5ud6uluh	TRANSFER_IN	6.5	count	QA-69	cml522yco0008umif9lkvopnc	QA Transaction 69	2025-12-28 15:42:42.23
cml522zhm00t1umiftev2jlzx	cml522yei001cumif3ucbwfdi	cml522yxp00fcumifnq41nyg7	TRANSFER_IN	15.5	destruction	QA-70	cml522ybt0000umif28tks2la	QA Transaction 70	2025-10-29 01:31:03.221
cml522zho00t3umifbsi99o13	cml522yev001mumifwtxp4gxi	cml522z2m00igumifchd9soy2	RECEIPT	37.75	destruction	QA-71	cml522ybt0000umif28tks2la	QA Transaction 71	2026-01-12 14:27:18.338
cml522zhq00t5umifd5svmp5c	cml522ygh002oumif7wngtu8h	cml522yxr00feumif011a74j9	ADJUSTMENT	5.5	count	QA-72	cml522yc60003umif4wlpx7l3	QA Transaction 72	2025-12-19 10:07:08.593
cml522zht00t7umif32p8ascl	cml522ygb002mumifnwqbuutw	cml522z1000hgumifccc6qlfi	WITHDRAWAL	-12	destruction	QA-73	cml522yco0008umif9lkvopnc	QA Transaction 73	2026-01-05 20:24:17.052
cml522zhv00t9umiffu2pqu5h	cml522yft002aumifinudia4u	cml522yyt00g0umifiwlm7300	RECEIPT	50.25	delivery	QA-74	cml522yca0004umiflkrikykl	QA Transaction 74	2025-12-05 22:07:56.87
cml522zhx00tbumifqx6bntzh	cml522ygn002sumif4gmbockp	cml522z1x00i0umifbri6faa6	DESTRUCTION	-9.25	count	QA-75	cml522ycq0009umifuernxzqi	QA Transaction 75	2025-09-28 00:35:22.927
cml522zi100tdumif05ql8b9q	cml522yf7001uumiftrmxe7o8	cml522z5600k0umifkzrq1db0	WITHDRAWAL	-16.5	destruction	QA-76	cml522ycq0009umifuernxzqi	QA Transaction 76	2025-09-17 05:55:58.269
cml522zi300tfumifpqkyu0h8	cml522yei001cumif3ucbwfdi	cml522yyi00fuumifb88ifblt	RECEIPT	23.75	manual	QA-77	cml522yc20002umifi3c66m9x	QA Transaction 77	2025-09-08 05:27:59.893
cml522zi600thumif8lk36673	cml522ygb002mumifnwqbuutw	cml522z4500jcumifaz7wnlij	RECEIPT	17.75	destruction	QA-78	cml522ycg0006umif6532amaa	QA Transaction 78	2025-11-10 02:14:08.611
cml522zi900tjumif7sv9a2ox	cml522yes001kumif307qs6ey	cml522z1u00hyumifl8s4wind	TRANSFER_IN	9.25	count	QA-79	cml522ycj0007umif8pp3i9e1	QA Transaction 79	2025-09-11 23:11:33.812
cml522zib00tlumif8ssm6b52	cml522yff0020umifyfz0cmzd	cml522z1g00hqumif4ziry9ti	TRANSFER_IN	10.25	delivery	QA-80	cml522yco0008umif9lkvopnc	QA Transaction 80	2026-01-26 13:54:19.394
cml522zie00tnumif4srnr0ci	cml522yex001oumifhloh25wn	cml522z5e00k6umifkzbaj7ub	TRANSFER_IN	21	count	QA-81	cml522yca0004umiflkrikykl	QA Transaction 81	2025-12-06 04:54:01.293
cml522zih00tpumifpux4oq4o	cml522ygq002uumif2yplvldv	cml522z2000i2umifb0pvuhz1	TRANSFER_IN	38.25	delivery	QA-82	cml522yco0008umif9lkvopnc	QA Transaction 82	2025-12-20 10:08:32.978
cml522zik00trumifxbwcqsbi	cml522ygn002sumif4gmbockp	cml522yyi00fuumifb88ifblt	TRANSFER_OUT	-8.25	delivery	QA-83	cml522yca0004umiflkrikykl	QA Transaction 83	2026-01-11 01:13:15.44
cml522zim00ttumifp63at4c9	cml522yel001eumif2f9rz8wp	cml522z5b00k4umifeharpeuz	RECEIPT	39	delivery	QA-84	cml522yco0008umif9lkvopnc	QA Transaction 84	2025-10-02 11:03:22.34
cml522zip00tvumiftipuosif	cml522yen001gumifms17l7ah	cml522z0100guumif8edhs1le	ADJUSTMENT	-8.75	manual	QA-85	cml522ycq0009umifuernxzqi	QA Transaction 85	2025-08-16 14:36:23.958
cml522zir00txumifxhekj0ct	cml522yfn0026umif6kveddmj	cml522yxu00fgumifph67fub4	DESTRUCTION	-22.75	delivery	QA-86	cml522yc60003umif4wlpx7l3	QA Transaction 86	2026-01-02 22:38:21.547
cml522ziu00tzumifl2n05tlp	cml522yg8002kumif6zk00zvp	cml522z2900i8umifrl08xru6	CONSUMPTION	-8	count	QA-87	cml522ycg0006umif6532amaa	QA Transaction 87	2025-12-22 01:08:38.992
cml522zix00u1umifvs1zyt3e	cml522ygq002uumif2yplvldv	cml522z0i00h4umif4yqgdkgn	CONSUMPTION	-16.75	withdrawal	QA-88	cml522ycg0006umif6532amaa	QA Transaction 88	2026-01-09 03:34:50.81
cml522zj000u3umif9gzjtet4	cml522ygt002wumif53ke8fik	cml522yxg00f6umif5ud6uluh	WITHDRAWAL	-14	destruction	QA-89	cml522yc20002umifi3c66m9x	QA Transaction 89	2025-11-16 23:07:08.021
cml522zj300u5umiftb9iqmun	cml522yes001kumif307qs6ey	cml522yws00equmifev58lepi	TRANSFER_IN	22.75	withdrawal	QA-90	cml522yby0001umifndrk3i8k	QA Transaction 90	2025-08-07 08:19:57.92
cml522zj500u7umifg63c7ne5	cml522yfn0026umif6kveddmj	cml522z4d00jiumifez9bp4v9	RECEIPT	17.25	withdrawal	QA-91	cml522ycq0009umifuernxzqi	QA Transaction 91	2025-12-24 10:16:08.384
cml522zj700u9umifhkaxgebg	cml522yfk0024umifjm8p5jg9	cml522z0x00heumifo82rjrd1	WITHDRAWAL	-19.5	manual	QA-92	cml522ycg0006umif6532amaa	QA Transaction 92	2026-01-20 12:45:52.673
cml522zja00ubumif14q332hq	cml522yfn0026umif6kveddmj	cml522z1u00hyumifl8s4wind	TRANSFER_OUT	-6.75	destruction	QA-93	cml522yc60003umif4wlpx7l3	QA Transaction 93	2025-10-01 00:10:31.443
cml522zjc00udumif5udaz009	cml522yes001kumif307qs6ey	cml522z3p00j2umifdytmh3ji	RECEIPT	32.25	withdrawal	QA-94	cml522yc60003umif4wlpx7l3	QA Transaction 94	2025-11-21 15:37:04.718
cml522zje00ufumif2feri0r8	cml522yff0020umifyfz0cmzd	cml522z2900i8umifrl08xru6	WITHDRAWAL	-8.5	count	QA-95	cml522yco0008umif9lkvopnc	QA Transaction 95	2025-10-15 11:26:05.491
cml522zjg00uhumifs4c7nq4u	cml522yes001kumif307qs6ey	cml522yzp00goumif181zm7bs	WITHDRAWAL	-9.75	manual	QA-96	cml522ycj0007umif8pp3i9e1	QA Transaction 96	2025-08-10 18:57:30.066
cml522zjj00ujumifco7td22w	cml522yg8002kumif6zk00zvp	cml522yx100ewumifd24h55ze	CONSUMPTION	-2	destruction	QA-97	cml522ycg0006umif6532amaa	QA Transaction 97	2025-10-24 05:28:54.353
cml522zjl00ulumiff10b1xai	cml522ygq002uumif2yplvldv	cml522yyl00fwumifd9xru40v	TRANSFER_IN	30.25	manual	QA-98	cml522ycq0009umifuernxzqi	QA Transaction 98	2025-12-18 16:34:06.695
cml522zjq00upumifosc9wpn6	cml522ygq002uumif2yplvldv	cml522yxr00feumif011a74j9	TRANSFER_OUT	-5.75	manual	QA-100	cml522yc20002umifi3c66m9x	QA Transaction 100	2025-08-11 15:36:56.386
cml522zjs00urumifpnev98h5	cml522ygk002qumifqhs99ncp	cml522z0900gyumif4scgvlj0	CONSUMPTION	-9	destruction	QA-101	cml522ycg0006umif6532amaa	QA Transaction 101	2025-11-17 11:48:39.322
cml522zju00utumifg6g6ms7p	cml522yei001cumif3ucbwfdi	cml522z2p00iiumifvdjkhjch	RECEIPT	25	destruction	QA-102	cml522ycq0009umifuernxzqi	QA Transaction 102	2025-09-18 16:22:18.63
cml522zjw00uvumif30dx5phh	cml522yfk0024umifjm8p5jg9	cml522yyq00fyumifa2qa59sz	TRANSFER_OUT	-2.25	destruction	QA-103	cml522yc20002umifi3c66m9x	QA Transaction 103	2025-12-01 16:36:18.553
cml522zjy00uxumifoit33ax6	cml522yen001gumifms17l7ah	cml522z4800jeumif647y4gk5	RECEIPT	25.5	withdrawal	QA-104	cml522yby0001umifndrk3i8k	QA Transaction 104	2025-08-12 02:57:53.139
cml522zk000uzumifebscd1pw	cml522yel001eumif2f9rz8wp	cml522z4l00jmumifk4x10vnf	TRANSFER_IN	10	destruction	QA-105	cml522ycj0007umif8pp3i9e1	QA Transaction 105	2025-09-26 14:41:19.959
cml522zk200v1umifo8gp4s83	cml522yfq0028umifpqnm6bd2	cml522yxc00f4umif8did20lm	ADJUSTMENT	7.25	withdrawal	QA-106	cml522ycg0006umif6532amaa	QA Transaction 106	2025-08-24 09:53:02.911
cml522zk700v3umif3a8m1hee	cml522ygb002mumifnwqbuutw	cml522yxk00f8umifv3owlzo9	DESTRUCTION	-13.5	delivery	QA-107	cml522ycg0006umif6532amaa	QA Transaction 107	2025-08-12 21:26:12.565
cml522zk900v5umifmzd5m8mg	cml522ygn002sumif4gmbockp	cml522z2g00icumif9h8at7cr	CONSUMPTION	-17	count	QA-108	cml522yby0001umifndrk3i8k	QA Transaction 108	2026-01-25 16:31:50.536
cml522zka00v7umifw0ke5u32	cml522yei001cumif3ucbwfdi	cml522yyw00g2umifackxlzsi	ADJUSTMENT	1.5	count	QA-109	cml522ybt0000umif28tks2la	QA Transaction 109	2025-09-26 01:42:21.721
cml522zkc00v9umif3v2borc8	cml522yeq001iumifgaii9j95	cml522z1900hmumif06tydiq7	RECEIPT	7.5	destruction	QA-110	cml522ycd0005umif3rvubhym	QA Transaction 110	2025-12-08 02:02:00.587
cml522zke00vbumifh6j6ynfs	cml522yex001oumifhloh25wn	cml522z4l00jmumifk4x10vnf	RECEIPT	43.25	count	QA-111	cml522ycd0005umif3rvubhym	QA Transaction 111	2025-12-24 03:22:12.627
cml522zkg00vdumifty7cfvy4	cml522yfc001yumiflk04iayj	cml522z5600k0umifkzrq1db0	TRANSFER_OUT	-2.75	delivery	QA-112	cml522ycg0006umif6532amaa	QA Transaction 112	2025-09-23 15:42:15.486
cml522zki00vfumifgtettdd6	cml522ygk002qumifqhs99ncp	cml522z4y00juumifysgxt38x	RECEIPT	18.25	destruction	QA-113	cml522yc60003umif4wlpx7l3	QA Transaction 113	2025-10-06 20:23:44.621
cml522zkk00vhumiffykwj19i	cml522ygk002qumifqhs99ncp	cml522z4s00jqumifotpnviaf	RECEIPT	20.25	manual	QA-114	cml522ybt0000umif28tks2la	QA Transaction 114	2025-12-05 00:03:19.467
cml522zkm00vjumifqhl8avdc	cml522yes001kumif307qs6ey	cml522z5100jwumif8gmhg2dw	RECEIPT	49.75	withdrawal	QA-115	cml522yc60003umif4wlpx7l3	QA Transaction 115	2025-11-03 13:48:25.618
cml522zko00vlumif286r8jex	cml522yg0002gumif26riua9v	cml522z2z00ioumifg0i6y20a	WITHDRAWAL	-18.25	withdrawal	QA-116	cml522yc20002umifi3c66m9x	QA Transaction 116	2025-08-18 11:09:43.907
cml522zkq00vnumifwy0ipwsf	cml522yes001kumif307qs6ey	cml522yy200fkumif16l7oko1	CONSUMPTION	-5.75	withdrawal	QA-117	cml522ycj0007umif8pp3i9e1	QA Transaction 117	2025-12-25 12:21:19.749
cml522zks00vpumifpdw3h7go	cml522yfv002cumifqa9yp5oe	cml522yzp00goumif181zm7bs	WITHDRAWAL	-18	destruction	QA-118	cml522yc20002umifi3c66m9x	QA Transaction 118	2026-01-02 14:38:58.83
cml522zku00vrumifi036uas8	cml522yf3001sumif4pywaqgq	cml522yzp00goumif181zm7bs	TRANSFER_OUT	-2.5	delivery	QA-119	cml522yc60003umif4wlpx7l3	QA Transaction 119	2025-10-05 16:53:40.988
cml522zkx00vtumif8g4anwq5	cml522yf3001sumif4pywaqgq	cml522yxm00faumif63t7tku9	RECEIPT	32.5	destruction	QA-120	cml522ycd0005umif3rvubhym	QA Transaction 120	2025-11-02 17:35:15.715
cml522zky00vvumifs3ujx0cr	cml522yev001mumifwtxp4gxi	cml522ywy00euumif79k3vvgv	DESTRUCTION	-30.75	withdrawal	QA-121	cml522yby0001umifndrk3i8k	QA Transaction 121	2025-09-02 13:32:07.362
cml522zl000vxumifhf9twxb9	cml522yfv002cumifqa9yp5oe	cml522z1n00huumifu3h9984p	CONSUMPTION	-13	count	QA-122	cml522yca0004umiflkrikykl	QA Transaction 122	2025-08-10 01:56:41.223
cml522zl200vzumifsp5ub21s	cml522yfh0022umifovn10sh7	cml522ywv00esumif36fflcqf	WITHDRAWAL	-7.25	manual	QA-123	cml522ycg0006umif6532amaa	QA Transaction 123	2025-08-14 16:52:26.603
cml522zl400w1umifzpzn9xwc	cml522yen001gumifms17l7ah	cml522yxc00f4umif8did20lm	WITHDRAWAL	-3.25	count	QA-124	cml522ycd0005umif3rvubhym	QA Transaction 124	2025-10-24 22:25:27.378
cml522zl700w3umifu1gmurn3	cml522yft002aumifinudia4u	cml522z0900gyumif4scgvlj0	RECEIPT	43	count	QA-125	cml522yca0004umiflkrikykl	QA Transaction 125	2026-01-11 03:30:14.561
cml522zl800w5umifh6h461co	cml522ygt002wumif53ke8fik	cml522yyy00g4umif2nv3wu7z	TRANSFER_OUT	-17	withdrawal	QA-126	cml522ycj0007umif8pp3i9e1	QA Transaction 126	2025-08-23 21:31:03.293
cml522zlb00w7umifrylirxkq	cml522yg5002iumifrq2jdcpx	cml522yzx00gsumif82r2ttte	RECEIPT	35.25	delivery	QA-127	cml522ycq0009umifuernxzqi	QA Transaction 127	2025-09-07 05:54:16.581
cml522zld00w9umifgtcq9fu8	cml522yfh0022umifovn10sh7	cml522yye00fsumifx6dnaft4	DESTRUCTION	-11.25	delivery	QA-128	cml522yc20002umifi3c66m9x	QA Transaction 128	2026-01-27 17:31:01.512
cml522zlf00wbumifkuzczppl	cml522yfq0028umifpqnm6bd2	cml522yzk00gkumif0ts7el4a	TRANSFER_OUT	-12	manual	QA-129	cml522yc20002umifi3c66m9x	QA Transaction 129	2025-09-19 03:57:58.934
cml522zlh00wdumif95ime64y	cml522yg5002iumifrq2jdcpx	cml522z4l00jmumifk4x10vnf	TRANSFER_OUT	-10	delivery	QA-130	cml522yca0004umiflkrikykl	QA Transaction 130	2025-08-13 03:23:21.896
cml522zlj00wfumifxvmzb12v	cml522yeq001iumifgaii9j95	cml522ywy00euumif79k3vvgv	WITHDRAWAL	-13.75	delivery	QA-131	cml522ycg0006umif6532amaa	QA Transaction 131	2025-11-19 19:45:29.125
cml522zll00whumif8brz5s08	cml522yei001cumif3ucbwfdi	cml522yyw00g2umifackxlzsi	WITHDRAWAL	-7	destruction	QA-132	cml522yco0008umif9lkvopnc	QA Transaction 132	2025-08-24 19:56:01.676
cml522zln00wjumifee1ztaz6	cml522ygk002qumifqhs99ncp	cml522z2900i8umifrl08xru6	DESTRUCTION	-25.75	delivery	QA-133	cml522yc60003umif4wlpx7l3	QA Transaction 133	2025-12-26 17:55:13.294
cml522zlo00wlumifgkih0fe3	cml522yff0020umifyfz0cmzd	cml522z3e00iwumifyiogncbi	ADJUSTMENT	-8.5	delivery	QA-134	cml522yc60003umif4wlpx7l3	QA Transaction 134	2025-11-19 20:05:26.067
cml522zlq00wnumifh6g3hzx3	cml522yfh0022umifovn10sh7	cml522z0l00h6umif1t826fk9	DESTRUCTION	-11.75	count	QA-135	cml522ybt0000umif28tks2la	QA Transaction 135	2025-08-12 07:13:05.19
cml522zls00wpumif6ih1xkuz	cml522yfh0022umifovn10sh7	cml522z2600i6umif07sj8uvt	RECEIPT	21.5	manual	QA-136	cml522yc20002umifi3c66m9x	QA Transaction 136	2026-01-21 20:01:46.252
cml522zlu00wrumif3yg6nlwo	cml522yes001kumif307qs6ey	cml522yy500fmumif4bp45wnk	TRANSFER_IN	33.75	withdrawal	QA-137	cml522yc60003umif4wlpx7l3	QA Transaction 137	2025-10-29 14:36:07.819
cml522zlw00wtumif9zmjhwz8	cml522ygn002sumif4gmbockp	cml522yx400eyumifrv6qn98n	DESTRUCTION	-20.75	withdrawal	QA-138	cml522yca0004umiflkrikykl	QA Transaction 138	2025-12-12 12:43:38.751
cml522zlz00wvumif3g2yms1u	cml522yev001mumifwtxp4gxi	cml522z1r00hwumifvgwr0pqh	TRANSFER_OUT	-19.25	destruction	QA-139	cml522yc60003umif4wlpx7l3	QA Transaction 139	2025-11-16 14:57:38.453
cml522zm100wxumifubzhkkcr	cml522yf0001qumifruaprz7a	cml522z0x00heumifo82rjrd1	CONSUMPTION	-5.25	count	QA-140	cml522ycj0007umif8pp3i9e1	QA Transaction 140	2025-11-21 11:59:39.684
cml522zm300wzumifcyou8eru	cml522ygn002sumif4gmbockp	cml522z1300hiumift0tk3x4h	CONSUMPTION	-7.5	manual	QA-141	cml522ycj0007umif8pp3i9e1	QA Transaction 141	2025-08-12 11:18:58.088
cml522zm500x1umif6cu92lqh	cml522ygq002uumif2yplvldv	cml522z0u00hcumifutfvchdf	DESTRUCTION	-5	manual	QA-142	cml522yc20002umifi3c66m9x	QA Transaction 142	2025-12-28 18:07:53.441
cml522zm700x3umif21nuw55o	cml522yfv002cumifqa9yp5oe	cml522z1r00hwumifvgwr0pqh	RECEIPT	23.25	destruction	QA-143	cml522yca0004umiflkrikykl	QA Transaction 143	2026-02-01 08:59:32.665
cml522zm900x5umif44djt39p	cml522yfq0028umifpqnm6bd2	cml522z2c00iaumifej2jfadj	CONSUMPTION	-6.25	withdrawal	QA-144	cml522ybt0000umif28tks2la	QA Transaction 144	2025-11-14 06:01:47.61
cml522zmb00x7umifb8fnfbvz	cml522yfy002eumifr2gw6o4i	cml522z0f00h2umifjg675nfv	RECEIPT	34.25	destruction	QA-145	cml522ycj0007umif8pp3i9e1	QA Transaction 145	2026-01-15 14:35:15.189
cml522zmc00x9umifxnpj4gi4	cml522ygn002sumif4gmbockp	cml522yze00ggumifmn1gnb3s	ADJUSTMENT	-9.75	count	QA-146	cml522yby0001umifndrk3i8k	QA Transaction 146	2025-12-31 16:43:09.788
cml522zme00xbumif7wedqays	cml522ygt002wumif53ke8fik	cml522yzh00giumifguxthsrk	CONSUMPTION	-16.25	count	QA-147	cml522yc60003umif4wlpx7l3	QA Transaction 147	2025-12-12 13:58:45.642
cml522zmh00xdumifgjx5kkoa	cml522yex001oumifhloh25wn	cml522yyi00fuumifb88ifblt	DESTRUCTION	-27.75	delivery	QA-148	cml522ycg0006umif6532amaa	QA Transaction 148	2025-11-11 10:26:27.445
cml522zmj00xfumifd5589b6o	cml522yfy002eumifr2gw6o4i	cml522z3800isumifkpefp85e	WITHDRAWAL	-14	manual	QA-149	cml522yc60003umif4wlpx7l3	QA Transaction 149	2025-09-25 21:41:05.701
cml522zml00xhumif93mcfywr	cml522yf9001wumifrf4damoq	cml522yy800foumifevsvqeyv	ADJUSTMENT	-4.25	manual	QA-150	cml522yby0001umifndrk3i8k	QA Transaction 150	2025-12-11 04:16:19.208
cml522zmn00xjumifqjsphtzy	cml522ygh002oumif7wngtu8h	cml522yyi00fuumifb88ifblt	DESTRUCTION	-23	count	QA-151	cml522yc20002umifi3c66m9x	QA Transaction 151	2025-08-26 05:31:28.183
cml522zmq00xlumife9g6qf3j	cml522ygk002qumifqhs99ncp	cml522yxr00feumif011a74j9	WITHDRAWAL	-15.5	withdrawal	QA-152	cml522ycj0007umif8pp3i9e1	QA Transaction 152	2025-11-11 22:45:56.026
cml522zmr00xnumif7htqcwpx	cml522yfk0024umifjm8p5jg9	cml522z4v00jsumifjfsw1707	TRANSFER_OUT	-15.5	manual	QA-153	cml522ybt0000umif28tks2la	QA Transaction 153	2025-08-09 16:49:10.981
cml522zmt00xpumifo20kl5ut	cml522yef001aumif8pd5emjt	cml522yz600gaumif9qzq17ta	DESTRUCTION	-7.25	destruction	QA-154	cml522ycg0006umif6532amaa	QA Transaction 154	2025-12-16 12:29:02.6
cml522zmv00xrumifu3crhwrg	cml522yf7001uumiftrmxe7o8	cml522z4d00jiumifez9bp4v9	CONSUMPTION	-11	delivery	QA-155	cml522ybt0000umif28tks2la	QA Transaction 155	2025-11-01 16:43:38.696
cml522zmx00xtumif3wav3z97	cml522ygk002qumifqhs99ncp	cml522yyi00fuumifb88ifblt	RECEIPT	23	count	QA-156	cml522ycg0006umif6532amaa	QA Transaction 156	2025-10-24 22:35:59.217
cml522zn000xvumifklickwlt	cml522ygt002wumif53ke8fik	cml522z0100guumif8edhs1le	TRANSFER_OUT	-13.75	manual	QA-157	cml522yc20002umifi3c66m9x	QA Transaction 157	2025-10-03 22:16:24.844
cml522zn200xxumif6rrx8jnk	cml522yfq0028umifpqnm6bd2	cml522yx400eyumifrv6qn98n	ADJUSTMENT	3	count	QA-158	cml522yc20002umifi3c66m9x	QA Transaction 158	2025-09-06 22:02:40.13
cml522zn300xzumifz6sn3m93	cml522yel001eumif2f9rz8wp	cml522z0f00h2umifjg675nfv	DESTRUCTION	-24.75	manual	QA-159	cml522yc60003umif4wlpx7l3	QA Transaction 159	2026-01-16 22:07:11.816
cml522zn600y1umifrzu24pyu	cml522yef001aumif8pd5emjt	cml522yxz00fiumifs37u729l	DESTRUCTION	-21	delivery	QA-160	cml522ycg0006umif6532amaa	QA Transaction 160	2025-11-08 14:30:43.345
cml522zn800y3umif56592rr0	cml522yfh0022umifovn10sh7	cml522z4500jcumifaz7wnlij	RECEIPT	40.75	count	QA-161	cml522yby0001umifndrk3i8k	QA Transaction 161	2025-11-13 11:15:33.658
cml522zna00y5umiftyr5wcky	cml522yf9001wumifrf4damoq	cml522yzu00gqumifmm9b3slb	ADJUSTMENT	-6	withdrawal	QA-162	cml522ycj0007umif8pp3i9e1	QA Transaction 162	2025-08-22 04:36:59.624
cml522znb00y7umif9yao1ni0	cml522yg8002kumif6zk00zvp	cml522z1x00i0umifbri6faa6	RECEIPT	33	count	QA-163	cml522yca0004umiflkrikykl	QA Transaction 163	2025-12-18 23:20:35.389
cml522zne00y9umif41nxzv0o	cml522yeq001iumifgaii9j95	cml522z4200jaumifbvrmute9	CONSUMPTION	-10.25	destruction	QA-164	cml522yby0001umifndrk3i8k	QA Transaction 164	2025-12-02 06:00:10.649
cml522zng00ybumif35dxoj6t	cml522ygq002uumif2yplvldv	cml522z2c00iaumifej2jfadj	ADJUSTMENT	-10	count	QA-165	cml522yc60003umif4wlpx7l3	QA Transaction 165	2025-10-04 02:23:52.297
cml522znj00ydumif77bjjir6	cml522yes001kumif307qs6ey	cml522z2c00iaumifej2jfadj	DESTRUCTION	-30.75	withdrawal	QA-166	cml522ybt0000umif28tks2la	QA Transaction 166	2025-10-27 11:31:37.216
cml522znl00yfumift65wf3de	cml522yev001mumifwtxp4gxi	cml522yzx00gsumif82r2ttte	TRANSFER_OUT	-4.25	delivery	QA-167	cml522ycd0005umif3rvubhym	QA Transaction 167	2025-12-31 20:08:14.382
cml522zno00yhumif4teb0bhb	cml522yfn0026umif6kveddmj	cml522yye00fsumifx6dnaft4	ADJUSTMENT	5.25	withdrawal	QA-168	cml522ycg0006umif6532amaa	QA Transaction 168	2026-01-28 07:32:44.035
cml522znp00yjumifpyc99op1	cml522yg0002gumif26riua9v	cml522z5600k0umifkzrq1db0	WITHDRAWAL	-5.5	destruction	QA-169	cml522yco0008umif9lkvopnc	QA Transaction 169	2025-10-10 05:41:41.85
cml522znr00ylumifjw2yrn4t	cml522yfq0028umifpqnm6bd2	cml522z4y00juumifysgxt38x	CONSUMPTION	-14.25	manual	QA-170	cml522ybt0000umif28tks2la	QA Transaction 170	2026-01-23 09:12:56.037
cml522znt00ynumifsgjpsoxv	cml522yf3001sumif4pywaqgq	cml522z4d00jiumifez9bp4v9	ADJUSTMENT	-4	withdrawal	QA-171	cml522ycq0009umifuernxzqi	QA Transaction 171	2025-08-13 01:04:29.133
cml522znw00ypumifa4smlnlb	cml522yg5002iumifrq2jdcpx	cml522z0o00h8umifm6zw4eao	ADJUSTMENT	-0.5	count	QA-172	cml522ycd0005umif3rvubhym	QA Transaction 172	2025-11-06 17:29:34.238
cml522zny00yrumif66ki5205	cml522yfy002eumifr2gw6o4i	cml522z3m00j0umif5zhv6e93	WITHDRAWAL	-9.5	destruction	QA-173	cml522yco0008umif9lkvopnc	QA Transaction 173	2026-01-20 07:19:14.572
cml522zo100ytumifuh2cm22p	cml522ygh002oumif7wngtu8h	cml522z3w00j6umifmapvnl18	TRANSFER_OUT	-7	destruction	QA-174	cml522ycg0006umif6532amaa	QA Transaction 174	2025-11-24 03:38:42.107
cml522zo300yvumif1dg0vk10	cml522yfc001yumiflk04iayj	cml522yxg00f6umif5ud6uluh	ADJUSTMENT	2.5	withdrawal	QA-175	cml522yco0008umif9lkvopnc	QA Transaction 175	2025-10-05 15:38:41.323
cml522zo600yxumifq97owm9s	cml522ygh002oumif7wngtu8h	cml522z4g00jkumif2yk1fx3c	TRANSFER_IN	44.25	withdrawal	QA-176	cml522ycd0005umif3rvubhym	QA Transaction 176	2025-08-28 07:25:05.016
cml522zoa00yzumifnkp073b1	cml522yfv002cumifqa9yp5oe	cml522z2z00ioumifg0i6y20a	TRANSFER_OUT	-10	withdrawal	QA-177	cml522ybt0000umif28tks2la	QA Transaction 177	2025-11-14 09:07:42.686
cml522zoc00z1umifrb6lr5to	cml522yfv002cumifqa9yp5oe	cml522yyy00g4umif2nv3wu7z	ADJUSTMENT	-7.75	destruction	QA-178	cml522yc60003umif4wlpx7l3	QA Transaction 178	2025-08-23 00:21:53.42
cml522zoe00z3umifac9imrti	cml522yev001mumifwtxp4gxi	cml522z0r00haumifvycu86jx	DESTRUCTION	-27.25	destruction	QA-179	cml522yby0001umifndrk3i8k	QA Transaction 179	2025-11-07 17:10:45.579
cml522zoh00z5umifgw49lcdu	cml522yev001mumifwtxp4gxi	cml522z2300i4umifsh9soj8h	TRANSFER_OUT	-9	withdrawal	QA-180	cml522yby0001umifndrk3i8k	QA Transaction 180	2026-01-20 17:07:40.908
cml522zoj00z7umif530b5uw7	cml522yff0020umifyfz0cmzd	cml522yxc00f4umif8did20lm	CONSUMPTION	-18.25	destruction	QA-181	cml522ybt0000umif28tks2la	QA Transaction 181	2025-10-24 23:18:55.145
cml522zol00z9umifqm0f48eb	cml522yg8002kumif6zk00zvp	cml522z3t00j4umifx3fuakb6	RECEIPT	24.75	delivery	QA-182	cml522ycj0007umif8pp3i9e1	QA Transaction 182	2025-10-16 11:20:30.782
cml522zon00zbumifqc82jb0y	cml522ygt002wumif53ke8fik	cml522z0o00h8umifm6zw4eao	CONSUMPTION	-4.75	manual	QA-183	cml522ycd0005umif3rvubhym	QA Transaction 183	2025-12-30 11:31:41.415
cml522zoq00zdumifx8f0havw	cml522yex001oumifhloh25wn	cml522z1900hmumif06tydiq7	RECEIPT	20	count	QA-184	cml522yco0008umif9lkvopnc	QA Transaction 184	2025-10-28 09:18:28.985
cml522zor00zfumifpl1c644u	cml522yg0002gumif26riua9v	cml522z4800jeumif647y4gk5	RECEIPT	30.5	withdrawal	QA-185	cml522yca0004umiflkrikykl	QA Transaction 185	2025-09-09 00:20:46.758
cml522zot00zhumifgtpstdoz	cml522yfq0028umifpqnm6bd2	cml522z4g00jkumif2yk1fx3c	CONSUMPTION	-1.25	delivery	QA-186	cml522yco0008umif9lkvopnc	QA Transaction 186	2025-08-12 21:28:07.936
cml522zov00zjumifbyg8dbty	cml522yfk0024umifjm8p5jg9	cml522z2s00ikumifgngnxmp2	RECEIPT	25	manual	QA-187	cml522ycq0009umifuernxzqi	QA Transaction 187	2025-10-15 18:34:59.266
cml522zox00zlumif0hfue54s	cml522ygq002uumif2yplvldv	cml522z2p00iiumifvdjkhjch	TRANSFER_IN	15	withdrawal	QA-188	cml522ybt0000umif28tks2la	QA Transaction 188	2025-11-08 02:01:33.712
cml522zp000znumifq2ox74ct	cml522yff0020umifyfz0cmzd	cml522z1k00hsumif1r590mwg	DESTRUCTION	-29.75	manual	QA-189	cml522yco0008umif9lkvopnc	QA Transaction 189	2025-10-04 14:41:10.706
cml522zp100zpumif5mcfuxa9	cml522yf9001wumifrf4damoq	cml522z0x00heumifo82rjrd1	RECEIPT	41.5	delivery	QA-190	cml522ybt0000umif28tks2la	QA Transaction 190	2026-01-19 06:12:01.838
cml522zp400zrumifew8q106y	cml522yf3001sumif4pywaqgq	cml522yzh00giumifguxthsrk	WITHDRAWAL	-16.75	delivery	QA-191	cml522yc60003umif4wlpx7l3	QA Transaction 191	2025-09-26 10:48:56.038
cml522zp600ztumif3hyh2yxk	cml522yf7001uumiftrmxe7o8	cml522z0600gwumifdm8fadkd	ADJUSTMENT	4.25	manual	QA-192	cml522ycg0006umif6532amaa	QA Transaction 192	2025-09-15 08:45:45.195
cml522zp800zvumif6p2dthxn	cml522yeq001iumifgaii9j95	cml522yz900gcumiffr8qfaqs	RECEIPT	32.5	count	QA-193	cml522yc60003umif4wlpx7l3	QA Transaction 193	2025-11-04 01:20:22.563
cml522zpa00zxumifxgzopkfu	cml522yg8002kumif6zk00zvp	cml522z2900i8umifrl08xru6	TRANSFER_OUT	-1	manual	QA-194	cml522ycq0009umifuernxzqi	QA Transaction 194	2025-12-19 15:30:06.899
cml522zpc00zzumifhr0scgop	cml522yef001aumif8pd5emjt	cml522yxp00fcumifnq41nyg7	ADJUSTMENT	7	delivery	QA-195	cml522yc60003umif4wlpx7l3	QA Transaction 195	2025-10-14 22:17:57.329
cml522zpe0101umify8lbgova	cml522yfv002cumifqa9yp5oe	cml522z4a00jgumifsqqrdowq	TRANSFER_OUT	-19.25	manual	QA-196	cml522ycj0007umif8pp3i9e1	QA Transaction 196	2025-09-08 09:34:57.993
cml522zpg0103umifzrus46wa	cml522yex001oumifhloh25wn	cml522z1000hgumifccc6qlfi	ADJUSTMENT	8.75	manual	QA-197	cml522ycd0005umif3rvubhym	QA Transaction 197	2025-10-20 16:34:52.639
cml522zpl0105umif3i924k24	cml522yef001aumif8pd5emjt	cml522z5600k0umifkzrq1db0	DESTRUCTION	-22.5	manual	QA-198	cml522yby0001umifndrk3i8k	QA Transaction 198	2025-12-11 01:47:30.28
cml522zpn0107umifffgeq97o	cml522yex001oumifhloh25wn	cml522z5100jwumif8gmhg2dw	DESTRUCTION	-28	destruction	QA-199	cml522yc60003umif4wlpx7l3	QA Transaction 199	2025-11-30 17:16:12.663
cml522zpq0109umifdsvrxheu	cml522yfk0024umifjm8p5jg9	cml522z3300iqumifw6lvocg3	DESTRUCTION	-24.5	manual	QA-200	cml522ycq0009umifuernxzqi	QA Transaction 200	2026-01-25 11:31:32.864
cmlj8vaxw0003umj69g3axsq5	cml522yfq0028umifpqnm6bd2	cml522z2s00ikumifgngnxmp2	disposal	-79	\N	\N	\N	טיפול בפג תוקף: כמות הושמדה - 	2026-02-12 09:16:33.957
cmlj8vfdn0007umj6u4nxzahv	cml522yff0020umifyfz0cmzd	cml522yzx00gsumif82r2ttte	disposal	-148	\N	\N	\N	טיפול בפג תוקף: כמות הושמדה - 	2026-02-12 09:16:39.707
cmljdlgwk0007umf0lbwd05yx	cml522yfq0028umifpqnm6bd2	cml522z3b00iuumifjw1p0opl	disposal	-151	\N	\N	\N	טיפול בפג תוקף: כמות הושמדה - 	2026-02-12 11:28:53.205
cmmc6ebma0003umw6fnf7unco	6874eea11c74e928bd66bad2	6877e8234a54db2cbbe368d0	CONSUMPTION	-2	dispense	cmmc6ebm60001umw6j81pge66	6874a8334a2629bd298ff241	הוצאה מהמלאי - אצווה 9792245901	2026-03-04 15:12:41.555
\.


--
-- Data for Name: Order; Type: TABLE DATA; Schema: inventory; Owner: postgres
--

COPY inventory."Order" (id, "tempNumber", "permanentNumber", "sapPurchaseOrder", "supplierId", "supplierSnapshot", "orderType", status, "orderDate", "expectedDeliveryStart", "expectedDeliveryEnd", "closedDate", "totalValue", currency, "internalNotes", "supplierNotes", "createdAt", "updatedAt") FROM stdin;
68f6fc651026a2b0ff7b36d6	FC-OR-018	\N	\N	688205ddd9ecf3227a29b3fd	ELDAN	IMMEDIATE	APPROVED	2025-10-21 00:00:00	\N	\N	\N	\N	ILS	\N	\N	2025-10-21 03:22:13.191	2026-01-25 12:35:30.579
68f6403bce77ead6bf91306d	FC-OR-017	\N	\N	688205dd31dd7f098f48a208	BIORAD	IMMEDIATE	PENDING_SAP_DETAILS	2025-10-20 00:00:00	\N	\N	\N	\N	ILS	\N	\N	2025-10-20 13:59:23.748	2026-01-25 12:35:30.587
68f64001ff514157b69014dd	FC-OR-016	\N	\N	688205dd31dd7f098f48a208	BIORAD	IMMEDIATE	PENDING_SAP_DETAILS	2025-10-20 00:00:00	\N	\N	\N	\N	ILS	\N	\N	2025-10-20 13:58:25.389	2026-01-25 12:35:30.593
68f63fe06314a491e1ea61da	FC-OR-015	\N	\N	688205ddd9ecf3227a29b3fd	ELDAN	IMMEDIATE	PENDING_SAP_DETAILS	2025-10-20 00:00:00	\N	\N	\N	\N	ILS	\N	\N	2025-10-20 13:57:52.294	2026-01-25 12:35:30.6
68f5d637d728162b8752917f	FC-OR-014	\N	\N	688205dd31dd7f098f48a208	BIORAD	IMMEDIATE	PENDING_SAP_DETAILS	2025-10-20 00:00:00	\N	\N	\N	\N	ILS	\N	\N	2025-10-20 06:27:03.045	2026-01-25 12:35:30.606
68f5d6016672aa76af69bb28	FC-OR-013	\N	\N	688205ddd9ecf3227a29b3fd	ELDAN	IMMEDIATE	PENDING_SAP_DETAILS	2025-10-20 00:00:00	\N	\N	\N	\N	ILS	\N	\N	2025-10-20 06:26:09.479	2026-01-25 12:35:30.612
68f0bf985c391e0105bfb18a	FC-OR-00012	\N	\N	688205ddd9ecf3227a29b3fd	ELDAN	IMMEDIATE	PENDING_SAP_DETAILS	2025-10-16 00:00:00	\N	\N	\N	\N	ILS	\N	\N	2025-10-16 09:49:12.097	2026-01-25 12:35:30.618
68f0b2da4a908612b313fbf1	FC-OR-00011	\N	\N	688205ddd9ecf3227a29b3fd	ELDAN	IMMEDIATE	PENDING_SAP_DETAILS	2025-10-16 00:00:00	\N	\N	\N	\N	ILS	\N	\N	2025-10-16 08:54:50.09	2026-01-25 12:35:30.625
68cc7145f69d9891f8c351e6	FC-OR-00010	\N	\N	688205dd31dd7f098f48a208	BIORAD	IMMEDIATE	PENDING_SAP_DETAILS	2025-09-18 00:00:00	\N	\N	\N	\N	ILS	\N	\N	2025-09-18 20:53:25.58	2026-01-25 12:35:30.63
68bfbf5e37da9c70145d956f	FC-OR-00009	\N	\N	688205ddd9ecf3227a29b3fd	ELDAN	IMMEDIATE	PENDING_SAP_DETAILS	2025-09-09 00:00:00	\N	\N	\N	\N	ILS	\N	\N	2025-09-09 05:47:10.88	2026-01-25 12:35:30.636
68bea71aa8ed0235da4270a0	FC-OR-008	\N	\N	688205ddd9ecf3227a29b3fd	ELDAN	IMMEDIATE	FULLY_RECEIVED	2025-09-08 00:00:00	\N	\N	\N	\N	ILS	\N	\N	2025-09-08 09:51:22.406	2026-01-25 12:35:30.643
68bea6c32fad18833f2e4fba	FC-OR-007	\N	\N	688205dd31dd7f098f48a208	BIORAD	IMMEDIATE	FULLY_RECEIVED	2025-09-08 00:00:00	\N	\N	\N	\N	ILS	\N	\N	2025-09-08 09:49:55.71	2026-01-25 12:35:30.65
68b81e4032fffe643e3c2c6c	FC-OR-006	\N	\N	688205dd31dd7f098f48a208	BIORAD	IMMEDIATE	PENDING_SAP_DETAILS	2025-09-03 00:00:00	\N	\N	\N	\N	ILS	\N	\N	2025-09-03 10:53:52.339	2026-01-25 12:35:30.655
68b7dcdbb85dc7c789f40042	FC-OR-005	\N	\N	688205dd31dd7f098f48a208	BIORAD	IMMEDIATE	PENDING_SAP_DETAILS	2025-09-03 00:00:00	\N	\N	\N	\N	ILS	\N	\N	2025-09-03 06:14:51.686	2026-01-25 12:35:30.661
68b7dcb0e40d9a035c9bd173	FC-OR-004	\N	\N	688205dd31dd7f098f48a208	BIORAD	IMMEDIATE	PENDING_SAP_DETAILS	2025-09-03 00:00:00	\N	\N	\N	\N	ILS	\N	\N	2025-09-03 06:14:08.131	2026-01-25 12:35:30.668
68aff6c13ce2d65d89b89d5b	FC-OR-003	\N	\N	688205dd31dd7f098f48a208	BIORAD	IMMEDIATE	APPROVED	2025-08-28 00:00:00	\N	\N	\N	\N	ILS	\N	\N	2025-08-28 06:27:13.509	2026-01-25 12:35:30.675
68af6304880691e44dcf1e84	FC-OR-002	\N	\N	688205dd31dd7f098f48a208	BIORAD	IMMEDIATE	CANCELLED	2025-08-27 00:00:00	\N	\N	\N	\N	ILS	\N	\N	2025-08-27 19:56:52.705	2026-01-25 12:35:30.684
68af62f8c483fe9a8e0404cc	FC-OR-001	\N	\N	688205ddd9ecf3227a29b3fd	ELDAN	IMMEDIATE	CANCELLED	2025-08-27 00:00:00	\N	\N	\N	\N	ILS	\N	\N	2025-08-27 19:56:40.169	2026-01-25 12:35:30.692
68af0ad2d98787c15721e5dc	REQ-20250827-134034-12Q9	\N	\N	688205dd31dd7f098f48a208	BIORAD	IMMEDIATE	CANCELLED	2025-08-27 00:00:00	\N	\N	\N	\N	ILS	\N	\N	2025-08-27 13:40:34.653	2026-01-25 12:35:30.698
68af0ad1fe3eafde89dc63aa	REQ-20250827-134032-28W9	\N	\N	688205ddd05fa02253e6d785	ALMOG	IMMEDIATE	CANCELLED	2025-08-27 00:00:00	\N	\N	\N	\N	ILS	\N	\N	2025-08-27 13:40:33.461	2026-01-25 12:35:30.705
68aefa1ab98ffc3b9b9371ae	REQ-20250827-122914-ODP8	\N	\N	688205dd31dd7f098f48a208	BIORAD	IMMEDIATE	CANCELLED	2025-08-27 00:00:00	\N	\N	\N	\N	ILS	\N	\N	2025-08-27 12:29:14.628	2026-01-25 12:35:30.712
68a56fc4134f6bd5a9a7dd73	FC-SR-00002	\N	\N	688205dd31dd7f098f48a208	BIORAD	IMMEDIATE	CANCELLED	2025-08-20 00:00:00	\N	\N	\N	\N	ILS	\N	\N	2025-08-20 06:48:36.915	2026-01-25 12:35:30.718
689b466762e80eb97d96e5d8	FC-SR-00001	\N	\N	688205dd7d4feb5981abf8a4	DANIEL_BIOTECH	IMMEDIATE	CANCELLED	2025-08-12 00:00:00	\N	\N	\N	\N	ILS	\N	\N	2025-08-12 13:49:27.768	2026-01-25 12:35:30.726
688b219ac8d3fdb657dacc46	TEMP-20250731-5023	\N	\N	688205dd31dd7f098f48a208	BIORAD	IMMEDIATE	FULLY_RECEIVED	2025-07-31 00:00:00	\N	\N	\N	\N	ILS	\N	\N	2025-07-31 07:56:10.465	2026-01-25 12:35:30.732
687e5428892f29947d7dd9e8	TEMP-20250721-8741	\N	\N	688205dd7d4feb5981abf8a4	DANIEL_BIOTECH	IMMEDIATE	CANCELLED	2025-07-21 00:00:00	\N	\N	\N	\N	ILS	\N	\N	2025-07-21 14:52:24.763	2026-01-25 12:35:30.739
cmku7mu4y0001vih753kbl0th	ORD-2026-0001	\N	\N	688205dd31dd7f098f48a208	BIORAD	IMMEDIATE	DRAFT	2026-01-25 20:47:44.914	\N	\N	\N	\N	ILS	נוצר אוטומטית מהשלמות	\N	2026-01-25 20:47:44.914	2026-01-25 20:47:44.914
cmkv23jc40005viy2dmmk2pih	ORD-2026-0005	\N	\N	688205dd31dd7f098f48a208	BIORAD	IMMEDIATE	DRAFT	2026-01-26 11:00:32.548	\N	\N	\N	\N	ILS	נוצר אוטומטית מהשלמות	\N	2026-01-26 11:00:32.548	2026-01-26 11:00:47.021
cmkv2ayt90009viy2rrpzotdz	ORD-2026-0006	5680000	yse	688205dd31dd7f098f48a208	BIORAD	FRAMEWORK	DRAFT	2026-01-26 11:06:19.198	\N	\N	\N	\N	ILS	נוצר אוטומטית מהשלמות	\N	2026-01-26 11:06:19.198	2026-01-26 11:07:00.081
cml522ygy002yumif18ciwy0g	ORD-202602-0001	\N	\N	cml522yd4000dumif8gfjvrqr	Immucor	FRAMEWORK	DRAFT	2025-09-05 17:25:14.153	2025-09-12 17:25:14.153	2025-10-05 17:25:14.153	\N	\N	USD	QA Test Order 2	\N	2026-02-02 10:57:47.266	2026-02-02 10:57:47.266
cml522yhd003aumiffeq16x9g	ORD-202602-0002	\N	\N	cml522yd4000dumif8gfjvrqr	Immucor	IMMEDIATE	DRAFT	2025-09-28 22:28:33.257	2025-10-05 22:28:33.257	2025-10-28 22:28:33.257	\N	\N	USD	QA Test Order 3	\N	2026-02-02 10:57:47.282	2026-02-02 10:57:47.282
cml522yhw003mumifb52fqvch	ORD-202602-0003	\N	\N	cml522yd6000eumifhmfpkqfa	DiaMed / Bio-Rad	IMMEDIATE	DRAFT	2025-11-20 14:36:59.13	2025-11-27 14:36:59.13	2025-12-20 14:36:59.13	\N	\N	CHF	QA Test Order 4	\N	2026-02-02 10:57:47.301	2026-02-02 10:57:47.301
cml522yi7003uumif0dpf9pw0	ORD-202602-0004	\N	\N	cml522yd6000eumifhmfpkqfa	DiaMed / Bio-Rad	IMMEDIATE	PENDING_SAP	2026-02-01 08:54:35.032	2026-02-08 08:54:35.032	2026-03-03 08:54:35.032	\N	\N	CHF	QA Test Order 5	\N	2026-02-02 10:57:47.311	2026-02-02 10:57:47.311
cml522yii0042umifbeqq6i5x	ORD-202602-0005	\N	\N	cml522yd0000cumif2s439164	Grifols	FRAMEWORK	PENDING_SAP	2025-12-05 05:51:54.922	2025-12-12 05:51:54.922	2026-01-04 05:51:54.922	\N	\N	EUR	QA Test Order 6	\N	2026-02-02 10:57:47.323	2026-02-02 10:57:47.323
cml522yj0004gumifbhtb6ajx	ORD-202602-0006	\N	\N	cml522yd4000dumif8gfjvrqr	Immucor	FRAMEWORK	PENDING_SAP	2025-08-16 02:52:56.263	2025-08-23 02:52:56.263	2025-09-15 02:52:56.263	\N	\N	USD	QA Test Order 7	\N	2026-02-02 10:57:47.34	2026-02-02 10:57:47.34
cml522yjj004uumifeh6oqj5p	ORD-202602-0007	SAP-000008	PO-00000008	cml522ycx000bumifkshg1tap	Ortho Clinical Diagnostics	IMMEDIATE	APPROVED	2025-09-27 01:33:35.495	2025-10-04 01:33:35.495	2025-10-27 01:33:35.495	\N	\N	USD	QA Test Order 8	\N	2026-02-02 10:57:47.359	2026-02-02 10:57:47.359
cml522yjs0050umifg52tznca	ORD-202602-0008	SAP-000009	PO-00000009	cml522yd4000dumif8gfjvrqr	Immucor	IMMEDIATE	APPROVED	2025-12-16 23:30:35.516	2025-12-23 23:30:35.516	2026-01-15 23:30:35.516	\N	\N	USD	QA Test Order 9	\N	2026-02-02 10:57:47.368	2026-02-02 10:57:47.368
cml522ykd005cumifooh5b3fo	ORD-202602-0009	SAP-000010	PO-00000010	cml522ycx000bumifkshg1tap	Ortho Clinical Diagnostics	IMMEDIATE	APPROVED	2025-09-22 03:10:51.613	2025-09-29 03:10:51.613	2025-10-22 03:10:51.613	\N	\N	USD	QA Test Order 10	\N	2026-02-02 10:57:47.389	2026-02-02 10:57:47.389
cml522ykr005gumifnu9wfydu	ORD-202602-0010	SAP-000011	PO-00000011	cml522ycx000bumifkshg1tap	Ortho Clinical Diagnostics	IMMEDIATE	APPROVED	2025-09-13 14:30:53.461	2025-09-20 14:30:53.461	2025-10-13 14:30:53.461	\N	\N	USD	QA Test Order 11	\N	2026-02-02 10:57:47.403	2026-02-02 10:57:47.403
cml522yl3005oumifgbz2k0ib	ORD-202602-0011	SAP-000012	PO-00000012	cml522ycx000bumifkshg1tap	Ortho Clinical Diagnostics	IMMEDIATE	APPROVED	2025-09-13 00:53:44.208	2025-09-20 00:53:44.208	2025-10-13 00:53:44.208	\N	\N	USD	QA Test Order 12	\N	2026-02-02 10:57:47.416	2026-02-02 10:57:47.416
cml522ylh005yumifxo36k13k	ORD-202602-0012	SAP-000013	PO-00000013	cml522yd6000eumifhmfpkqfa	DiaMed / Bio-Rad	IMMEDIATE	APPROVED	2025-12-23 00:22:26.367	2025-12-30 00:22:26.367	2026-01-22 00:22:26.367	\N	\N	CHF	QA Test Order 13	\N	2026-02-02 10:57:47.43	2026-02-02 10:57:47.43
cml522ylw006aumifnpx9uxxj	ORD-202602-0013	SAP-000014	PO-00000014	cml522yd6000eumifhmfpkqfa	DiaMed / Bio-Rad	FRAMEWORK	PARTIALLY_RECEIVED	2025-11-01 08:42:09.426	2025-11-08 08:42:09.426	2025-12-01 08:42:09.426	\N	\N	CHF	QA Test Order 14	\N	2026-02-02 10:57:47.445	2026-02-02 10:57:47.445
cml522ym5006gumifybk40me0	ORD-202602-0014	SAP-000015	PO-00000015	cml522yd0000cumif2s439164	Grifols	IMMEDIATE	PARTIALLY_RECEIVED	2025-10-07 19:33:38.709	2025-10-14 19:33:38.709	2025-11-06 19:33:38.709	\N	\N	EUR	QA Test Order 15	\N	2026-02-02 10:57:47.453	2026-02-02 10:57:47.453
cml522ymj006sumifq6dyix0k	ORD-202602-0015	SAP-000016	PO-00000016	cml522ycx000bumifkshg1tap	Ortho Clinical Diagnostics	IMMEDIATE	PARTIALLY_RECEIVED	2025-10-31 14:18:04.69	2025-11-07 14:18:04.69	2025-11-30 14:18:04.69	\N	\N	USD	QA Test Order 16	\N	2026-02-02 10:57:47.468	2026-02-02 10:57:47.468
cml522ymt0070umif75b3u708	ORD-202602-0016	SAP-000017	PO-00000017	cml522ycu000aumifihofztd3	Bio-Rad Laboratories	IMMEDIATE	PARTIALLY_RECEIVED	2025-11-22 12:59:43.521	2025-11-29 12:59:43.521	2025-12-22 12:59:43.521	\N	\N	USD	QA Test Order 17	\N	2026-02-02 10:57:47.477	2026-02-02 10:57:47.477
cml522yn50078umifouab48s5	ORD-202602-0017	SAP-000018	PO-00000018	cml522ycx000bumifkshg1tap	Ortho Clinical Diagnostics	IMMEDIATE	PARTIALLY_RECEIVED	2026-01-13 11:36:12.41	2026-01-20 11:36:12.41	2026-02-12 11:36:12.41	\N	\N	USD	QA Test Order 18	\N	2026-02-02 10:57:47.49	2026-02-02 10:57:47.49
cml522ynl007kumifq7vwamgg	ORD-202602-0018	SAP-000019	PO-00000019	cml522ycx000bumifkshg1tap	Ortho Clinical Diagnostics	IMMEDIATE	FULLY_RECEIVED	2025-09-06 16:45:43.626	2025-09-13 16:45:43.626	2025-10-06 16:45:43.626	\N	\N	USD	QA Test Order 19	\N	2026-02-02 10:57:47.506	2026-02-02 10:57:47.506
cml522ynt007qumifjm16t236	ORD-202602-0019	SAP-000020	PO-00000020	cml522yd4000dumif8gfjvrqr	Immucor	FRAMEWORK	FULLY_RECEIVED	2026-01-29 16:13:27.471	2026-02-05 16:13:27.471	2026-02-28 16:13:27.471	\N	\N	USD	QA Test Order 20	\N	2026-02-02 10:57:47.514	2026-02-02 10:57:47.514
cml522yo4007yumifmhkfx9cl	ORD-202602-0020	SAP-000021	PO-00000021	cml522yd0000cumif2s439164	Grifols	IMMEDIATE	FULLY_RECEIVED	2026-01-17 04:57:15.586	2026-01-24 04:57:15.586	2026-02-16 04:57:15.586	\N	\N	EUR	QA Test Order 21	\N	2026-02-02 10:57:47.524	2026-02-02 10:57:47.524
cml522yoc0084umif9jkluzmi	ORD-202602-0021	SAP-000022	PO-00000022	cml522ycu000aumifihofztd3	Bio-Rad Laboratories	IMMEDIATE	FULLY_RECEIVED	2025-12-16 17:24:32.847	2025-12-23 17:24:32.847	2026-01-15 17:24:32.847	\N	\N	USD	QA Test Order 22	\N	2026-02-02 10:57:47.533	2026-02-02 10:57:47.533
cml522yom008cumifotzxspbg	ORD-202602-0022	SAP-000023	PO-00000023	cml522ycu000aumifihofztd3	Bio-Rad Laboratories	FRAMEWORK	FULLY_RECEIVED	2025-11-02 05:43:34.996	2025-11-09 05:43:34.996	2025-12-02 05:43:34.996	\N	\N	USD	QA Test Order 23	\N	2026-02-02 10:57:47.543	2026-02-02 10:57:47.543
cml522you008iumiffd8e9jo2	ORD-202602-0023	SAP-000024	PO-00000024	cml522yd6000eumifhmfpkqfa	DiaMed / Bio-Rad	IMMEDIATE	FULLY_RECEIVED	2025-11-24 20:45:37.869	2025-12-01 20:45:37.869	2025-12-24 20:45:37.869	\N	\N	CHF	QA Test Order 24	\N	2026-02-02 10:57:47.551	2026-02-02 10:57:47.551
cml522ypb008uumif7vcuh3du	ORD-202602-0024	SAP-000025	PO-00000025	cml522ycu000aumifihofztd3	Bio-Rad Laboratories	IMMEDIATE	FULLY_RECEIVED	2025-09-16 16:22:16.867	2025-09-23 16:22:16.867	2025-10-16 16:22:16.867	\N	\N	USD	QA Test Order 25	\N	2026-02-02 10:57:47.567	2026-02-02 10:57:47.567
cml522ypf008yumifzjnntn4z	ORD-202602-0025	SAP-000026	PO-00000026	cml522ycu000aumifihofztd3	Bio-Rad Laboratories	IMMEDIATE	FULLY_RECEIVED	2025-10-11 18:28:44.568	2025-10-18 18:28:44.568	2025-11-10 18:28:44.568	\N	\N	USD	QA Test Order 26	\N	2026-02-02 10:57:47.572	2026-02-02 10:57:47.572
cml522yps0098umifbjol5uek	ORD-202602-0026	SAP-000027	PO-00000027	cml522ycu000aumifihofztd3	Bio-Rad Laboratories	IMMEDIATE	CLOSED	2025-11-18 09:37:49.682	2025-11-25 09:37:49.682	2025-12-18 09:37:49.682	2025-12-03 09:36:56.513	\N	USD	QA Test Order 27	\N	2026-02-02 10:57:47.584	2026-02-02 10:57:47.584
cml522ypz009eumifknf13jvq	ORD-202602-0027	SAP-000028	PO-00000028	cml522ycx000bumifkshg1tap	Ortho Clinical Diagnostics	IMMEDIATE	CLOSED	2025-11-26 20:39:46.268	2025-12-03 20:39:46.268	2025-12-26 20:39:46.268	2025-12-01 06:27:57.609	\N	USD	QA Test Order 28	\N	2026-02-02 10:57:47.592	2026-02-02 10:57:47.592
cml522yq6009kumif7xjpob3j	ORD-202602-0028	SAP-000029	PO-00000029	cml522ycx000bumifkshg1tap	Ortho Clinical Diagnostics	IMMEDIATE	CLOSED	2026-01-26 01:42:54.568	2026-02-02 01:42:54.568	2026-02-25 01:42:54.568	2026-02-01 23:08:54.113	\N	USD	QA Test Order 29	\N	2026-02-02 10:57:47.599	2026-02-02 10:57:47.599
cml522yql009wumif37p4j6jc	ORD-202602-0029	SAP-000030	PO-00000030	cml522yd6000eumifhmfpkqfa	DiaMed / Bio-Rad	IMMEDIATE	CLOSED	2026-01-22 21:08:34.566	2026-01-29 21:08:34.566	2026-02-21 21:08:34.566	2026-01-23 08:25:27.729	\N	CHF	QA Test Order 30	\N	2026-02-02 10:57:47.613	2026-02-02 10:57:47.613
cml522yqt00a2umifyo76lgbz	ORD-202602-0030	\N	\N	cml522ycu000aumifihofztd3	Bio-Rad Laboratories	IMMEDIATE	CANCELLED	2025-09-27 09:47:55.722	2025-10-04 09:47:55.722	2025-10-27 09:47:55.722	\N	\N	USD	QA Test Order 31	\N	2026-02-02 10:57:47.621	2026-02-02 10:57:47.621
cmlj9a40r0001umf0eyw47vp6	ORD-2026-0007	דוגמא	דוגמא	cml522ycx000bumifkshg1tap	Ortho Clinical Diagnostics	FRAMEWORK	DRAFT	2026-02-12 09:28:04.828	\N	\N	\N	\N	ILS	נוצר אוטומטית מהשלמות	\N	2026-02-12 09:28:04.828	2026-02-12 10:57:33.717
\.


--
-- Data for Name: OrderItem; Type: TABLE DATA; Schema: inventory; Owner: postgres
--

COPY inventory."OrderItem" (id, "orderId", "reagentId", "requestedQuantity", "approvedQuantity", "receivedQuantity", "remainingQuantity", "unitPrice", currency, notes, "createdAt", "updatedAt") FROM stdin;
68f6fc65647394d72fdb5d5a	68f6fc651026a2b0ff7b36d6	6874eea11c74e928bd66bacf	0	\N	0	\N	0	ILS	\N	2025-10-21 03:22:13.384	2026-01-25 12:35:30.746
68f6403d0de1b1b6013a6029	68f6403bce77ead6bf91306d	6874eea11c74e928bd66badf	0	\N	0	\N	0	ILS	\N	2025-10-20 13:59:25.808	2026-01-25 12:35:30.752
68f640020de1b1b6013a5ed8	68f64001ff514157b69014dd	6874eea21c74e928bd66bafd	0	\N	0	\N	0	ILS	\N	2025-10-20 13:58:26.353	2026-01-25 12:35:30.756
68f63fe081db981e2f921802	68f63fe06314a491e1ea61da	6874eea11c74e928bd66bad5	0	\N	0	\N	0	ILS	\N	2025-10-20 13:57:52.89	2026-01-25 12:35:30.76
68f5d637bff3033966a34442	68f5d637d728162b8752917f	6874eea21c74e928bd66bb0d	0	\N	0	\N	0	ILS	\N	2025-10-20 06:27:03.257	2026-01-25 12:35:30.763
68f5d601d7aea364633eda38	68f5d6016672aa76af69bb28	6874eea11c74e928bd66bad5	0	\N	0	\N	0	ILS	\N	2025-10-20 06:26:09.725	2026-01-25 12:35:30.767
68f0bf99a2c874bda16f282a	68f0bf985c391e0105bfb18a	6874eea11c74e928bd66bad5	0	\N	0	\N	0	ILS	\N	2025-10-16 09:49:13.168	2026-01-25 12:35:30.77
68f0b2db4c95d5ca0d6ebaa9	68f0b2da4a908612b313fbf1	6874eea21c74e928bd66bb08	0	\N	0	\N	0	ILS	\N	2025-10-16 08:54:51.948	2026-01-25 12:35:30.774
68cc71460066163d8776a0cb	68cc7145f69d9891f8c351e6	6874eea21c74e928bd66bafd	0	\N	0	\N	0	ILS	\N	2025-09-18 20:53:26.306	2026-01-25 12:35:30.779
68bfbf6067756f90fc5e851d	68bfbf5e37da9c70145d956f	6874eea11c74e928bd66bae6	0	\N	0	\N	0	ILS	\N	2025-09-09 05:47:12.735	2026-01-25 12:35:30.784
68bfbf6071dc6fad1bacdbd6	68bfbf5e37da9c70145d956f	6874eea11c74e928bd66badc	0	\N	0	\N	0	ILS	\N	2025-09-09 05:47:12.161	2026-01-25 12:35:30.791
68bea71bdbb2f03857f33024	68bea71aa8ed0235da4270a0	6874eea11c74e928bd66bae6	0	\N	0	\N	0	ILS	\N	2025-09-08 09:51:23.729	2026-01-25 12:35:30.795
68bea71b1cae9113e63a8671	68bea71aa8ed0235da4270a0	6874eea11c74e928bd66bae5	0	\N	0	\N	0	ILS	\N	2025-09-08 09:51:23.356	2026-01-25 12:35:30.8
68bea71a536447da57e41ed8	68bea71aa8ed0235da4270a0	6874eea11c74e928bd66badc	0	\N	0	\N	0	ILS	\N	2025-09-08 09:51:22.787	2026-01-25 12:35:30.806
68bea6c56932feac763193c1	68bea6c32fad18833f2e4fba	6874eea21c74e928bd66baf9	0	\N	0	\N	0	ILS	\N	2025-09-08 09:49:57.938	2026-01-25 12:35:30.81
68bea6c5536447da57e41ba8	68bea6c32fad18833f2e4fba	6874eea21c74e928bd66bb18	0	\N	0	\N	0	ILS	\N	2025-09-08 09:49:57.575	2026-01-25 12:35:30.813
68bea6c57dc09c3b2e56af11	68bea6c32fad18833f2e4fba	6874eea21c74e928bd66baf1	0	\N	0	\N	0	ILS	\N	2025-09-08 09:49:57.25	2026-01-25 12:35:30.817
68bea6c41fcb6eae73897548	68bea6c32fad18833f2e4fba	6874eea11c74e928bd66bae8	0	\N	0	\N	0	ILS	\N	2025-09-08 09:49:56.852	2026-01-25 12:35:30.821
68b81e407263da91ad32c7c8	68b81e4032fffe643e3c2c6c	6874eea21c74e928bd66bafd	0	\N	0	\N	0	ILS	\N	2025-09-03 10:53:52.927	2026-01-25 12:35:30.827
68b7dcdcf2d7f2cbac38e3c6	68b7dcdbb85dc7c789f40042	6874eea21c74e928bd66bb06	0	\N	0	\N	0	ILS	\N	2025-09-03 06:14:52.402	2026-01-25 12:35:30.831
68b7dcdc7e56811b0f6c0703	68b7dcdbb85dc7c789f40042	6874eea21c74e928bd66baf7	0	\N	0	\N	0	ILS	\N	2025-09-03 06:14:52.069	2026-01-25 12:35:30.837
68b7dcb1ba2100787d9e180e	68b7dcb0e40d9a035c9bd173	6874eea21c74e928bd66bb01	0	\N	0	\N	0	ILS	\N	2025-09-03 06:14:09.071	2026-01-25 12:35:30.841
68b7dcb0707fabeccb703c82	68b7dcb0e40d9a035c9bd173	6874eea21c74e928bd66bafd	0	\N	0	\N	0	ILS	\N	2025-09-03 06:14:08.75	2026-01-25 12:35:30.847
68af630722307949e8ae3f2b	68af6304880691e44dcf1e84	6874eea21c74e928bd66bb0d	0	\N	0	\N	0	ILS	\N	2025-08-27 19:56:55.534	2026-01-25 12:35:30.851
68af62fb11d3d6de1e2453b7	68af62f8c483fe9a8e0404cc	6874eea21c74e928bd66bb14	0	\N	0	\N	0	ILS	\N	2025-08-27 19:56:43.583	2026-01-25 12:35:30.855
68af0ad32bf2e2ae9627462b	68af0ad2d98787c15721e5dc	6874eea11c74e928bd66bad1	0	\N	0	\N	0	ILS	\N	2025-08-27 13:40:35.117	2026-01-25 12:35:30.86
68af0ad26523eeae99f96dc1	68af0ad1fe3eafde89dc63aa	6874eea21c74e928bd66baff	0	\N	0	\N	0	ILS	\N	2025-08-27 13:40:34.162	2026-01-25 12:35:30.864
68aefa1b405d6a9ff332074e	68aefa1ab98ffc3b9b9371ae	6874eea21c74e928bd66bb03	0	\N	0	\N	0	ILS	\N	2025-08-27 12:29:15.177	2026-01-25 12:35:30.873
68aefa1b405d6a9ff332074f	68aefa1ab98ffc3b9b9371ae	6874eea11c74e928bd66bad1	0	\N	0	\N	0	ILS	\N	2025-08-27 12:29:15.177	2026-01-25 12:35:30.878
68a56fc68b8222389078bfdd	68a56fc4134f6bd5a9a7dd73	6874eea11c74e928bd66badf	0	\N	0	\N	0	ILS	\N	2025-08-20 06:48:38.419	2026-01-25 12:35:30.883
689b46688fcb3b01e77b2a26	689b466762e80eb97d96e5d8	6874eea21c74e928bd66bb24	0	\N	0	\N	0	ILS	\N	2025-08-12 13:49:28.533	2026-01-25 12:35:30.889
688b219be706350b8cc314f6	688b219ac8d3fdb657dacc46	6874eea21c74e928bd66baf7	0	\N	0	\N	0	ILS	\N	2025-07-31 07:56:11.081	2026-01-25 12:35:30.895
687e54299001e5efe34618b4	687e5428892f29947d7dd9e8	6874eea21c74e928bd66bb25	0	\N	0	\N	0	ILS	\N	2025-07-21 14:52:25.525	2026-01-25 12:35:30.924
cmku7mu5g0003vih79nylsg09	cmku7mu4y0001vih753kbl0th	6874eea21c74e928bd66bafd	2	\N	0	\N	\N	ILS	\N	2026-01-25 20:47:44.932	2026-01-25 20:47:44.932
cmkv23jci0007viy2c65yvwqw	cmkv23jc40005viy2dmmk2pih	6874eea11c74e928bd66bad1	2	\N	0	\N	\N	ILS	\N	2026-01-26 11:00:32.562	2026-01-26 11:00:32.562
cmkv2ayti000bviy2nny4gnnj	cmkv2ayt90009viy2rrpzotdz	6874eea21c74e928bd66bafd	40	\N	0	\N	\N	ILS	\N	2026-01-26 11:06:19.207	2026-01-26 11:06:19.207
cml522yh10030umifev7swi5n	cml522ygy002yumif18ciwy0g	cml522yf0001qumifruaprz7a	76.5	\N	0	\N	489.5	USD	\N	2026-02-02 10:57:47.269	2026-02-02 10:57:47.269
cml522yh30032umifhi2pnk9v	cml522ygy002yumif18ciwy0g	cml522ygk002qumifqhs99ncp	47.25	\N	0	\N	74	USD	\N	2026-02-02 10:57:47.271	2026-02-02 10:57:47.271
cml522yh50034umifwpdnnah2	cml522ygy002yumif18ciwy0g	cml522yg5002iumifrq2jdcpx	14	\N	0	\N	482.75	USD	\N	2026-02-02 10:57:47.274	2026-02-02 10:57:47.274
cml522yh70036umiflbs14wzk	cml522ygy002yumif18ciwy0g	cml522yel001eumif2f9rz8wp	48.75	\N	0	\N	457.5	USD	\N	2026-02-02 10:57:47.276	2026-02-02 10:57:47.276
cml522yhh003cumifx4ocswil	cml522yhd003aumiffeq16x9g	cml522yfn0026umif6kveddmj	29.25	\N	0	\N	103.75	USD	\N	2026-02-02 10:57:47.285	2026-02-02 10:57:47.285
cml522yhk003eumif260fd99e	cml522yhd003aumiffeq16x9g	cml522yfq0028umifpqnm6bd2	55	\N	0	\N	245.75	USD	\N	2026-02-02 10:57:47.289	2026-02-02 10:57:47.289
cml522yhn003gumif4mxlrh6g	cml522yhd003aumiffeq16x9g	cml522yg0002gumif26riua9v	76	\N	0	\N	144.25	USD	\N	2026-02-02 10:57:47.291	2026-02-02 10:57:47.291
cml522yhq003iumifm8sc8dei	cml522yhd003aumiffeq16x9g	cml522yf9001wumifrf4damoq	88.25	\N	0	\N	313.5	USD	\N	2026-02-02 10:57:47.294	2026-02-02 10:57:47.294
cml522yht003kumifd0azrf1e	cml522yhd003aumiffeq16x9g	cml522yfc001yumiflk04iayj	50.5	\N	0	\N	198	USD	\N	2026-02-02 10:57:47.297	2026-02-02 10:57:47.297
cml522yhz003oumifc8bwo34i	cml522yhw003mumifb52fqvch	cml522ygh002oumif7wngtu8h	100	\N	0	\N	193.25	CHF	\N	2026-02-02 10:57:47.303	2026-02-02 10:57:47.303
cml522yi1003qumifagjgei5k	cml522yhw003mumifb52fqvch	cml522yfq0028umifpqnm6bd2	33.75	\N	0	\N	349.25	CHF	\N	2026-02-02 10:57:47.305	2026-02-02 10:57:47.305
cml522yi3003sumifmr7myhi5	cml522yhw003mumifb52fqvch	cml522yfc001yumiflk04iayj	49.5	\N	0	\N	353.5	CHF	\N	2026-02-02 10:57:47.308	2026-02-02 10:57:47.308
cml522yi9003wumifi5n97ha6	cml522yi7003uumif0dpf9pw0	cml522ygb002mumifnwqbuutw	12.5	\N	0	\N	324	CHF	\N	2026-02-02 10:57:47.314	2026-02-02 10:57:47.314
cml522yib003yumifjeu1qhpv	cml522yi7003uumif0dpf9pw0	cml522yft002aumifinudia4u	51.5	\N	0	\N	145.75	CHF	\N	2026-02-02 10:57:47.316	2026-02-02 10:57:47.316
cml522yif0040umif5wkdp2cp	cml522yi7003uumif0dpf9pw0	cml522yf0001qumifruaprz7a	45.75	\N	0	\N	182.25	CHF	\N	2026-02-02 10:57:47.319	2026-02-02 10:57:47.319
cml522yil0044umif2y46s52l	cml522yii0042umifbeqq6i5x	cml522yfh0022umifovn10sh7	77.25	\N	0	\N	350.5	EUR	\N	2026-02-02 10:57:47.325	2026-02-02 10:57:47.325
cml522yin0046umif5nuqri1r	cml522yii0042umifbeqq6i5x	cml522yfn0026umif6kveddmj	65.75	\N	0	\N	397.75	EUR	\N	2026-02-02 10:57:47.327	2026-02-02 10:57:47.327
cml522yip0048umifglhysoni	cml522yii0042umifbeqq6i5x	cml522yei001cumif3ucbwfdi	66	\N	0	\N	186	EUR	\N	2026-02-02 10:57:47.33	2026-02-02 10:57:47.33
cml522yis004aumifec2v2ajw	cml522yii0042umifbeqq6i5x	cml522yex001oumifhloh25wn	49.25	\N	0	\N	89	EUR	\N	2026-02-02 10:57:47.332	2026-02-02 10:57:47.332
cml522yiu004cumifx8rw9cs9	cml522yii0042umifbeqq6i5x	cml522yfn0026umif6kveddmj	49	\N	0	\N	320	EUR	\N	2026-02-02 10:57:47.335	2026-02-02 10:57:47.335
cml522yj2004iumifhcs5kfjb	cml522yj0004gumifbhtb6ajx	cml522yf7001uumiftrmxe7o8	81	\N	0	\N	343.25	USD	\N	2026-02-02 10:57:47.342	2026-02-02 10:57:47.342
cml522yj5004kumifbagbe9a0	cml522yj0004gumifbhtb6ajx	cml522yf0001qumifruaprz7a	49.5	\N	0	\N	314.25	USD	\N	2026-02-02 10:57:47.345	2026-02-02 10:57:47.345
cml522yj6004mumifsueajiyr	cml522yj0004gumifbhtb6ajx	cml522yfy002eumifr2gw6o4i	42	\N	0	\N	159	USD	\N	2026-02-02 10:57:47.347	2026-02-02 10:57:47.347
cml522yj9004oumif7kczous3	cml522yj0004gumifbhtb6ajx	cml522yfv002cumifqa9yp5oe	78.5	\N	0	\N	206.5	USD	\N	2026-02-02 10:57:47.349	2026-02-02 10:57:47.349
cml522yjb004qumifd8wl5k6j	cml522yj0004gumifbhtb6ajx	cml522yfy002eumifr2gw6o4i	24.75	\N	0	\N	316	USD	\N	2026-02-02 10:57:47.351	2026-02-02 10:57:47.351
cml522yjm004wumifoaxzc45z	cml522yjj004uumifeh6oqj5p	cml522yei001cumif3ucbwfdi	81.25	81.25	0	\N	491	USD	\N	2026-02-02 10:57:47.362	2026-02-02 10:57:47.362
cml522yjo004yumifdqnber9r	cml522yjj004uumifeh6oqj5p	cml522ygn002sumif4gmbockp	29.25	29.25	0	\N	101.25	USD	\N	2026-02-02 10:57:47.364	2026-02-02 10:57:47.364
cml522yjw0052umiftb5ocqn4	cml522yjs0050umifg52tznca	cml522yfk0024umifjm8p5jg9	80.5	80.5	0	\N	461	USD	\N	2026-02-02 10:57:47.372	2026-02-02 10:57:47.372
cml522yk00054umifwj39emcy	cml522yjs0050umifg52tznca	cml522yen001gumifms17l7ah	97.75	97.75	0	\N	342.75	USD	\N	2026-02-02 10:57:47.377	2026-02-02 10:57:47.377
cml522yk20056umifbxhzxujh	cml522yjs0050umifg52tznca	cml522ygh002oumif7wngtu8h	31.75	31.75	0	\N	248.75	USD	\N	2026-02-02 10:57:47.379	2026-02-02 10:57:47.379
cml522yk40058umifga9aw7yb	cml522yjs0050umifg52tznca	cml522yfv002cumifqa9yp5oe	92.5	92.5	0	\N	407.5	USD	\N	2026-02-02 10:57:47.381	2026-02-02 10:57:47.381
cml522yka005aumifkdcaoqti	cml522yjs0050umifg52tznca	cml522yg0002gumif26riua9v	19.25	19.25	0	\N	476.75	USD	\N	2026-02-02 10:57:47.386	2026-02-02 10:57:47.386
cml522ykg005eumif6opfe07x	cml522ykd005cumifooh5b3fo	cml522ygk002qumifqhs99ncp	34.75	34.75	0	\N	126.75	USD	\N	2026-02-02 10:57:47.392	2026-02-02 10:57:47.392
cml522ykt005iumifuktrsb33	cml522ykr005gumifnu9wfydu	cml522yfc001yumiflk04iayj	89.75	89.75	0	\N	345.75	USD	\N	2026-02-02 10:57:47.406	2026-02-02 10:57:47.406
cml522ykw005kumif2dffdb0l	cml522ykr005gumifnu9wfydu	cml522yf9001wumifrf4damoq	34.5	34.5	0	\N	488.5	USD	\N	2026-02-02 10:57:47.408	2026-02-02 10:57:47.408
cml522yl0005mumifycs1pctv	cml522ykr005gumifnu9wfydu	cml522ygb002mumifnwqbuutw	42.25	42.25	0	\N	183.25	USD	\N	2026-02-02 10:57:47.412	2026-02-02 10:57:47.412
cml522yl7005qumiflir3crdc	cml522yl3005oumifgbz2k0ib	cml522yf9001wumifrf4damoq	23.25	23.25	0	\N	322.75	USD	\N	2026-02-02 10:57:47.42	2026-02-02 10:57:47.42
cml522yla005sumifcbrl7bz6	cml522yl3005oumifgbz2k0ib	cml522ygq002uumif2yplvldv	77.5	77.5	0	\N	261.5	USD	\N	2026-02-02 10:57:47.422	2026-02-02 10:57:47.422
cml522ylc005uumifn3g95srb	cml522yl3005oumifgbz2k0ib	cml522yfy002eumifr2gw6o4i	29.75	29.75	0	\N	457.25	USD	\N	2026-02-02 10:57:47.425	2026-02-02 10:57:47.425
cml522ylf005wumif78to37z6	cml522yl3005oumifgbz2k0ib	cml522ygq002uumif2yplvldv	14.5	14.5	0	\N	183	USD	\N	2026-02-02 10:57:47.427	2026-02-02 10:57:47.427
cml522ylk0060umifs4gw1pfh	cml522ylh005yumifxo36k13k	cml522yfq0028umifpqnm6bd2	92	92	0	\N	300.75	CHF	\N	2026-02-02 10:57:47.432	2026-02-02 10:57:47.432
cml522ylm0062umifc4862oc0	cml522ylh005yumifxo36k13k	cml522yg0002gumif26riua9v	90.25	90.25	0	\N	350.5	CHF	\N	2026-02-02 10:57:47.434	2026-02-02 10:57:47.434
cml522ylo0064umifd4p12daz	cml522ylh005yumifxo36k13k	cml522ygk002qumifqhs99ncp	86.75	86.75	0	\N	413.75	CHF	\N	2026-02-02 10:57:47.437	2026-02-02 10:57:47.437
cml522ylr0066umif9vhzrv0s	cml522ylh005yumifxo36k13k	cml522yfy002eumifr2gw6o4i	21.75	21.75	0	\N	114	CHF	\N	2026-02-02 10:57:47.439	2026-02-02 10:57:47.439
cml522ylt0068umif4a9g6xem	cml522ylh005yumifxo36k13k	cml522yf9001wumifrf4damoq	23.5	23.5	0	\N	459.75	CHF	\N	2026-02-02 10:57:47.441	2026-02-02 10:57:47.441
cml522ylz006cumifgfpxrktt	cml522ylw006aumifnpx9uxxj	cml522yfh0022umifovn10sh7	77	77	38.5	\N	408	CHF	\N	2026-02-02 10:57:47.447	2026-02-02 10:57:47.447
cml522ym7006iumifwihw10os	cml522ym5006gumifybk40me0	cml522yel001eumif2f9rz8wp	47.75	47.75	23.875	\N	447.5	EUR	\N	2026-02-02 10:57:47.456	2026-02-02 10:57:47.456
cml522yma006kumifko5bsznc	cml522ym5006gumifybk40me0	cml522yex001oumifhloh25wn	56.5	56.5	28.25	\N	481.5	EUR	\N	2026-02-02 10:57:47.458	2026-02-02 10:57:47.458
cml522ymc006mumiflgjlky11	cml522ym5006gumifybk40me0	cml522ygk002qumifqhs99ncp	19	19	9.5	\N	143	EUR	\N	2026-02-02 10:57:47.46	2026-02-02 10:57:47.46
cml522yme006oumif26xdkr2z	cml522ym5006gumifybk40me0	cml522yfy002eumifr2gw6o4i	61.5	61.5	30.75	\N	239.25	EUR	\N	2026-02-02 10:57:47.462	2026-02-02 10:57:47.462
cml522ymg006qumif6gs0wg1s	cml522ym5006gumifybk40me0	cml522ygh002oumif7wngtu8h	88.5	88.5	44.25	\N	454.5	EUR	\N	2026-02-02 10:57:47.465	2026-02-02 10:57:47.465
cml522yml006uumif4nxyrqbu	cml522ymj006sumifq6dyix0k	cml522yeq001iumifgaii9j95	82.25	82.25	41.125	\N	296	USD	\N	2026-02-02 10:57:47.47	2026-02-02 10:57:47.47
cml522ymo006wumifkhuii6xt	cml522ymj006sumifq6dyix0k	cml522ygh002oumif7wngtu8h	70.25	70.25	35.125	\N	117.25	USD	\N	2026-02-02 10:57:47.472	2026-02-02 10:57:47.472
cml522ymp006yumif38egj7x3	cml522ymj006sumifq6dyix0k	cml522yel001eumif2f9rz8wp	12	12	6	\N	139	USD	\N	2026-02-02 10:57:47.474	2026-02-02 10:57:47.474
cml522ymw0072umif04snfu4f	cml522ymt0070umif75b3u708	cml522yfc001yumiflk04iayj	81.5	81.5	40.75	\N	214.5	USD	\N	2026-02-02 10:57:47.48	2026-02-02 10:57:47.48
cml522ymz0074umifx4itdfrt	cml522ymt0070umif75b3u708	cml522yen001gumifms17l7ah	57.75	57.75	28.875	\N	315	USD	\N	2026-02-02 10:57:47.483	2026-02-02 10:57:47.483
cml522yn20076umifeedoljsq	cml522ymt0070umif75b3u708	cml522yfq0028umifpqnm6bd2	27.5	27.5	13.75	\N	188	USD	\N	2026-02-02 10:57:47.486	2026-02-02 10:57:47.486
cml522yn8007aumif1735wdj8	cml522yn50078umifouab48s5	cml522yf9001wumifrf4damoq	39	39	19.5	\N	394	USD	\N	2026-02-02 10:57:47.492	2026-02-02 10:57:47.492
cml522yna007cumifzko5d23m	cml522yn50078umifouab48s5	cml522ygq002uumif2yplvldv	16.5	16.5	8.25	\N	219.75	USD	\N	2026-02-02 10:57:47.495	2026-02-02 10:57:47.495
cml522ync007eumifo90hvw53	cml522yn50078umifouab48s5	cml522yef001aumif8pd5emjt	43.25	43.25	21.625	\N	195.75	USD	\N	2026-02-02 10:57:47.497	2026-02-02 10:57:47.497
cml522ynf007gumifjc269nj9	cml522yn50078umifouab48s5	cml522yg5002iumifrq2jdcpx	73	73	36.5	\N	451.25	USD	\N	2026-02-02 10:57:47.499	2026-02-02 10:57:47.499
cml522ynh007iumifyziebn3m	cml522yn50078umifouab48s5	cml522ygk002qumifqhs99ncp	11	11	5.5	\N	154.5	USD	\N	2026-02-02 10:57:47.502	2026-02-02 10:57:47.502
cml522yno007mumif0d9v3va7	cml522ynl007kumifq7vwamgg	cml522yfv002cumifqa9yp5oe	27	27	27	\N	484	USD	\N	2026-02-02 10:57:47.508	2026-02-02 10:57:47.508
cml522ynq007oumifs8o12gxq	cml522ynl007kumifq7vwamgg	cml522ygq002uumif2yplvldv	83	83	83	\N	176.75	USD	\N	2026-02-02 10:57:47.511	2026-02-02 10:57:47.511
cml522ynv007sumify43e7myd	cml522ynt007qumifjm16t236	cml522yf0001qumifruaprz7a	39	39	39	\N	268.25	USD	\N	2026-02-02 10:57:47.516	2026-02-02 10:57:47.516
cml522yny007uumifohm4y4gk	cml522ynt007qumifjm16t236	cml522yen001gumifms17l7ah	40	40	40	\N	64.75	USD	\N	2026-02-02 10:57:47.518	2026-02-02 10:57:47.518
cml522yo60080umif6tqruit2	cml522yo4007yumifmhkfx9cl	cml522yfc001yumiflk04iayj	23.25	23.25	23.25	\N	89.25	EUR	\N	2026-02-02 10:57:47.527	2026-02-02 10:57:47.527
cml522yo90082umifrbhasx9u	cml522yo4007yumifmhkfx9cl	cml522yen001gumifms17l7ah	48	48	48	\N	113.5	EUR	\N	2026-02-02 10:57:47.529	2026-02-02 10:57:47.529
cml522yof0086umif1oqsweqz	cml522yoc0084umif9jkluzmi	cml522yfv002cumifqa9yp5oe	75.5	75.5	75.5	\N	452.25	USD	\N	2026-02-02 10:57:47.535	2026-02-02 10:57:47.535
cml522yoh0088umifqza4rod2	cml522yoc0084umif9jkluzmi	cml522yfh0022umifovn10sh7	41	41	41	\N	418.25	USD	\N	2026-02-02 10:57:47.537	2026-02-02 10:57:47.537
cml522yoj008aumifg9cpwgan	cml522yoc0084umif9jkluzmi	cml522yes001kumif307qs6ey	81.25	81.25	81.25	\N	435.75	USD	\N	2026-02-02 10:57:47.539	2026-02-02 10:57:47.539
cml522yop008eumiftcuuvizj	cml522yom008cumifotzxspbg	cml522yfy002eumifr2gw6o4i	46	46	46	\N	216.25	USD	\N	2026-02-02 10:57:47.545	2026-02-02 10:57:47.545
cml522yox008kumifeu3b2jz9	cml522you008iumiffd8e9jo2	cml522yf7001uumiftrmxe7o8	81.5	81.5	81.5	\N	94.75	CHF	\N	2026-02-02 10:57:47.553	2026-02-02 10:57:47.553
cml522yp1008mumifl2ou2zlz	cml522you008iumiffd8e9jo2	cml522yes001kumif307qs6ey	12.75	12.75	12.75	\N	187.5	CHF	\N	2026-02-02 10:57:47.557	2026-02-02 10:57:47.557
cml522yp3008oumife78vwryh	cml522you008iumiffd8e9jo2	cml522yen001gumifms17l7ah	46	46	46	\N	481.25	CHF	\N	2026-02-02 10:57:47.56	2026-02-02 10:57:47.56
cml522yp6008qumifoog9w8n5	cml522you008iumiffd8e9jo2	cml522ygq002uumif2yplvldv	49.5	49.5	49.5	\N	219.5	CHF	\N	2026-02-02 10:57:47.562	2026-02-02 10:57:47.562
cml522yp8008sumifvq7d2j80	cml522you008iumiffd8e9jo2	cml522yft002aumifinudia4u	13.75	13.75	13.75	\N	248.5	CHF	\N	2026-02-02 10:57:47.564	2026-02-02 10:57:47.564
cml522ypd008wumifw0zj1fe4	cml522ypb008uumif7vcuh3du	cml522yei001cumif3ucbwfdi	43.5	43.5	43.5	\N	260.25	USD	\N	2026-02-02 10:57:47.569	2026-02-02 10:57:47.569
cml522ypi0090umif0vd64b94	cml522ypf008yumifzjnntn4z	cml522yfh0022umifovn10sh7	91.75	91.75	91.75	\N	434.25	USD	\N	2026-02-02 10:57:47.574	2026-02-02 10:57:47.574
cml522ypk0092umifujax9hfr	cml522ypf008yumifzjnntn4z	cml522yfh0022umifovn10sh7	51.5	51.5	51.5	\N	162.75	USD	\N	2026-02-02 10:57:47.576	2026-02-02 10:57:47.576
cml522ypm0094umifqq69odeb	cml522ypf008yumifzjnntn4z	cml522ygn002sumif4gmbockp	77.25	77.25	77.25	\N	471.25	USD	\N	2026-02-02 10:57:47.579	2026-02-02 10:57:47.579
cml522ypp0096umif9zpsr8dx	cml522ypf008yumifzjnntn4z	cml522yf9001wumifrf4damoq	18	18	18	\N	274	USD	\N	2026-02-02 10:57:47.581	2026-02-02 10:57:47.581
cml522ypu009aumifr9clx991	cml522yps0098umifbjol5uek	cml522ygq002uumif2yplvldv	79.75	79.75	79.75	\N	295.75	USD	\N	2026-02-02 10:57:47.587	2026-02-02 10:57:47.587
cml522ypw009cumif2bfvjokk	cml522yps0098umifbjol5uek	cml522yfn0026umif6kveddmj	42.5	42.5	42.5	\N	330	USD	\N	2026-02-02 10:57:47.589	2026-02-02 10:57:47.589
cml522yq2009gumifhlyj95pd	cml522ypz009eumifknf13jvq	cml522yex001oumifhloh25wn	61.75	61.75	61.75	\N	437.25	USD	\N	2026-02-02 10:57:47.594	2026-02-02 10:57:47.594
cml522yq3009iumif3clspbxp	cml522ypz009eumifknf13jvq	cml522yf9001wumifrf4damoq	22.25	22.25	22.25	\N	433.5	USD	\N	2026-02-02 10:57:47.596	2026-02-02 10:57:47.596
cml522yq9009mumif3ayyry4c	cml522yq6009kumif7xjpob3j	cml522ygb002mumifnwqbuutw	90.25	90.25	90.25	\N	245	USD	\N	2026-02-02 10:57:47.601	2026-02-02 10:57:47.601
cml522yqa009oumif9oq1a4hl	cml522yq6009kumif7xjpob3j	cml522yf7001uumiftrmxe7o8	40	40	40	\N	417.75	USD	\N	2026-02-02 10:57:47.603	2026-02-02 10:57:47.603
cml522yqd009qumifxq3jpglw	cml522yq6009kumif7xjpob3j	cml522yev001mumifwtxp4gxi	42	42	42	\N	437.5	USD	\N	2026-02-02 10:57:47.605	2026-02-02 10:57:47.605
cml522yqe009sumifkl1pgm9q	cml522yq6009kumif7xjpob3j	cml522ygh002oumif7wngtu8h	75.25	75.25	75.25	\N	251	USD	\N	2026-02-02 10:57:47.607	2026-02-02 10:57:47.607
cml522yqg009uumif9yfw7kvb	cml522yq6009kumif7xjpob3j	cml522yg8002kumif6zk00zvp	94.5	94.5	94.5	\N	477.25	USD	\N	2026-02-02 10:57:47.609	2026-02-02 10:57:47.609
cml522yqn009yumifpqzde3cl	cml522yql009wumif37p4j6jc	cml522yg0002gumif26riua9v	37.75	37.75	37.75	\N	418	CHF	\N	2026-02-02 10:57:47.616	2026-02-02 10:57:47.616
cml522yqq00a0umifmdkkdg53	cml522yql009wumif37p4j6jc	cml522ygh002oumif7wngtu8h	32.5	32.5	32.5	\N	180.75	CHF	\N	2026-02-02 10:57:47.618	2026-02-02 10:57:47.618
cml522yqv00a4umifffhmavlx	cml522yqt00a2umifyo76lgbz	cml522ygk002qumifqhs99ncp	65.75	\N	0	\N	489	USD	\N	2026-02-02 10:57:47.624	2026-02-02 10:57:47.624
cml522yqx00a6umifb1hd1fca	cml522yqt00a2umifyo76lgbz	cml522yf9001wumifrf4damoq	60.5	\N	0	\N	464.75	USD	\N	2026-02-02 10:57:47.626	2026-02-02 10:57:47.626
cml522yqz00a8umifzpuicmy3	cml522yqt00a2umifyo76lgbz	cml522yg5002iumifrq2jdcpx	69.75	\N	0	\N	118	USD	\N	2026-02-02 10:57:47.628	2026-02-02 10:57:47.628
cml522yr100aaumifa9r1kls6	cml522yqt00a2umifyo76lgbz	cml522ygb002mumifnwqbuutw	17.5	\N	0	\N	278.5	USD	\N	2026-02-02 10:57:47.63	2026-02-02 10:57:47.63
cmlj9a40w0003umf0umuixzjz	cmlj9a40r0001umf0eyw47vp6	cml522yen001gumifms17l7ah	29	\N	0	\N	\N	ILS	\N	2026-02-12 09:28:04.832	2026-02-12 09:28:04.832
\.


--
-- Data for Name: PartialDisposal; Type: TABLE DATA; Schema: inventory; Owner: postgres
--

COPY inventory."PartialDisposal" (id, "reagentId", "batchId", reason, notes, "disposedById", "disposedAt", "createdAt", "originalQuantity", "portionDisposed") FROM stdin;
cmmc6for10005umw61km89cpq	6874eea11c74e928bd66bad2	6877e8234a54db2cbbe368d0	EXPIRED_IN_USE	\N	6874a8334a2629bd298ff241	2026-03-04 15:13:45.229	2026-03-04 15:13:45.229	2	0.25
\.


--
-- Data for Name: Reagent; Type: TABLE DATA; Schema: inventory; Owner: postgres
--

COPY inventory."Reagent" (id, name, "catalogNumber", category, "supplierId", "totalQuantity", "activeBatchesCount", "nearestExpiryDate", "currentStockStatus", "monthsOfStock", "averageMonthlyUsage", "manualMonthlyUsage", "useManualUsage", "isConsumable", "requiresBatches", "isDeleted", notes, "createdAt", "updatedAt") FROM stdin;
6874eea21c74e928bd66bb25	Anti-Jkb Danyel	1000044844	REAGENTS	688205dd7d4feb5981abf8a4	0	0	\N	OUT_OF_STOCK	\N	0	\N	f	f	t	f	\N	2025-07-14 11:48:50.292	2026-01-25 12:35:26.812
6874eea21c74e928bd66bb24	Anti-K Danyel	1000044842	REAGENTS	688205dd7d4feb5981abf8a4	0	0	\N	OUT_OF_STOCK	\N	0	\N	f	f	t	f	\N	2025-07-14 11:48:50.287	2026-01-25 12:35:26.819
6874eea21c74e928bd66bb23	CORQC TEST SYSTEM	1554068495	CONTROLS	688205ddd9ecf3227a29b3fd	0	0	\N	IN_STOCK	\N	0	\N	f	f	t	f		2025-07-14 11:48:50.283	2026-01-25 12:35:26.825
6874eea21c74e928bd66bb1f	Anti-S	1000105941	REAGENTS	688205ddd05fa02253e6d785	0	0	\N	OUT_OF_STOCK	\N	0	\N	f	f	t	f		2025-07-14 11:48:50.265	2026-01-25 12:35:26.83
6874eea21c74e928bd66bb1e	EQAS SHIPMENT B	1000201434	CONTROLS	688205dd31dd7f098f48a208	0	0	\N	OUT_OF_STOCK	\N	0	\N	f	f	t	f		2025-07-14 11:48:50.261	2026-01-25 12:35:26.84
6874eea21c74e928bd66bb18	DIACELL I-II-III (3x10ML)	1140003127	CELLS	688205dd31dd7f098f48a208	0	0	\N	OUT_OF_STOCK	\N	0	\N	f	f	t	f		2025-07-14 11:48:50.231	2026-01-25 12:35:26.851
6874eea21c74e928bd66bb17	Diluent II 500 ml	1140003402	SOLUTIONS	688205dd31dd7f098f48a208	0	0	\N	OUT_OF_STOCK	\N	0	\N	f	f	t	f		2025-07-14 11:48:50.227	2026-01-25 12:35:26.863
6874eea21c74e928bd66bb16	Anti IgG	1140003097	REAGENTS	688205dd31dd7f098f48a208	0	0	\N	OUT_OF_STOCK	\N	0	\N	f	f	t	f		2025-07-14 11:48:50.222	2026-01-25 12:35:26.876
6874eea21c74e928bd66bb14	Anti-E	1140005499	REAGENTS	688205ddd9ecf3227a29b3fd	0	0	\N	OUT_OF_STOCK	\N	0	\N	f	f	t	f		2025-07-14 11:48:50.212	2026-01-25 12:35:26.887
6874eea21c74e928bd66bb13	EQAS SHIPMENT A	1000201433	CONTROLS	688205dd31dd7f098f48a208	0	0	\N	OUT_OF_STOCK	\N	0	\N	f	f	t	f		2025-07-14 11:48:50.206	2026-01-25 12:35:26.899
6874eea21c74e928bd66bb0f	DECON 90	1554057124	SOLUTIONS	688205dd31dd7f098f48a208	0	0	\N	OUT_OF_STOCK	\N	0	\N	f	f	t	f		2025-07-14 11:48:50.188	2026-01-25 12:35:26.91
6874eea21c74e928bd66bb0e	Diluent II for IH-1000	1000072429	SOLUTIONS	688205dd31dd7f098f48a208	0	0	\N	OUT_OF_STOCK	\N	0	\N	f	f	t	f		2025-07-14 11:48:50.184	2026-01-25 12:35:26.92
6874eea21c74e928bd66bb0d	PIPETTE RED, 1U	1000192522	CONSUMABLES	688205dd31dd7f098f48a208	0	0	\N	OUT_OF_STOCK	\N	0	\N	f	f	t	f		2025-07-14 11:48:50.18	2026-01-25 12:35:26.93
6874eea21c74e928bd66bb0c	DTT 0.2M סקר מטופל	slcl4021	SOLUTIONS	688205dd31dd7f098f48a208	0	0	\N	OUT_OF_STOCK	\N	0	\N	f	f	t	f		2025-07-14 11:48:50.173	2026-01-25 12:35:26.941
6874eea21c74e928bd66bb0b	PANOSCREEN I,II&III	1140005200	CELLS	688205ddd9ecf3227a29b3fd	0	0	\N	OUT_OF_STOCK	\N	0	\N	f	f	t	f	\N	2025-07-14 11:48:50.168	2026-01-25 12:35:26.952
6874eea21c74e928bd66bb0a	TIPS	1140003410	CONSUMABLES	688205dd31dd7f098f48a208	0	0	\N	OUT_OF_STOCK	\N	0	\N	f	f	t	f		2025-07-14 11:48:50.163	2026-01-25 12:35:26.967
6874eea21c74e928bd66bb09	Anti-s	1000105940	REAGENTS	688205ddd05fa02253e6d785	0	0	\N	OUT_OF_STOCK	\N	0	\N	f	f	t	f		2025-07-14 11:48:50.159	2026-01-25 12:35:26.979
6874eea21c74e928bd66bb08	Ficin	1122016883	SOLUTIONS	688205ddd9ecf3227a29b3fd	0	0	\N	OUT_OF_STOCK	\N	0	\N	f	f	t	f	\N	2025-07-14 11:48:50.154	2026-01-25 12:35:26.996
6874eea21c74e928bd66bb07	Anti-B	1000006262	REAGENTS	688205ddd9ecf3227a29b3fd	0	0	\N	OUT_OF_STOCK	\N	0	\N	f	f	t	f		2025-07-14 11:48:50.149	2026-01-25 12:35:27.012
6874eea21c74e928bd66bb06	Anti-A	1000006261	REAGENTS	688205ddd9ecf3227a29b3fd	0	0	\N	OUT_OF_STOCK	\N	0	\N	f	f	t	f		2025-07-14 11:48:50.145	2026-01-25 12:35:27.022
6874eea21c74e928bd66bb05	Anti-IgG Green	1000006260	REAGENTS	688205ddd9ecf3227a29b3fd	0	0	\N	OUT_OF_STOCK	\N	0	\N	f	f	t	f		2025-07-14 11:48:50.14	2026-01-25 12:35:27.031
6874eea21c74e928bd66bb03	EQAS SHIPMENT C	1000201435	CONTROLS	688205dd31dd7f098f48a208	0	0	\N	OUT_OF_STOCK	\N	0	\N	f	f	t	f		2025-07-14 11:48:50.131	2026-01-25 12:35:27.041
6874eea21c74e928bd66bb02	REFERENCELLS A1,B	1000026149	CELLS	688205ddd9ecf3227a29b3fd	0	0	\N	OUT_OF_STOCK	\N	0	\N	f	f	t	f	\N	2025-07-14 11:48:50.126	2026-01-25 12:35:27.054
6874eea21c74e928bd66bb01	DC screening I	1140003143	REAGENTS	688205dd31dd7f098f48a208	0	0	\N	OUT_OF_STOCK	\N	0	\N	f	f	t	f		2025-07-14 11:48:50.12	2026-01-25 12:35:27.064
6874eea21c74e928bd66baff	Anti-Jka	1000105939	REAGENTS	688205ddd05fa02253e6d785	0	0	\N	OUT_OF_STOCK	\N	0	\N	f	f	t	f		2025-07-14 11:48:50.111	2026-01-25 12:35:27.073
6874eea21c74e928bd66bafd	ABD-Confimation	1554052602	REAGENTS	688205dd31dd7f098f48a208	0	0	\N	OUT_OF_STOCK	\N	0	\N	f	f	t	f		2025-07-14 11:48:50.097	2026-01-25 12:35:27.081
6874eea21c74e928bd66bafb	Anti-Fyb	1000161746	REAGENTS	688205ddd9ecf3227a29b3fd	0	0	\N	OUT_OF_STOCK	\N	0	\N	f	f	t	f		2025-07-14 11:48:50.08	2026-01-25 12:35:27.088
6874eea21c74e928bd66baf9	DIAPANEL (11x4ML)	1140003100	CELLS	688205dd31dd7f098f48a208	0	0	\N	OUT_OF_STOCK	\N	0	\N	f	f	t	f		2025-07-14 11:48:50.07	2026-01-25 12:35:27.094
6874eea21c74e928bd66baf7	ABO/D+Reverse Group	1554010110	REAGENTS	688205dd31dd7f098f48a208	0	0	\N	OUT_OF_STOCK	\N	0	\N	f	f	t	f		2025-07-14 11:48:50.058	2026-01-25 12:35:27.098
6874eea21c74e928bd66baf6	IH-QC 1 (4x6ML)	1000147018	CONTROLS	688205dd31dd7f098f48a208	0	0	\N	OUT_OF_STOCK	\N	0	\N	f	f	t	f		2025-07-14 11:48:50.054	2026-01-25 12:35:27.105
6874eea21c74e928bd66baf5	NaOH	1000209019	SOLUTIONS	688205dd4585c53ebf815ed6	0	0	\N	OUT_OF_STOCK	\N	0	\N	f	f	t	f		2025-07-14 11:48:50.049	2026-01-25 12:35:27.111
6874eea21c74e928bd66baf3	Elu-kit II	1140005677	REAGENTS	688205ddd9ecf3227a29b3fd	0	0	\N	OUT_OF_STOCK	\N	0	\N	f	f	t	f	\N	2025-07-14 11:48:50.039	2026-01-25 12:35:27.116
6874eea21c74e928bd66baf2	Anti-P1	1140005367	REAGENTS	688205ddd9ecf3227a29b3fd	0	0	\N	OUT_OF_STOCK	\N	0	\N	f	f	t	f		2025-07-14 11:48:50.034	2026-01-25 12:35:27.135
6874eea21c74e928bd66baf1	DIAPANEL P (11x4ML)	1140003119	CELLS	688205dd31dd7f098f48a208	0	0	\N	OUT_OF_STOCK	\N	0	\N	f	f	t	f		2025-07-14 11:48:50.026	2026-01-25 12:35:27.145
6874eea21c74e928bd66baef	Liss/Coombs	1140003089	REAGENTS	688205dd31dd7f098f48a208	0	0	\N	OUT_OF_STOCK	\N	0	\N	f	f	t	f		2025-07-14 11:48:50.017	2026-01-25 12:35:27.156
6874eea21c74e928bd66baee	Anti-M	1140005383	REAGENTS	688205ddd9ecf3227a29b3fd	0	0	\N	OUT_OF_STOCK	\N	0	\N	f	f	t	f		2025-07-14 11:48:50.013	2026-01-25 12:35:27.165
6874eea21c74e928bd66baed	Anti-K	1140005375	REAGENTS	688205ddd9ecf3227a29b3fd	0	0	\N	OUT_OF_STOCK	\N	0	\N	f	f	t	f		2025-07-14 11:48:50.009	2026-01-25 12:35:27.18
6874eea11c74e928bd66bae8	DIACELL ABO (A1-B)	1140003070	CELLS	688205dd31dd7f098f48a208	0	0	\N	OUT_OF_STOCK	\N	0	\N	f	f	t	f		2025-07-14 11:48:49.987	2026-01-25 12:35:27.191
6874eea11c74e928bd66bae6	PANOCELL 10	1000025956	CELLS	688205ddd9ecf3227a29b3fd	0	0	\N	OUT_OF_STOCK	\N	0	\N	f	f	t	f	\N	2025-07-14 11:48:49.983	2026-01-25 12:35:27.204
6874eea11c74e928bd66bae5	REFERENCELLS A2	1000026060	CELLS	688205ddd9ecf3227a29b3fd	0	0	\N	OUT_OF_STOCK	\N	0	\N	f	f	t	f	\N	2025-07-14 11:48:49.978	2026-01-25 12:35:27.211
6874eea11c74e928bd66bae3	DC screening II	1140003135	REAGENTS	688205dd31dd7f098f48a208	0	0	\N	OUT_OF_STOCK	\N	0	\N	f	f	t	f		2025-07-14 11:48:49.954	2026-01-25 12:35:27.216
6874eea11c74e928bd66bae1	Anti-k	1140005600	REAGENTS	688205ddd9ecf3227a29b3fd	0	0	\N	OUT_OF_STOCK	\N	0	\N	f	f	t	f		2025-07-14 11:48:49.944	2026-01-25 12:35:27.223
6874eea11c74e928bd66bae0	Anti-c	1140005340	REAGENTS	688205ddd9ecf3227a29b3fd	0	0	\N	OUT_OF_STOCK	\N	0	\N	f	f	t	f		2025-07-14 11:48:49.936	2026-01-25 12:35:27.232
6874eea11c74e928bd66badf	PIPETTE BLACK, 1U	1000192521	CONSUMABLES	688205dd31dd7f098f48a208	0	0	\N	OUT_OF_STOCK	\N	0	\N	f	f	t	f		2025-07-14 11:48:49.931	2026-01-25 12:35:27.242
6874eea11c74e928bd66badd	Anti-Jkb	1140005669	REAGENTS	688205ddd9ecf3227a29b3fd	0	0	\N	OUT_OF_STOCK	\N	0	\N	f	f	t	f		2025-07-14 11:48:49.922	2026-01-25 12:35:27.249
6874eea11c74e928bd66badc	CHECKCELLS	1140005189	CELLS	688205ddd9ecf3227a29b3fd	0	0	\N	OUT_OF_STOCK	\N	0	\N	f	f	t	f		2025-07-14 11:48:49.917	2026-01-25 12:35:27.257
6874eea11c74e928bd66bad9	Anti-e	1140005359	REAGENTS	688205ddd9ecf3227a29b3fd	1	1	2026-11-06 00:00:00	OUT_OF_STOCK	\N	0	\N	f	f	t	f		2025-07-14 11:48:49.903	2026-01-26 11:25:39.586
6874eea11c74e928bd66bad8	Anti-D	1000006265	REAGENTS	688205ddd9ecf3227a29b3fd	20	1	2026-01-29 00:00:00	OUT_OF_STOCK	\N	0	\N	f	f	t	f		2025-07-14 11:48:49.898	2026-01-26 08:37:17.044
6874eea11c74e928bd66bad6	Anti-N	1140005391	REAGENTS	688205ddd9ecf3227a29b3fd	0	0	\N	OUT_OF_STOCK	\N	0	\N	f	f	t	f		2025-07-14 11:48:49.88	2026-01-25 12:35:27.282
6874eea11c74e928bd66bad5	Anti-C	1140005324	REAGENTS	688205ddd9ecf3227a29b3fd	0	0	\N	OUT_OF_STOCK	\N	0	\N	f	f	t	f		2025-07-14 11:48:49.875	2026-01-25 12:35:27.29
6874eea11c74e928bd66bad4	IH-QC 2 (4x6ML)	1000147019	CONTROLS	688205dd31dd7f098f48a208	0	0	\N	OUT_OF_STOCK	\N	0	\N	f	f	t	f		2025-07-14 11:48:49.87	2026-01-25 12:35:27.295
6874eea11c74e928bd66bad1	Anti Fya Serum	1000197100	REAGENTS	688205dd31dd7f098f48a208	0	0	\N	OUT_OF_STOCK	\N	0	\N	f	f	t	f		2025-07-14 11:48:49.852	2026-01-25 12:35:27.307
6874eea11c74e928bd66bad0	Anti-Fya	1140005634	REAGENTS	688205ddd9ecf3227a29b3fd	0	0	\N	OUT_OF_STOCK	\N	0	\N	f	f	t	f		2025-07-14 11:48:49.847	2026-01-25 12:35:27.313
6874eea11c74e928bd66bacf	Anti-A1	1140005464	REAGENTS	688205ddd9ecf3227a29b3fd	2	2	2026-03-14 00:00:00	OUT_OF_STOCK	\N	0	\N	f	f	t	f		2025-07-14 11:48:49.837	2026-01-26 08:36:40.22
cml522yef001aumif8pd5emjt	Anti-A Monoclonal	BRD-AA-001	REAGENT	cml522ycu000aumifihofztd3	29	1	2026-09-13 18:01:36.064	NORMAL	\N	13	\N	f	f	t	f	\N	2026-02-02 10:57:47.176	2026-02-02 10:57:49.483
cml522yei001cumif3ucbwfdi	Anti-B Monoclonal	BRD-AB-002	REAGENT	cml522ycu000aumifihofztd3	118.5	2	2026-10-25 01:23:48.065	NORMAL	\N	15	\N	f	f	t	f	\N	2026-02-02 10:57:47.178	2026-02-02 10:57:49.487
cml522yel001eumif2f9rz8wp	Anti-D IgM	BRD-AD-003	REAGENT	cml522ycu000aumifihofztd3	160.25	2	2026-09-16 05:50:49.632	NORMAL	\N	9	\N	f	f	t	f	\N	2026-02-02 10:57:47.181	2026-02-02 10:57:49.49
cml522yen001gumifms17l7ah	Anti-D IgG	OCD-AD-001	REAGENT	cml522ycx000bumifkshg1tap	0	0	\N	OUT_OF_STOCK	\N	48	\N	f	f	t	f	\N	2026-02-02 10:57:47.184	2026-02-02 10:57:49.493
cml522yeq001iumifgaii9j95	Anti-C (Rh)	OCD-AC-002	REAGENT	cml522ycx000bumifkshg1tap	54.5	2	2026-04-27 15:03:19.048	NORMAL	\N	14	\N	f	f	t	f	\N	2026-02-02 10:57:47.186	2026-02-02 10:57:49.496
cml522yes001kumif307qs6ey	Anti-c (Rh)	GRF-AC-001	REAGENT	cml522yd0000cumif2s439164	0	0	\N	OUT_OF_STOCK	\N	38	\N	f	f	t	f	\N	2026-02-02 10:57:47.188	2026-02-02 10:57:49.499
cml522yev001mumifwtxp4gxi	Anti-E (Rh)	GRF-AE-002	REAGENT	cml522yd0000cumif2s439164	137.5	1	2026-07-25 23:27:37.082	NORMAL	\N	40	\N	f	f	t	f	\N	2026-02-02 10:57:47.191	2026-02-02 10:57:49.502
cml522yex001oumifhloh25wn	Anti-e (Rh)	GRF-AE-003	REAGENT	cml522yd0000cumif2s439164	35.25	3	2026-02-19 18:52:27.348	NORMAL	\N	49	\N	f	f	t	f	\N	2026-02-02 10:57:47.194	2026-02-02 10:57:49.505
cml522yf0001qumifruaprz7a	Anti-K (Kell)	IMC-AK-001	REAGENT	cml522yd4000dumif8gfjvrqr	23	1	2027-01-03 21:57:37.684	NORMAL	\N	25	\N	f	f	t	f	\N	2026-02-02 10:57:47.196	2026-02-02 10:57:49.508
cml522yf3001sumif4pywaqgq	Anti-Human Globulin (AHG)	IMC-AHG-002	REAGENT	cml522yd4000dumif8gfjvrqr	118.75	1	2026-02-08 06:49:49.311	NORMAL	\N	27	\N	f	f	t	f	\N	2026-02-02 10:57:47.199	2026-02-02 10:57:49.511
cml522yf7001uumiftrmxe7o8	LISS Solution	DIA-LISS-001	REAGENT	cml522yd6000eumifhmfpkqfa	79.5	2	2026-02-18 14:17:47.986	NORMAL	\N	5	\N	f	f	t	f	\N	2026-02-02 10:57:47.203	2026-02-02 10:57:49.515
cml522yf9001wumifrf4damoq	Bovine Albumin 22%	DIA-ALB-002	REAGENT	cml522yd6000eumifhmfpkqfa	101	1	2026-07-05 13:25:22.7	NORMAL	\N	49	\N	f	f	t	f	\N	2026-02-02 10:57:47.206	2026-02-02 10:57:49.519
cml522yfc001yumiflk04iayj	Enzyme Solution (Papain)	BRD-ENZ-004	REAGENT	cml522ycu000aumifihofztd3	202.25	2	2026-04-16 00:42:06.88	NORMAL	\N	15	\N	f	f	t	f	\N	2026-02-02 10:57:47.208	2026-02-02 10:57:49.523
cml522yfh0022umifovn10sh7	Control Sera Negative	OCD-CS-004	REAGENT	cml522ycx000bumifkshg1tap	179.25	2	2026-02-25 06:47:25.176	NORMAL	\N	23	\N	f	f	t	f	\N	2026-02-02 10:57:47.214	2026-02-02 10:57:49.529
cml522yfk0024umifjm8p5jg9	A1 Red Cells	GRF-A1-001	CELLS	cml522yd0000cumif2s439164	30.75	1	2026-11-11 15:05:33.727	NORMAL	\N	11	\N	f	f	t	f	\N	2026-02-02 10:57:47.216	2026-02-02 10:57:49.533
cml522yfn0026umif6kveddmj	A2 Red Cells	GRF-A2-002	CELLS	cml522yd0000cumif2s439164	89	1	2027-01-25 14:47:57.485	NORMAL	\N	13	\N	f	f	t	f	\N	2026-02-02 10:57:47.22	2026-02-02 10:57:49.536
cml522yft002aumifinudia4u	O Red Cells	IMC-O-001	CELLS	cml522yd4000dumif8gfjvrqr	230	5	2026-02-12 08:04:42.377	NORMAL	\N	39	\N	f	f	t	f	\N	2026-02-02 10:57:47.225	2026-02-02 10:57:49.542
cml522yfv002cumifqa9yp5oe	Screening Cells I	IMC-SC1-002	CELLS	cml522yd4000dumif8gfjvrqr	137.75	1	2027-01-10 18:05:05.444	NORMAL	\N	40	\N	f	f	t	f	\N	2026-02-02 10:57:47.227	2026-02-02 10:57:49.544
cml522yfy002eumifr2gw6o4i	Screening Cells II	IMC-SC2-003	CELLS	cml522yd4000dumif8gfjvrqr	78	3	2026-02-07 16:17:26.939	NORMAL	\N	29	\N	f	f	t	f	\N	2026-02-02 10:57:47.23	2026-02-02 10:57:49.548
cml522yg0002gumif26riua9v	Screening Cells III	DIA-SC3-001	CELLS	cml522yd6000eumifhmfpkqfa	114.5	2	2026-05-20 13:00:52.655	NORMAL	\N	30	\N	f	f	t	f	\N	2026-02-02 10:57:47.232	2026-02-02 10:57:49.551
cml522yg5002iumifrq2jdcpx	Panel Cells (11 cell)	DIA-PC11-002	CELLS	cml522yd6000eumifhmfpkqfa	119.5	3	2026-04-20 19:58:19.556	NORMAL	\N	22	\N	f	f	t	f	\N	2026-02-02 10:57:47.237	2026-02-02 10:57:49.554
cml522yg8002kumif6zk00zvp	Cord Blood Cells	BRD-CBC-005	CELLS	cml522ycu000aumifihofztd3	70.25	1	2026-04-18 20:06:48.9	NORMAL	\N	7	\N	f	f	t	f	\N	2026-02-02 10:57:47.24	2026-02-02 10:57:49.557
cml522ygb002mumifnwqbuutw	Coombs Control Cells	BRD-CCC-006	CELLS	cml522ycu000aumifihofztd3	108.75	2	2026-04-12 03:28:41.418	NORMAL	\N	45	\N	f	f	t	f	\N	2026-02-02 10:57:47.243	2026-02-02 10:57:49.56
cml522ygh002oumif7wngtu8h	Gel Cards (ID-Card)	DIA-GC-003	CONSUMABLE	cml522yd6000eumifhmfpkqfa	120	2	2026-03-22 10:51:34.011	NORMAL	\N	21	\N	f	t	f	f	\N	2026-02-02 10:57:47.249	2026-02-02 10:57:49.563
cml522ygk002qumifqhs99ncp	Pipette Tips (200μL)	BRD-PT-007	CONSUMABLE	cml522ycu000aumifihofztd3	103.25	2	2026-09-23 13:46:30.264	NORMAL	\N	6	\N	f	t	f	f	\N	2026-02-02 10:57:47.252	2026-02-02 10:57:49.567
cml522ygn002sumif4gmbockp	Test Tubes (12x75mm)	OCD-TT-005	CONSUMABLE	cml522ycx000bumifkshg1tap	255.5	4	2026-02-21 13:19:39.957	NORMAL	\N	29	\N	f	t	f	f	\N	2026-02-02 10:57:47.256	2026-02-02 10:57:49.57
cml522ygq002uumif2yplvldv	Plate Covers	GRF-PC-004	CONSUMABLE	cml522yd0000cumif2s439164	0	0	\N	OUT_OF_STOCK	\N	46	\N	f	t	f	f	\N	2026-02-02 10:57:47.259	2026-02-02 10:57:49.574
cml522ygt002wumif53ke8fik	Specimen Labels	IMC-SL-004	CONSUMABLE	cml522yd4000dumif8gfjvrqr	154.75	2	2026-02-12 20:46:42.672	NORMAL	\N	47	\N	f	t	f	f	\N	2026-02-02 10:57:47.262	2026-02-02 10:57:49.577
6874eea11c74e928bd66bad2	ID Anti-IgG1/IgG3	1000182013	REAGENTS	688205dd31dd7f098f48a208	0	0	\N	OUT_OF_STOCK	\N	0	\N	f	f	t	f		2025-07-14 11:48:49.857	2026-03-04 15:12:41.562
cml522yfq0028umifpqnm6bd2	B Red Cells	GRF-B-003	CELLS	cml522yd0000cumif2s439164	124.25	2	2026-09-13 07:40:55.813	NORMAL	\N	27	\N	f	f	t	f	\N	2026-02-02 10:57:47.222	2026-02-12 11:28:53.1
cml522yff0020umifyfz0cmzd	Control Sera Positive	OCD-CS-003	REAGENT	cml522ycx000bumifkshg1tap	59	1	2026-04-30 00:51:48.944	NORMAL	\N	33	\N	f	f	t	f	\N	2026-02-02 10:57:47.211	2026-02-12 09:16:39.61
\.


--
-- Data for Name: ReagentBatch; Type: TABLE DATA; Schema: inventory; Owner: postgres
--

COPY inventory."ReagentBatch" (id, "reagentId", "batchNumber", "expiryDate", "manufactureDate", "initialQuantity", "currentQuantity", "reservedQuantity", "receivedDate", "deliveryId", "firstOpenedDate", "storageLocation", "storageConditions", status, "qcStatus", "coaDocumentUrl", "qcNotes", "generalNotes", "createdAt", "updatedAt") FROM stdin;
68b6f328bf69d8bc9224f0af	6874eea11c74e928bd66bad1	ttt	2025-09-07 00:00:00	\N	2	0	0	2025-09-02 00:00:00	\N	\N			DESTROYED	PENDING	\N	\N	\N	2025-09-02 13:37:44.827	2026-01-25 12:35:27.34
68ac62caf4b9f4acd90a3a51	6874eea21c74e928bd66baf7	4343434	2025-08-31 00:00:00	\N	3	0	0	2025-08-25 00:00:00	\N	\N			CONSUMED	PENDING	\N	\N	\N	2025-08-25 13:19:06.182	2026-01-25 12:35:27.347
68a57820f715dc9b1d8faef5	6874eea21c74e928bd66baf7	בדיקקה	2025-08-30 00:00:00	\N	10	0	0	2025-08-20 00:00:00	\N	\N			DESTROYED	PENDING	\N	\N	\N	2025-08-20 07:24:16.468	2026-01-25 12:35:27.353
68807608744ce03b68076a44	6874eea21c74e928bd66bb0a	ללא אצווה	2026-01-25 12:35:27.358	\N	5	0	0	2025-07-23 00:00:00	\N	\N			CONSUMED	PENDING	\N	\N	\N	2025-07-23 05:41:28.43	2026-01-25 12:35:27.36
68807608744ce03b68076a45	6874eea21c74e928bd66bb0d	ללא אצווה	2026-01-25 12:35:27.367	\N	50	0	0	2025-07-23 00:00:00	\N	\N			CONSUMED	PENDING	\N	\N	\N	2025-07-23 05:41:28.43	2026-01-25 12:35:27.368
68807608744ce03b68076a43	6874eea11c74e928bd66badf	ללא אצווה	2026-01-25 12:35:27.374	\N	50	0	0	2025-07-23 00:00:00	\N	\N			CONSUMED	PENDING	\N	\N	\N	2025-07-23 05:41:28.43	2026-01-25 12:35:27.375
6877e8293fe9c94f9b87a12e	6874eea21c74e928bd66baef	0076672024	2026-09-30 00:00:00	\N	20	20	0	2025-07-16 00:00:00	\N	\N			ACTIVE	PENDING	\N	\N	\N	2025-07-16 17:58:01.839	2026-01-25 12:35:27.382
6877e8274780cbde17ce0e4c	6874eea21c74e928bd66bb17	954030086	2026-08-31 00:00:00	\N	5	5	0	2025-07-16 00:00:00	\N	\N			ACTIVE	PENDING	\N	\N	\N	2025-07-16 17:57:59.837	2026-01-25 12:35:27.388
6877e8253b1fc4740187f4e1	6874eea11c74e928bd66bae3	9990854914	2026-02-28 00:00:00	\N	4	4	0	2025-07-16 00:00:00	\N	\N			ACTIVE	PENDING	\N	\N	\N	2025-07-16 17:57:57.811	2026-01-25 12:35:27.393
6877e82124b5eeb0923601ad	6874eea21c74e928bd66bb01	0113024921	2026-03-31 00:00:00	\N	1	1	0	2025-07-16 00:00:00	\N	\N			ACTIVE	PENDING	\N	\N	\N	2025-07-16 17:57:53.588	2026-01-25 12:35:27.402
6877e81f560bff3c47122813	6874eea21c74e928bd66baf7	40875414	2026-02-28 00:00:00	\N	32	32	0	2025-07-16 00:00:00	\N	\N			ACTIVE	PENDING	\N	\N	\N	2025-07-16 17:57:51.519	2026-01-25 12:35:27.408
6877e81d1bf9679f5c7975a6	6874eea21c74e928bd66bafd	9874798108	2025-12-31 00:00:00	\N	5	2	0	2025-07-16 00:00:00	\N	\N			ACTIVE	PENDING	\N	\N	\N	2025-07-16 17:57:49.005	2026-01-25 12:35:27.412
68779bdf3fa987919e06e9ce	6874eea21c74e928bd66bb1f	OSM219	2026-06-30 00:00:00	\N	1	1	0	2026-01-25 12:35:27.417	\N	\N			ACTIVE	PENDING	\N	\N	\N	2025-07-16 12:32:31.572	2026-01-25 12:35:27.42
68779bde5587562d27590f23	6874eea21c74e928bd66bb09	OsM306-1	2026-06-30 00:00:00	\N	2	2	0	2026-01-25 12:35:27.43	\N	\N			ACTIVE	PENDING	\N	\N	\N	2025-07-16 12:32:30.572	2026-01-25 12:35:27.431
68779bdd7ce9da05f51cbebd	6874eea21c74e928bd66bb09	OsM302-1	2025-12-31 00:00:00	\N	1	1	0	2026-01-25 12:35:27.435	\N	\N			ACTIVE	PENDING	\N	\N	\N	2025-07-16 12:32:29.954	2026-01-25 12:35:27.436
68779bdcf7b89d8175f799c2	6874eea21c74e928bd66baff	OjkaM238-1	2027-01-31 00:00:00	\N	2	2	0	2026-01-25 12:35:27.441	\N	\N			ACTIVE	PENDING	\N	\N	\N	2025-07-16 12:32:28.375	2026-01-25 12:35:27.442
68779bdb5587562d27590f1d	6874eea21c74e928bd66baff	OjkaM234-2	2026-02-28 00:00:00	\N	1	0	0	2026-01-25 12:35:27.448	\N	\N			CONSUMED	PENDING	\N	\N	\N	2025-07-16 12:32:27.746	2026-01-25 12:35:27.449
68779bdaf41035bcc7ce10af	6874eea21c74e928bd66bb18	025714 55 1	2025-08-18 00:00:00	\N	5	0	0	2026-01-25 12:35:27.452	\N	\N			DESTROYED	PENDING	\N	\N	\N	2025-07-16 12:32:26.728	2026-01-25 12:35:27.453
68779bd95587562d27590f1a	6874eea21c74e928bd66baf9	023317 24 2	2025-08-18 00:00:00	\N	1	0	0	2026-01-25 12:35:27.457	\N	\N			CONSUMED	PENDING	\N	\N	\N	2025-07-16 12:32:25.671	2026-01-25 12:35:27.458
68779bd8c23b1dc05ea34c29	6874eea21c74e928bd66baf6	017383 74 1	2025-08-04 00:00:00	\N	1	0	0	2026-01-25 12:35:27.462	\N	\N			DESTROYED	PENDING	\N	\N	\N	2025-07-16 12:32:24.681	2026-01-25 12:35:27.463
68779bd7a6d81f5f97a4856d	6874eea21c74e928bd66baf1	023772 24 2	2025-08-18 00:00:00	\N	1	0	0	2026-01-25 12:35:27.468	\N	\N			CONSUMED	PENDING	\N	\N	\N	2025-07-16 12:32:23.585	2026-01-25 12:35:27.468
68779bd6a6d81f5f97a4856a	6874eea11c74e928bd66bae8	02455 02 1	2025-08-18 00:00:00	\N	2	0	0	2026-01-25 12:35:27.472	\N	\N			DESTROYED	PENDING	\N	\N	\N	2025-07-16 12:32:22.414	2026-01-25 12:35:27.473
68779bd40e3d0465b319a48d	6874eea11c74e928bd66bad4	017385 74 1	2025-08-04 00:00:00	\N	1	0	0	2026-01-25 12:35:27.478	\N	\N			DESTROYED	PENDING	\N	\N	\N	2025-07-16 12:32:20.285	2026-01-25 12:35:27.478
68779bd3206bbe21d7f0d00f	6874eea21c74e928bd66bb16	906501 42 01	2025-09-30 00:00:00	\N	0	0	0	2026-01-25 12:35:27.484	\N	\N			EXPIRED	PENDING	\N	\N	\N	2025-07-16 12:32:19.004	2026-01-25 12:35:27.484
68779bd0b8248ebd219c9928	6874eea21c74e928bd66bb0a	tip	2030-08-11 00:00:00	\N	5	5	0	2026-01-25 12:35:27.491	\N	\N			ACTIVE	PENDING	\N	\N	\N	2025-07-16 12:32:16.48	2026-01-25 12:35:27.492
68779bce6ef8aaf84a1bf822	6874eea21c74e928bd66bb01	959103 47 04	2025-09-30 00:00:00	\N	1	0	0	2026-01-25 12:35:27.496	\N	\N			DESTROYED	PENDING	\N	\N	\N	2025-07-16 12:32:14.918	2026-01-25 12:35:27.497
68779bcc9d4a41b8e1297cc1	6874eea21c74e928bd66bafd	946419 76 50	2025-07-31 00:00:00	\N	5	0	0	2026-01-25 12:35:27.503	\N	\N			EXPIRED	PENDING	\N	\N	\N	2025-07-16 12:32:12.088	2026-01-25 12:35:27.504
68779bc9d90840c968b01e37	6874eea21c74e928bd66bafd	959566 78 14	2025-09-30 00:00:00	\N	3	0	0	2026-01-25 12:35:27.508	\N	\N			CONSUMED	PENDING	\N	\N	\N	2025-07-16 12:32:09.703	2026-01-25 12:35:27.509
68779bc8c28d481e6aaece36	6874eea21c74e928bd66baf7	974491 49 51	2025-10-31 00:00:00	\N	17	0	0	2026-01-25 12:35:27.516	\N	\N			DESTROYED	PENDING	\N	\N	\N	2025-07-16 12:32:08.612	2026-01-25 12:35:27.519
68779bc7d90840c968b01e33	6874eea21c74e928bd66baef	965411 13 03	2026-03-31 00:00:00	\N	8	8	0	2026-01-25 12:35:27.525	\N	\N			ACTIVE	PENDING	\N	\N	\N	2025-07-16 12:32:07.417	2026-01-25 12:35:27.525
68779bc6fea1bd343ea6b545	6874eea11c74e928bd66bae3	984787 47 27	2025-12-31 00:00:00	\N	2	2	0	2026-01-25 12:35:27.533	\N	\N			ACTIVE	PENDING	\N	\N	\N	2025-07-16 12:32:06.437	2026-01-25 12:35:27.534
68779bc5062391039b323dae	6874eea11c74e928bd66bae3	953046 43 37	2025-08-31 00:00:00	\N	1	0	0	2026-01-25 12:35:27.54	\N	\N			DESTROYED	PENDING	\N	\N	\N	2025-07-16 12:32:05.889	2026-01-25 12:35:27.542
68779bc454f4b0805a5a60b0	6874eea21c74e928bd66bb23	20092L	2025-07-25 00:00:00	\N	1	0	0	2026-01-25 12:35:27.547	\N	\N			EXPIRED	PENDING	\N	\N	\N	2025-07-16 12:32:04.239	2026-01-25 12:35:27.548
68779bc3d90840c968b01e2a	6874eea21c74e928bd66bb0b	22995	2025-08-08 00:00:00	\N	1	0	0	2026-01-25 12:35:27.555	\N	\N			DESTROYED	PENDING	\N	\N	\N	2025-07-16 12:32:03.212	2026-01-25 12:35:27.556
68779bc1f2b0d1d459a173b0	6874eea21c74e928bd66bb08	345129	2025-08-21 00:00:00	\N	1	0	0	2026-01-25 12:35:27.562	\N	\N			DESTROYED	PENDING	\N	\N	\N	2025-07-16 12:32:01.628	2026-01-25 12:35:27.563
68779bc03da2ae3bd11f27fb	6874eea21c74e928bd66bb02	111597	2025-08-08 00:00:00	\N	1	0	0	2026-01-25 12:35:27.569	\N	\N			DESTROYED	PENDING	\N	\N	\N	2025-07-16 12:32:00.534	2026-01-25 12:35:27.57
68779bbed90840c968b01e24	6874eea11c74e928bd66bae6	22104	2025-08-08 00:00:00	\N	1	0	0	2026-01-25 12:35:27.574	\N	\N			DESTROYED	PENDING	\N	\N	\N	2025-07-16 12:31:58.711	2026-01-25 12:35:27.575
68779bbd0e7f0a453a206061	6874eea11c74e928bd66badc	22107R	2025-08-08 00:00:00	\N	2	0	0	2026-01-25 12:35:27.581	\N	\N			DESTROYED	PENDING	\N	\N	\N	2025-07-16 12:31:57.53	2026-01-25 12:35:27.582
68779bbcce3eddd96e212f4e	6874eea11c74e928bd66badc	112026	2025-08-01 00:00:00	\N	1	0	0	2026-01-25 12:35:27.586	\N	\N			EXPIRED	PENDING	\N	\N	\N	2025-07-16 12:31:56.985	2026-01-25 12:35:27.587
68779bbb5587562d27590f03	6874eea21c74e928bd66bb14	954275	2026-04-02 00:00:00	\N	3	3	0	2026-01-25 12:35:27.591	\N	\N			ACTIVE	PENDING	\N	\N	\N	2025-07-16 12:31:55.899	2026-01-25 12:35:27.592
68779bb95cf5c4f3bab6f886	6874eea21c74e928bd66bb07	205043-1	2026-02-08 00:00:00	\N	20	20	0	2026-01-25 12:35:27.596	\N	\N			ACTIVE	PENDING	\N	\N	\N	2025-07-16 12:31:53.46	2026-01-25 12:35:27.597
68779bb7a6d81f5f97a48554	6874eea21c74e928bd66bb06	104035-1	2026-02-14 00:00:00	\N	31	31	0	2026-01-25 12:35:27.602	\N	\N			ACTIVE	PENDING	\N	\N	\N	2025-07-16 12:31:51.963	2026-01-25 12:35:27.604
68779bb63fa987919e06e9aa	6874eea21c74e928bd66bb05	704076	2026-12-10 00:00:00	\N	10	10	0	2026-01-25 12:35:27.608	\N	\N			ACTIVE	PENDING	\N	\N	\N	2025-07-16 12:31:50.458	2026-01-25 12:35:27.609
68779bb5ce3eddd96e212f42	6874eea21c74e928bd66bb05	704075-1A	2026-08-17 00:00:00	\N	10	10	0	2026-01-25 12:35:27.616	\N	\N			ACTIVE	PENDING	\N	\N	\N	2025-07-16 12:31:49.786	2026-01-25 12:35:27.616
68779bac5cf5c4f3bab6f87d	6874eea21c74e928bd66bb05	704073	2025-08-21 00:00:00	\N	6	0	0	2026-01-25 12:35:27.622	\N	\N			CONSUMED	PENDING	\N	\N	\N	2025-07-16 12:31:40.978	2026-01-25 12:35:27.623
68779bab1d7bd540db1be758	6874eea21c74e928bd66bafb	619095	2026-08-07 00:00:00	\N	2	2	0	2026-01-25 12:35:27.629	\N	\N			ACTIVE	PENDING	\N	\N	\N	2025-07-16 12:31:39.982	2026-01-25 12:35:27.63
68779baad159cd1bbd895493	6874eea21c74e928bd66baf3	359115	2026-08-07 00:00:00	\N	4	4	0	2026-01-25 12:35:27.634	\N	\N			ACTIVE	PENDING	\N	\N	\N	2025-07-16 12:31:38.845	2026-01-25 12:35:27.635
68779baa274d4fc432d2c288	6874eea21c74e928bd66baf3	359112A	2026-04-13 00:00:00	\N	3	3	0	2026-01-25 12:35:27.639	\N	\N			ACTIVE	PENDING	\N	\N	\N	2025-07-16 12:31:38.07	2026-01-25 12:35:27.64
68779ba9f468747717ff4b95	6874eea21c74e928bd66baf3	359111	2025-12-26 00:00:00	\N	1	1	0	2026-01-25 12:35:27.644	\N	\N			ACTIVE	PENDING	\N	\N	\N	2025-07-16 12:31:37.307	2026-01-25 12:35:27.645
68779ba10e3d0465b319a47c	6874eea21c74e928bd66baf2	995029	2026-01-05 00:00:00	\N	2	2	0	2026-01-25 12:35:27.649	\N	\N			ACTIVE	PENDING	\N	\N	\N	2025-07-16 12:31:29.742	2026-01-25 12:35:27.65
68779ba03093557e976a0f85	6874eea21c74e928bd66baee	993034	2026-01-23 00:00:00	\N	2	2	0	2026-01-25 12:35:27.654	\N	\N			ACTIVE	PENDING	\N	\N	\N	2025-07-16 12:31:28.64	2026-01-25 12:35:27.655
68779b9fb2990d8798727f27	6874eea21c74e928bd66baed	926034	2025-12-12 00:00:00	\N	6	6	0	2026-01-25 12:35:27.659	\N	\N			ACTIVE	PENDING	\N	\N	\N	2025-07-16 12:31:27.595	2026-01-25 12:35:27.66
68779b9e0e3d0465b319a476	6874eea11c74e928bd66bae1	927105	2025-09-12 00:00:00	\N	1	0	0	2026-01-25 12:35:27.664	\N	\N			DESTROYED	PENDING	\N	\N	\N	2025-07-16 12:31:26.343	2026-01-25 12:35:27.665
68779b9dfcf0d40a53f4fc74	6874eea11c74e928bd66bae1	927120	2026-04-05 00:00:00	\N	1	1	0	2026-01-25 12:35:27.668	\N	\N			ACTIVE	PENDING	\N	\N	\N	2025-07-16 12:31:25.782	2026-01-25 12:35:27.669
68779b9bb08f0d7688f540e0	6874eea11c74e928bd66bae0	954255	2025-12-23 00:00:00	\N	4	4	0	2026-01-25 12:35:27.673	\N	\N			ACTIVE	PENDING	\N	\N	\N	2025-07-16 12:31:23.95	2026-01-25 12:35:27.674
68779b9a0e3d0465b319a474	6874eea11c74e928bd66bae0	9545250	2025-11-29 00:00:00	\N	0	0	0	2026-01-25 12:35:27.679	\N	\N			CONSUMED	PENDING	\N	\N	\N	2025-07-16 12:31:22.286	2026-01-25 12:35:27.68
68779b983093557e976a0f80	6874eea11c74e928bd66badd	631110L	2025-08-01 00:00:00	\N	0	0	0	2026-01-25 12:35:27.683	\N	\N			EXPIRED	PENDING	\N	\N	\N	2025-07-16 12:31:20.024	2026-01-25 12:35:27.684
68779b960e7f0a453a206041	6874eea11c74e928bd66bad9	964220	2026-11-06 00:00:00	\N	1	1	0	2026-01-25 12:35:27.69	\N	\N			ACTIVE	PENDING	\N	\N	\N	2025-07-16 12:31:18.837	2026-01-25 12:35:27.69
68779b96f468747717ff4b87	6874eea11c74e928bd66bad9	964215L	2025-11-01 00:00:00	\N	3	3	0	2026-01-25 12:35:27.694	\N	\N			DISPOSED	PENDING	\N	\N	\N	2025-07-16 12:31:18.25	2026-01-26 11:25:39.574
68779b957ce9da05f51cbe9f	6874eea11c74e928bd66bad8	517283	2026-01-29 00:00:00	\N	20	20	0	2026-01-25 12:35:27.7	\N	\N			ACTIVE	PENDING	\N			2025-07-16 12:31:17.077	2026-01-26 08:37:17.037
68779b945cf5c4f3bab6f859	6874eea11c74e928bd66bad8	517276	2025-10-18 00:00:00	\N	15	0	0	2026-01-25 12:35:27.704	\N	\N			DESTROYED	PENDING	\N	\N	\N	2025-07-16 12:31:16.484	2026-01-25 12:35:27.705
68779b930e7f0a453a20603b	6874eea11c74e928bd66bad6	994037	2027-04-03 00:00:00	\N	2	2	0	2026-01-25 12:35:27.708	\N	\N			ACTIVE	PENDING	\N	\N	\N	2025-07-16 12:31:15.454	2026-01-25 12:35:27.709
68779b9223e6fc7f0ec852d2	6874eea11c74e928bd66bad5	936245	2027-02-21 00:00:00	\N	1	1	0	2026-01-25 12:35:27.717	\N	\N			ACTIVE	PENDING	\N	\N	\N	2025-07-16 12:31:14.398	2026-01-25 12:35:27.718
68779b916ef8aaf84a1bf7f6	6874eea11c74e928bd66bad5	936240	2026-04-02 00:00:00	\N	3	3	0	2026-01-25 12:35:27.723	\N	\N			ACTIVE	PENDING	\N	\N	\N	2025-07-16 12:31:13.799	2026-01-25 12:35:27.724
68779b9023e6fc7f0ec852cc	6874eea11c74e928bd66bad0	Ce mfyaM258_1	2026-06-30 00:00:00	\N	1	1	0	2026-01-25 12:35:27.727	\N	\N			ACTIVE	PENDING	\N	\N	\N	2025-07-16 12:31:12.572	2026-01-25 12:35:27.73
68779b8f23e6fc7f0ec852c7	6874eea11c74e928bd66bad0	618024	2025-12-18 00:00:00	\N	2	2	0	2026-01-25 12:35:27.734	\N	\N			ACTIVE	PENDING	\N	\N	\N	2025-07-16 12:31:11.965	2026-01-25 12:35:27.734
68779b8ec64d2545f96ac86f	6874eea11c74e928bd66bacf	980028	2027-02-08 00:00:00	\N	1	1	0	2026-01-25 12:35:27.742	\N	\N			ACTIVE	PENDING	\N	\N	\N	2025-07-16 12:31:10.615	2026-01-25 12:35:27.742
68779b8e0e3d0465b319a467	6874eea11c74e928bd66bacf	980027	2026-03-14 00:00:00	\N	1	1	0	2026-01-25 12:35:27.749	\N	\N			ACTIVE	PENDING	/api/files/download/file-1769416599955-923946728.png	\N	\N	2025-07-16 12:31:10.104	2026-01-26 08:36:40.209
cml522ywp00eoumifpy3ndt4s	cml522yev001mumifwtxp4gxi	LOT-2026-00001	2026-02-03 00:10:38.727	2025-02-03 00:10:38.727	13.25	13.25	0	2026-01-23 16:00:45.947	cml522ytm00ccumifj0nrz9tz	\N	Rack D3	15-25°C	ON_HOLD	REQUIRES_REVIEW	\N	\N	\N	2026-02-02 10:57:47.833	2026-02-02 10:57:47.833
cml522yws00equmifev58lepi	cml522yes001kumif307qs6ey	LOT-2026-00002	2026-02-08 22:30:07.602	2025-02-08 22:30:07.602	146.75	0	0	2025-12-04 07:32:04.654	cml522yrn00aqumifl67za4ik	\N	Rack F10	-20°C	CONSUMED	APPROVED	\N	\N	\N	2026-02-02 10:57:47.837	2026-02-02 10:57:47.837
cml522ywv00esumif36fflcqf	cml522ygk002qumifqhs99ncp	LOT-2026-00003	2026-02-04 23:16:15.807	2025-02-04 23:16:15.807	52	0	0	2025-12-21 17:08:59.323	cml522yw000e6umifswg4hk1u	\N	Rack E8	-80°C	CONSUMED	APPROVED	\N	\N	\N	2026-02-02 10:57:47.84	2026-02-02 10:57:47.84
cml522ywy00euumif79k3vvgv	cml522yfy002eumifr2gw6o4i	LOT-2026-00004	2026-02-07 16:17:26.939	2025-02-07 16:17:26.939	49.5	17	0	2026-02-02 06:45:21.977	cml522yv200dgumif18r5r531	\N	Rack D5	-20°C	ACTIVE	APPROVED	\N	\N	\N	2026-02-02 10:57:47.843	2026-02-02 10:57:47.843
cml522yx100ewumifd24h55ze	cml522yf3001sumif4pywaqgq	LOT-2026-00005	2026-02-08 06:49:49.311	2025-02-08 06:49:49.311	191.75	118.75	0	2026-01-11 13:55:16.806	cml522yt200bwumifam6w1ra0	\N	Rack A1	15-25°C	ACTIVE	APPROVED	\N	\N	\N	2026-02-02 10:57:47.846	2026-02-02 10:57:47.846
cml522yx400eyumifrv6qn98n	cml522yfh0022umifovn10sh7	LOT-2026-00006	2026-02-25 06:47:25.176	2025-02-25 06:47:25.176	117.25	78.5	0	2026-01-18 05:46:55.474	cml522yvf00dqumif6c4uqg3x	\N	Rack C6	-80°C	ACTIVE	PENDING	\N	\N	\N	2026-02-02 10:57:47.848	2026-02-02 10:57:47.848
cml522yx700f0umifqjksaiwy	cml522yf7001uumiftrmxe7o8	LOT-2026-00007	2026-02-18 14:17:47.986	2025-02-18 14:17:47.986	87.5	70.75	0	2025-11-11 08:27:53.552	cml522yu500cqumif31jhpbex	\N	Rack B1	-80°C	ACTIVE	APPROVED	https://example.com/coa/LOT-2026-00007.pdf	\N	\N	2026-02-02 10:57:47.851	2026-02-02 10:57:47.851
cml522yxa00f2umifgn71eagi	cml522yft002aumifinudia4u	LOT-2026-00008	2026-02-12 08:04:42.377	2025-02-12 08:04:42.377	24.25	18.5	0	2025-12-21 02:25:29.678	cml522ytc00c6umif3nghww9c	\N	Rack B8	2-8°C	ACTIVE	APPROVED	\N	\N	\N	2026-02-02 10:57:47.854	2026-02-02 10:57:47.854
cml522yxc00f4umif8did20lm	cml522yex001oumifhloh25wn	LOT-2026-00009	2026-02-19 18:52:27.348	2025-02-19 18:52:27.348	27	20.5	0	2025-12-22 23:17:19.482	cml522yv200dgumif18r5r531	\N	Rack D10	-20°C	ACTIVE	APPROVED	https://example.com/coa/LOT-2026-00009.pdf	\N	\N	2026-02-02 10:57:47.857	2026-02-02 10:57:47.857
cml522yxg00f6umif5ud6uluh	cml522yef001aumif8pd5emjt	LOT-2026-00010	2026-02-21 01:36:07.331	2025-02-21 01:36:07.331	99.75	99.75	0	2025-12-31 03:19:20.819	cml522yw000e6umifswg4hk1u	\N	Rack C3	2-8°C	INCOMING	APPROVED	\N	\N	\N	2026-02-02 10:57:47.861	2026-02-02 10:57:47.861
cml522yxk00f8umifv3owlzo9	cml522yf7001uumiftrmxe7o8	LOT-2026-00011	2026-02-16 11:57:16.462	2025-02-16 11:57:16.462	55.25	55.25	0	2025-11-19 12:37:23.238	cml522yvp00dwumifgrb65hyt	\N	Rack D5	-20°C	INCOMING	APPROVED	https://example.com/coa/LOT-2026-00011.pdf	\N	\N	2026-02-02 10:57:47.864	2026-02-02 10:57:47.864
cml522yxm00faumif63t7tku9	cml522yfk0024umifjm8p5jg9	LOT-2026-00012	2026-02-20 11:46:00.386	2025-02-20 11:46:00.386	136.5	0	0	2026-01-18 03:23:32.245	cml522yvf00dqumif6c4uqg3x	\N	Rack C3	15-25°C	CONSUMED	APPROVED	https://example.com/coa/LOT-2026-00012.pdf	\N	\N	2026-02-02 10:57:47.867	2026-02-02 10:57:47.867
cml522yxp00fcumifnq41nyg7	cml522yf0001qumifruaprz7a	LOT-2026-00013	2025-10-03 11:32:15.13	2024-10-03 11:32:15.13	27.5	27.5	0	2026-01-08 21:06:12.961	cml522yrn00aqumifl67za4ik	\N	Rack C3	-80°C	EXPIRED	APPROVED	\N	\N	\N	2026-02-02 10:57:47.869	2026-02-02 10:57:47.869
cml522yxr00feumif011a74j9	cml522ygn002sumif4gmbockp	LOT-2026-00014	2026-02-21 13:19:39.957	2025-02-21 13:19:39.957	54	54.25	0	2025-11-30 12:22:36.138	cml522yrn00aqumifl67za4ik	\N	Rack A6	-20°C	ACTIVE	APPROVED	\N	\N	\N	2026-02-02 10:57:47.872	2026-02-02 10:57:47.872
cml522yxu00fgumifph67fub4	cml522yfq0028umifpqnm6bd2	LOT-2026-00015	2026-02-25 06:16:19.549	2025-02-25 06:16:19.549	122	0	0	2026-01-18 15:35:57.608	cml522yv200dgumif18r5r531	\N	Rack F2	15-25°C	CONSUMED	PENDING	https://example.com/coa/LOT-2026-00015.pdf	\N	\N	2026-02-02 10:57:47.875	2026-02-02 10:57:47.875
cml522yxz00fiumifs37u729l	cml522yg5002iumifrq2jdcpx	LOT-2026-00016	2026-02-12 07:49:01.51	2025-02-12 07:49:01.51	188	0	0	2025-12-07 14:23:36.662	cml522yup00d6umifgbrhpk0s	\N	Rack F5	-20°C	CONSUMED	APPROVED	\N	\N	\N	2026-02-02 10:57:47.879	2026-02-02 10:57:47.879
cml522yy200fkumif16l7oko1	cml522yft002aumifinudia4u	LOT-2026-00017	2026-03-01 16:40:56.992	2025-03-01 16:40:56.992	21	8.5	0	2025-11-28 14:06:54.672	cml522yu500cqumif31jhpbex	\N	Rack D7	-80°C	ACTIVE	APPROVED	https://example.com/coa/LOT-2026-00017.pdf	\N	\N	2026-02-02 10:57:47.883	2026-02-02 10:57:47.883
cml522yy500fmumif4bp45wnk	cml522yfy002eumifr2gw6o4i	LOT-2026-00018	2026-02-13 21:18:25.773	2025-02-13 21:18:25.773	94.75	42.75	0	2025-11-09 06:58:58.883	cml522yu500cqumif31jhpbex	\N	Rack B9	-20°C	ACTIVE	APPROVED	\N	\N	\N	2026-02-02 10:57:47.885	2026-02-02 10:57:47.885
cml522yy800foumifevsvqeyv	cml522ygt002wumif53ke8fik	LOT-2026-00019	2026-02-12 20:46:42.672	2025-02-12 20:46:42.672	152.75	55.25	0	2026-01-26 12:48:06.345	cml522ysr00boumifsgs4h5oy	\N	Rack C10	2-8°C	ACTIVE	APPROVED	\N	\N	\N	2026-02-02 10:57:47.889	2026-02-02 10:57:47.889
cml522yyb00fqumif9josg7vz	cml522yfv002cumifqa9yp5oe	LOT-2026-00020	2026-02-19 08:36:38.102	2025-02-19 08:36:38.102	81.75	0	0	2026-01-10 06:48:37.062	cml522ywa00eeumifew8n9k5e	\N	Rack C8	-80°C	CONSUMED	APPROVED	\N	\N	\N	2026-02-02 10:57:47.891	2026-02-02 10:57:47.891
cml522yye00fsumifx6dnaft4	cml522yg5002iumifrq2jdcpx	LOT-2026-00021	2026-04-20 19:58:19.556	2025-04-20 19:58:19.556	95.5	47	0	2025-12-13 19:19:12.265	cml522ys600b6umiftm6e2mdu	\N	Rack B2	-20°C	ACTIVE	APPROVED	\N	\N	\N	2026-02-02 10:57:47.895	2026-02-02 10:57:47.895
cml522yyi00fuumifb88ifblt	cml522ygt002wumif53ke8fik	LOT-2026-00022	2026-03-18 19:44:17.161	2025-03-18 19:44:17.161	146	99.5	0	2025-12-31 00:20:27.176	cml522ytm00ccumifj0nrz9tz	\N	Rack B2	15-25°C	ACTIVE	APPROVED	https://example.com/coa/LOT-2026-00022.pdf	\N	\N	2026-02-02 10:57:47.898	2026-02-02 10:57:47.898
cml522yyl00fwumifd9xru40v	cml522yef001aumif8pd5emjt	LOT-2026-00023	2026-04-06 09:39:35.429	2025-04-06 09:39:35.429	92	0	0	2026-01-20 12:50:49.967	cml522ysd00bcumifopykibjk	\N	Rack C4	2-8°C	CONSUMED	APPROVED	\N	\N	\N	2026-02-02 10:57:47.901	2026-02-02 10:57:47.901
cml522yyq00fyumifa2qa59sz	cml522ygn002sumif4gmbockp	LOT-2026-00024	2026-03-11 18:33:52.541	2025-03-11 18:33:52.541	20.5	19.25	0	2026-01-19 19:00:02.357	cml522yr500acumifinpcw4xr	\N	Rack E1	15-25°C	ACTIVE	PENDING	\N	\N	\N	2026-02-02 10:57:47.906	2026-02-02 10:57:47.906
cml522yyt00g0umifiwlm7300	cml522yg5002iumifrq2jdcpx	LOT-2026-00025	2026-04-25 10:06:11.077	2025-04-25 10:06:11.077	26.75	0	0	2025-12-04 16:31:06.332	cml522yud00cwumifzy9m1ztl	\N	Rack D7	-20°C	CONSUMED	APPROVED	\N	\N	\N	2026-02-02 10:57:47.909	2026-02-02 10:57:47.909
cml522yyw00g2umifackxlzsi	cml522yfn0026umif6kveddmj	LOT-2026-00026	2025-11-10 18:45:10.696	2024-11-10 18:45:10.696	185.75	185.75	0	2026-01-14 05:35:17.485	cml522yvp00dwumifgrb65hyt	\N	Rack A8	15-25°C	EXPIRED	APPROVED	\N	\N	\N	2026-02-02 10:57:47.912	2026-02-02 10:57:47.912
cml522yyy00g4umif2nv3wu7z	cml522yfy002eumifr2gw6o4i	LOT-2026-00027	2026-03-12 06:03:21.069	2025-03-12 06:03:21.069	71.75	0	0	2025-11-06 15:28:39.545	cml522yvp00dwumifgrb65hyt	\N	Rack A1	15-25°C	CONSUMED	PENDING	\N	\N	\N	2026-02-02 10:57:47.915	2026-02-02 10:57:47.915
cml522yz100g6umif96ap1wl1	cml522ygb002mumifnwqbuutw	LOT-2026-00028	2026-04-12 03:28:41.418	2025-04-12 03:28:41.418	102.75	90.75	0	2025-11-23 13:39:24.757	cml522yrn00aqumifl67za4ik	\N	Rack B3	-20°C	ACTIVE	APPROVED	https://example.com/coa/LOT-2026-00028.pdf	\N	\N	2026-02-02 10:57:47.917	2026-02-02 10:57:47.917
cml522yz300g8umifnuwyw0g5	cml522yf7001uumiftrmxe7o8	LOT-2026-00029	2026-04-27 02:24:46.535	2025-04-27 02:24:46.535	20.5	8.75	0	2025-11-26 07:25:50.996	cml522yrn00aqumifl67za4ik	\N	Rack D8	15-25°C	ACTIVE	APPROVED	https://example.com/coa/LOT-2026-00029.pdf	\N	\N	2026-02-02 10:57:47.92	2026-02-02 10:57:47.92
cml522yz600gaumif9qzq17ta	cml522yfn0026umif6kveddmj	LOT-2026-00030	2026-03-31 11:54:53.741	2025-03-31 11:54:53.741	128.75	0	0	2025-12-22 08:40:09.089	cml522ysd00bcumifopykibjk	\N	Rack E5	-20°C	DESTROYED	APPROVED	https://example.com/coa/LOT-2026-00030.pdf	\N	\N	2026-02-02 10:57:47.922	2026-02-02 10:57:47.922
cml522yz900gcumiffr8qfaqs	cml522ygh002oumif7wngtu8h	LOT-2026-00031	2026-03-18 10:41:39.582	2025-03-18 10:41:39.582	119.75	0	0	2025-12-18 13:35:50.575	cml522yvf00dqumif6c4uqg3x	\N	Rack E5	2-8°C	DESTROYED	APPROVED	https://example.com/coa/LOT-2026-00031.pdf	\N	\N	2026-02-02 10:57:47.925	2026-02-02 10:57:47.925
cml522yzb00geumifvjkid2le	cml522yfy002eumifr2gw6o4i	LOT-2026-00032	2026-04-23 17:03:41.961	2025-04-23 17:03:41.961	33.25	18.25	0	2025-12-17 01:00:09.79	cml522yrn00aqumifl67za4ik	\N	Rack A8	-80°C	ACTIVE	APPROVED	\N	\N	\N	2026-02-02 10:57:47.928	2026-02-02 10:57:47.928
cml522yze00ggumifmn1gnb3s	cml522yeq001iumifgaii9j95	LOT-2026-00033	2026-04-02 10:52:43.731	2025-04-02 10:52:43.731	34.25	0	0	2026-01-20 23:00:29.146	cml522ytz00cmumif8dd487m2	\N	Rack C2	2-8°C	CONSUMED	APPROVED	\N	\N	\N	2026-02-02 10:57:47.931	2026-02-02 10:57:47.931
cml522yzh00giumifguxthsrk	cml522ygn002sumif4gmbockp	LOT-2026-00034	2026-03-06 05:16:13.456	2025-03-06 05:16:13.456	78.5	50.75	0	2026-01-16 16:11:51.451	cml522yup00d6umifgbrhpk0s	\N	Rack A7	15-25°C	ACTIVE	APPROVED	\N	\N	\N	2026-02-02 10:57:47.933	2026-02-02 10:57:47.933
cml522yzk00gkumif0ts7el4a	cml522yfv002cumifqa9yp5oe	LOT-2026-00035	2025-09-10 03:19:01.549	2024-09-10 03:19:01.549	80.25	80.25	0	2025-11-09 16:39:06.905	cml522ytz00cmumif8dd487m2	\N	Rack F1	2-8°C	EXPIRED	PENDING	\N	\N	\N	2026-02-02 10:57:47.936	2026-02-02 10:57:47.936
cml522yzn00gmumifota0o7sb	cml522yfc001yumiflk04iayj	LOT-2026-00036	2026-04-16 00:42:06.88	2025-04-16 00:42:06.88	130.5	103.5	0	2025-12-28 17:09:56.503	cml522ytm00ccumifj0nrz9tz	\N	Rack C2	-20°C	ACTIVE	APPROVED	\N	\N	\N	2026-02-02 10:57:47.939	2026-02-02 10:57:47.939
cml522yzp00goumif181zm7bs	cml522yeq001iumifgaii9j95	LOT-2026-00037	2026-04-27 15:03:19.048	2025-04-27 15:03:19.048	46	39.75	0	2025-11-06 06:20:41.379	cml522ysd00bcumifopykibjk	\N	Rack B5	-20°C	ACTIVE	APPROVED	https://example.com/coa/LOT-2026-00037.pdf	\N	\N	2026-02-02 10:57:47.942	2026-02-02 10:57:47.942
cml522yzu00gqumifmm9b3slb	cml522yex001oumifhloh25wn	LOT-2026-00038	2025-11-22 17:28:53.73	2024-11-22 17:28:53.73	31.75	31.75	0	2026-02-02 02:15:43.724	cml522ysi00bgumifpsht1wfu	\N	Rack C3	15-25°C	EXPIRED	APPROVED	\N	\N	\N	2026-02-02 10:57:47.946	2026-02-02 10:57:47.946
cml522z0100guumif8edhs1le	cml522ygh002oumif7wngtu8h	LOT-2026-00040	2026-03-22 10:51:34.011	2025-03-22 10:51:34.011	97.5	79.5	0	2026-01-17 01:40:27.309	cml522ysr00boumifsgs4h5oy	\N	Rack B6	2-8°C	ACTIVE	APPROVED	\N	\N	\N	2026-02-02 10:57:47.953	2026-02-02 10:57:47.953
cml522z0600gwumifdm8fadkd	cml522yf0001qumifruaprz7a	LOT-2026-00041	2026-04-15 03:00:37.807	2025-04-15 03:00:37.807	23.75	0	0	2025-11-11 09:34:14.331	cml522yt200bwumifam6w1ra0	\N	Rack B10	-20°C	CONSUMED	APPROVED	\N	\N	\N	2026-02-02 10:57:47.958	2026-02-02 10:57:47.958
cml522z0900gyumif4scgvlj0	cml522yeq001iumifgaii9j95	LOT-2026-00042	2025-09-22 16:56:05.259	2024-09-22 16:56:05.259	116.25	116.25	0	2026-01-13 18:05:40.487	cml522yu500cqumif31jhpbex	\N	Rack C8	2-8°C	EXPIRED	APPROVED	\N	\N	\N	2026-02-02 10:57:47.961	2026-02-02 10:57:47.961
cml522z0c00h0umif4kkoblpt	cml522yff0020umifyfz0cmzd	LOT-2026-00043	2026-04-30 00:51:48.944	2025-04-30 00:51:48.944	80.25	59	0	2026-01-07 14:06:06.556	cml522ywa00eeumifew8n9k5e	\N	Rack B9	-20°C	ACTIVE	APPROVED	\N	\N	\N	2026-02-02 10:57:47.964	2026-02-02 10:57:47.964
cml522z0f00h2umifjg675nfv	cml522yg8002kumif6zk00zvp	LOT-2026-00044	2026-04-18 20:06:48.9	2025-04-18 20:06:48.9	73.25	70.25	0	2025-12-27 17:13:09.604	cml522yrd00aiumif20x2htbx	\N	Rack F9	-20°C	ACTIVE	APPROVED	https://example.com/coa/LOT-2026-00044.pdf	\N	\N	2026-02-02 10:57:47.968	2026-02-02 10:57:47.968
cml522z0i00h4umif4yqgdkgn	cml522yfc001yumiflk04iayj	LOT-2026-00045	2026-01-30 04:22:41.784	2025-01-30 04:22:41.784	102.25	102.25	0	2026-01-17 13:38:18.031	cml522ytm00ccumifj0nrz9tz	\N	Rack D7	2-8°C	EXPIRED	APPROVED	https://example.com/coa/LOT-2026-00045.pdf	\N	\N	2026-02-02 10:57:47.97	2026-02-02 10:57:47.97
cml522z0l00h6umif1t826fk9	cml522ygq002uumif2yplvldv	LOT-2026-00046	2026-12-26 12:45:22.826	2025-12-26 12:45:22.826	28.5	28.5	0	2025-12-04 20:12:16.097	cml522yw000e6umifswg4hk1u	\N	Rack A10	15-25°C	INCOMING	APPROVED	https://example.com/coa/LOT-2026-00046.pdf	\N	\N	2026-02-02 10:57:47.974	2026-02-02 10:57:47.974
cml522z0o00h8umifm6zw4eao	cml522yf0001qumifruaprz7a	LOT-2026-00047	2027-01-03 21:57:37.684	2026-01-03 21:57:37.684	54	23	0	2025-12-10 10:10:46.323	cml522yvf00dqumif6c4uqg3x	\N	Rack C8	2-8°C	ACTIVE	PENDING	https://example.com/coa/LOT-2026-00047.pdf	\N	\N	2026-02-02 10:57:47.977	2026-02-02 10:57:47.977
cml522z0r00haumifvycu86jx	cml522yfc001yumiflk04iayj	LOT-2026-00048	2026-07-14 03:25:46.449	2025-07-14 03:25:46.449	125.5	98.75	0	2026-01-26 02:32:52.379	cml522yrn00aqumifl67za4ik	\N	Rack B7	2-8°C	ACTIVE	APPROVED	\N	\N	\N	2026-02-02 10:57:47.979	2026-02-02 10:57:47.979
cml522z0u00hcumifutfvchdf	cml522yfn0026umif6kveddmj	LOT-2026-00049	2027-01-25 14:47:57.485	2026-01-25 14:47:57.485	113	89	0	2026-01-20 02:03:47.232	cml522ywa00eeumifew8n9k5e	\N	Rack A4	-80°C	ACTIVE	APPROVED	\N	\N	\N	2026-02-02 10:57:47.982	2026-02-02 10:57:47.982
cml522z0x00heumifo82rjrd1	cml522yg0002gumif26riua9v	LOT-2026-00050	2026-10-13 07:18:44.663	2025-10-13 07:18:44.663	148.75	94.5	0	2025-12-09 03:23:20.233	cml522ys600b6umiftm6e2mdu	\N	Rack C6	-80°C	ACTIVE	APPROVED	\N	\N	\N	2026-02-02 10:57:47.986	2026-02-02 10:57:47.986
cml522z1000hgumifccc6qlfi	cml522ygn002sumif4gmbockp	LOT-2026-00051	2026-05-13 11:26:29.339	2025-05-13 11:26:29.339	39.25	39.25	0	2026-01-30 06:23:32.093	cml522yrn00aqumifl67za4ik	\N	Rack E7	2-8°C	INCOMING	APPROVED	\N	\N	\N	2026-02-02 10:57:47.989	2026-02-02 10:57:47.989
cml522z1300hiumift0tk3x4h	cml522yg8002kumif6zk00zvp	LOT-2026-00052	2026-09-02 21:52:13.362	2025-09-02 21:52:13.362	54.75	0	0	2025-11-24 17:36:42.024	cml522ysr00boumifsgs4h5oy	\N	Rack C4	-20°C	CONSUMED	APPROVED	\N	\N	\N	2026-02-02 10:57:47.992	2026-02-02 10:57:47.992
cml522z1700hkumifjhz36imd	cml522ygh002oumif7wngtu8h	LOT-2026-00053	2026-06-25 00:29:22.921	2025-06-25 00:29:22.921	89	40.5	0	2026-01-24 07:09:40.291	cml522ytc00c6umif3nghww9c	\N	Rack A8	-20°C	ACTIVE	PENDING	\N	\N	\N	2026-02-02 10:57:47.995	2026-02-02 10:57:47.995
cml522z1900hmumif06tydiq7	cml522yfq0028umifpqnm6bd2	LOT-2026-00054	2027-01-22 13:37:39.951	2026-01-22 13:37:39.951	39	30	0	2026-01-21 14:01:02.187	cml522yrd00aiumif20x2htbx	\N	Rack F10	15-25°C	ACTIVE	APPROVED	\N	\N	\N	2026-02-02 10:57:47.998	2026-02-02 10:57:47.998
cml522z1d00houmiff8jvarwt	cml522yg5002iumifrq2jdcpx	LOT-2026-00055	2026-01-22 02:08:05.14	2025-01-22 02:08:05.14	198	198	0	2025-12-31 15:13:03.573	cml522ys600b6umiftm6e2mdu	\N	Rack B4	2-8°C	EXPIRED	APPROVED	\N	\N	\N	2026-02-02 10:57:48.001	2026-02-02 10:57:48.001
cml522z1g00hqumif4ziry9ti	cml522yfk0024umifjm8p5jg9	LOT-2026-00056	2026-11-11 15:05:33.727	2025-11-11 15:05:33.727	30.5	30.75	0	2025-12-12 12:20:30.586	cml522yrz00b0umifw6fivdad	\N	Rack F7	-20°C	ACTIVE	APPROVED	\N	\N	\N	2026-02-02 10:57:48.005	2026-02-02 10:57:48.005
cml522z1k00hsumif1r590mwg	cml522yg5002iumifrq2jdcpx	LOT-2026-00057	2027-01-25 11:25:36.997	2026-01-25 11:25:36.997	33.25	10.75	0	2025-12-04 23:08:30.697	cml522yrn00aqumifl67za4ik	\N	Rack D3	2-8°C	ACTIVE	APPROVED	\N	\N	\N	2026-02-02 10:57:48.008	2026-02-02 10:57:48.008
cml522z1n00huumifu3h9984p	cml522yf7001uumiftrmxe7o8	LOT-2026-00058	2026-07-03 00:10:29.272	2025-07-03 00:10:29.272	152	152	0	2025-12-13 00:11:12.701	cml522yvf00dqumif6c4uqg3x	\N	Rack F3	-80°C	ON_HOLD	REQUIRES_REVIEW	\N	\N	\N	2026-02-02 10:57:48.012	2026-02-02 10:57:48.012
cml522z1r00hwumifvgwr0pqh	cml522ygb002mumifnwqbuutw	LOT-2026-00059	2026-09-29 02:57:55.964	2025-09-29 02:57:55.964	26	18	0	2025-12-26 09:49:17.386	cml522yrd00aiumif20x2htbx	\N	Rack F6	-80°C	ACTIVE	PENDING	\N	\N	\N	2026-02-02 10:57:48.015	2026-02-02 10:57:48.015
cml522z1u00hyumifl8s4wind	cml522yeq001iumifgaii9j95	LOT-2026-00060	2026-11-25 22:20:38.123	2025-11-25 22:20:38.123	41.25	14.75	0	2025-12-19 06:15:59.611	cml522yup00d6umifgbrhpk0s	\N	Rack A8	-80°C	ACTIVE	APPROVED	\N	\N	\N	2026-02-02 10:57:48.019	2026-02-02 10:57:48.019
cml522z1x00i0umifbri6faa6	cml522yg0002gumif26riua9v	LOT-2026-00061	2026-11-14 22:54:23.867	2025-11-14 22:54:23.867	101.75	0	0	2025-11-11 09:10:00.77	cml522yt200bwumifam6w1ra0	\N	Rack E9	2-8°C	CONSUMED	APPROVED	https://example.com/coa/LOT-2026-00061.pdf	\N	\N	2026-02-02 10:57:48.021	2026-02-02 10:57:48.021
cml522z2000i2umifb0pvuhz1	cml522yfv002cumifqa9yp5oe	LOT-2026-00062	2026-05-12 03:44:45.707	2025-05-12 03:44:45.707	151	0	0	2025-12-20 00:12:12	cml522ys600b6umiftm6e2mdu	\N	Rack D7	15-25°C	CONSUMED	APPROVED	\N	\N	\N	2026-02-02 10:57:48.025	2026-02-02 10:57:48.025
cml522z2300i4umifsh9soj8h	cml522yf7001uumiftrmxe7o8	LOT-2026-00063	2026-07-02 10:37:24.938	2025-07-02 10:37:24.938	130	0	0	2026-01-16 22:15:37.893	cml522yw000e6umifswg4hk1u	\N	Rack C4	15-25°C	CONSUMED	APPROVED	https://example.com/coa/LOT-2026-00063.pdf	\N	\N	2026-02-02 10:57:48.028	2026-02-02 10:57:48.028
cml522z2600i6umif07sj8uvt	cml522yf7001uumiftrmxe7o8	LOT-2026-00064	2025-08-29 17:59:18.502	2024-08-29 17:59:18.502	11	11	0	2025-12-15 21:07:30.187	cml522yw000e6umifswg4hk1u	\N	Rack A2	2-8°C	EXPIRED	APPROVED	\N	\N	\N	2026-02-02 10:57:48.031	2026-02-02 10:57:48.031
cml522z2900i8umifrl08xru6	cml522yf9001wumifrf4damoq	LOT-2026-00065	2026-07-05 13:25:22.7	2025-07-05 13:25:22.7	196.75	101	0	2025-11-17 20:15:58.023	cml522ywa00eeumifew8n9k5e	\N	Rack E5	-20°C	ACTIVE	APPROVED	\N	\N	\N	2026-02-02 10:57:48.034	2026-02-02 10:57:48.034
cml522z2c00iaumifej2jfadj	cml522ygk002qumifqhs99ncp	LOT-2026-00066	2025-12-14 08:19:52.58	2024-12-14 08:19:52.58	148	148	0	2026-01-03 10:16:16.79	cml522yu500cqumif31jhpbex	\N	Rack A5	2-8°C	EXPIRED	APPROVED	\N	\N	\N	2026-02-02 10:57:48.037	2026-02-02 10:57:48.037
cml522z2g00icumif9h8at7cr	cml522yel001eumif2f9rz8wp	LOT-2026-00067	2026-09-16 05:50:49.632	2025-09-16 05:50:49.632	183.25	151.25	0	2025-12-27 12:30:43.843	cml522yvp00dwumifgrb65hyt	\N	Rack D1	15-25°C	ACTIVE	APPROVED	https://example.com/coa/LOT-2026-00067.pdf	\N	\N	2026-02-02 10:57:48.04	2026-02-02 10:57:48.04
cml522z2j00ieumiflqmw10bv	cml522yg8002kumif6zk00zvp	LOT-2026-00068	2026-10-11 22:18:11.999	2025-10-11 22:18:11.999	167	0	0	2025-11-08 14:37:11.587	cml522yt200bwumifam6w1ra0	\N	Rack E9	15-25°C	CONSUMED	APPROVED	\N	\N	\N	2026-02-02 10:57:48.043	2026-02-02 10:57:48.043
cml522z2m00igumifchd9soy2	cml522yex001oumifhloh25wn	LOT-2026-00069	2027-01-20 14:53:27.377	2026-01-20 14:53:27.377	17.5	10.25	0	2025-12-19 01:13:05.054	cml522ywa00eeumifew8n9k5e	\N	Rack B3	-20°C	ACTIVE	APPROVED	\N	\N	\N	2026-02-02 10:57:48.047	2026-02-02 10:57:48.047
cml522z2p00iiumifvdjkhjch	cml522yft002aumifinudia4u	LOT-2026-00070	2026-11-11 00:39:19.69	2025-11-11 00:39:19.69	88.25	88	0	2025-12-26 01:51:20.084	cml522yv200dgumif18r5r531	\N	Rack F9	15-25°C	ACTIVE	APPROVED	\N	\N	\N	2026-02-02 10:57:48.05	2026-02-02 10:57:48.05
cml522z2w00imumif63q0ht1c	cml522ygh002oumif7wngtu8h	LOT-2026-00072	2026-02-01 01:16:07.557	2025-02-01 01:16:07.557	129.5	129.5	0	2025-12-23 11:09:01.391	cml522ywa00eeumifew8n9k5e	\N	Rack C3	2-8°C	EXPIRED	APPROVED	\N	\N	\N	2026-02-02 10:57:48.056	2026-02-02 10:57:48.056
cml522z2z00ioumifg0i6y20a	cml522yf9001wumifrf4damoq	LOT-2026-00073	2025-11-06 18:02:22.774	2024-11-06 18:02:22.774	49.75	49.75	0	2025-11-05 23:44:55.805	cml522yvp00dwumifgrb65hyt	\N	Rack F7	-20°C	EXPIRED	APPROVED	\N	\N	\N	2026-02-02 10:57:48.06	2026-02-02 10:57:48.06
cml522z3300iqumifw6lvocg3	cml522ygk002qumifqhs99ncp	LOT-2026-00074	2027-02-01 19:43:04.314	2026-02-01 19:43:04.314	16.75	12	0	2026-01-10 08:24:13.214	cml522yr500acumifinpcw4xr	\N	Rack C6	-20°C	ACTIVE	APPROVED	https://example.com/coa/LOT-2026-00074.pdf	\N	\N	2026-02-02 10:57:48.063	2026-02-02 10:57:48.063
cml522z3800isumifkpefp85e	cml522yf3001sumif4pywaqgq	LOT-2026-00075	2025-11-03 20:27:15.623	2024-11-03 20:27:15.623	18	18	0	2025-11-07 11:01:19.861	cml522ysr00boumifsgs4h5oy	\N	Rack D3	-20°C	EXPIRED	APPROVED	https://example.com/coa/LOT-2026-00075.pdf	\N	\N	2026-02-02 10:57:48.068	2026-02-02 10:57:48.068
cml522z3e00iwumifyiogncbi	cml522yen001gumifms17l7ah	LOT-2026-00077	2025-10-02 15:04:34.05	2024-10-02 15:04:34.05	47	47	0	2025-11-15 09:48:05.15	cml522ywa00eeumifew8n9k5e	\N	Rack D4	-20°C	EXPIRED	APPROVED	\N	\N	\N	2026-02-02 10:57:48.074	2026-02-02 10:57:48.074
cml522z3i00iyumifqwbb563q	cml522yfh0022umifovn10sh7	LOT-2026-00078	2027-01-10 23:03:43.254	2026-01-10 23:03:43.254	120.25	100.75	0	2025-12-10 02:45:37.564	cml522ysi00bgumifpsht1wfu	\N	Rack B1	-20°C	ACTIVE	APPROVED	\N	\N	\N	2026-02-02 10:57:48.078	2026-02-02 10:57:48.078
cml522z3m00j0umif5zhv6e93	cml522yes001kumif307qs6ey	LOT-2026-00079	2025-10-18 00:01:38.865	2024-10-18 00:01:38.865	151.5	151.5	0	2026-01-09 10:31:18.697	cml522ys600b6umiftm6e2mdu	\N	Rack F6	-20°C	EXPIRED	APPROVED	https://example.com/coa/LOT-2026-00079.pdf	\N	\N	2026-02-02 10:57:48.082	2026-02-02 10:57:48.082
cml522z3p00j2umifdytmh3ji	cml522yfv002cumifqa9yp5oe	LOT-2026-00080	2027-01-10 18:05:05.444	2026-01-10 18:05:05.444	179	137.75	0	2026-01-20 01:14:41.638	cml522yv200dgumif18r5r531	\N	Rack A8	-20°C	ACTIVE	APPROVED	\N	\N	\N	2026-02-02 10:57:48.085	2026-02-02 10:57:48.085
cml522z3b00iuumifjw1p0opl	cml522yfq0028umifpqnm6bd2	LOT-2026-00076	2025-08-09 12:14:40.81	2024-08-09 12:14:40.81	151	0	0	2025-11-12 09:13:38.721	cml522yw000e6umifswg4hk1u	\N	Rack E4	-20°C	DISPOSED	APPROVED	\N	\N	\N	2026-02-02 10:57:48.071	2026-02-12 11:28:53.092
cml522z3t00j4umifx3fuakb6	cml522ygk002qumifqhs99ncp	LOT-2026-00081	2026-09-23 13:46:30.264	2025-09-23 13:46:30.264	119	91.25	0	2025-11-17 19:18:57.893	cml522yrd00aiumif20x2htbx	\N	Rack E7	2-8°C	ACTIVE	APPROVED	\N	\N	\N	2026-02-02 10:57:48.089	2026-02-02 10:57:48.089
cml522z3w00j6umifmapvnl18	cml522yel001eumif2f9rz8wp	LOT-2026-00082	2026-11-13 01:46:38.076	2025-11-13 01:46:38.076	26.5	9	0	2026-02-01 15:13:21.466	cml522yrz00b0umifw6fivdad	\N	Rack F9	15-25°C	ACTIVE	APPROVED	\N	\N	\N	2026-02-02 10:57:48.092	2026-02-02 10:57:48.092
cml522z3z00j8umifnsd4qkcu	cml522yei001cumif3ucbwfdi	LOT-2026-00083	2026-10-25 01:23:48.065	2025-10-25 01:23:48.065	45.5	26.5	0	2026-01-30 03:32:10.56	cml522ytc00c6umif3nghww9c	\N	Rack C10	15-25°C	ACTIVE	APPROVED	\N	\N	\N	2026-02-02 10:57:48.095	2026-02-02 10:57:48.095
cml522z4200jaumifbvrmute9	cml522yg5002iumifrq2jdcpx	LOT-2026-00084	2026-06-10 01:10:34.528	2025-06-10 01:10:34.528	140.25	61.75	0	2025-11-14 01:22:27.596	cml522ytc00c6umif3nghww9c	\N	Rack A6	-20°C	ACTIVE	APPROVED	\N	\N	\N	2026-02-02 10:57:48.098	2026-02-02 10:57:48.098
cml522z4500jcumifaz7wnlij	cml522yfv002cumifqa9yp5oe	LOT-2026-00085	2025-12-08 17:21:42.348	2024-12-08 17:21:42.348	90.75	90.75	0	2026-02-01 00:33:02.053	cml522yt200bwumifam6w1ra0	\N	Rack D8	-20°C	EXPIRED	PENDING	\N	\N	\N	2026-02-02 10:57:48.101	2026-02-02 10:57:48.101
cml522z4800jeumif647y4gk5	cml522yei001cumif3ucbwfdi	LOT-2026-00086	2027-01-02 11:15:34.027	2026-01-02 11:15:34.027	110	92	0	2026-01-02 13:56:51.243	cml522ys600b6umiftm6e2mdu	\N	Rack A2	-20°C	ACTIVE	APPROVED	\N	\N	\N	2026-02-02 10:57:48.104	2026-02-02 10:57:48.104
cml522z4a00jgumifsqqrdowq	cml522yex001oumifhloh25wn	LOT-2026-00087	2026-11-30 15:59:29.387	2025-11-30 15:59:29.387	10.25	4.5	0	2025-12-28 11:31:47.496	cml522yrz00b0umifw6fivdad	\N	Rack D5	-20°C	ACTIVE	PENDING	\N	\N	\N	2026-02-02 10:57:48.107	2026-02-02 10:57:48.107
cml522z4d00jiumifez9bp4v9	cml522yft002aumifinudia4u	LOT-2026-00088	2026-10-20 17:16:18.894	2025-10-20 17:16:18.894	109.75	70	0	2025-11-28 08:54:25.951	cml522yud00cwumifzy9m1ztl	\N	Rack F4	2-8°C	ACTIVE	APPROVED	\N	\N	\N	2026-02-02 10:57:48.11	2026-02-02 10:57:48.11
cml522z4g00jkumif2yk1fx3c	cml522yei001cumif3ucbwfdi	LOT-2026-00089	2025-11-25 22:27:15.872	2024-11-25 22:27:15.872	172.25	172.25	0	2025-11-23 22:52:55.639	cml522ytm00ccumifj0nrz9tz	\N	Rack D5	15-25°C	EXPIRED	PENDING	https://example.com/coa/LOT-2026-00089.pdf	\N	\N	2026-02-02 10:57:48.113	2026-02-02 10:57:48.113
cml522z4l00jmumifk4x10vnf	cml522yev001mumifwtxp4gxi	LOT-2026-00090	2026-07-25 23:27:37.082	2025-07-25 23:27:37.082	167	137.5	0	2025-12-28 05:31:15.209	cml522ytc00c6umif3nghww9c	\N	Rack B7	15-25°C	ACTIVE	APPROVED	\N	\N	\N	2026-02-02 10:57:48.117	2026-02-02 10:57:48.117
cml522z4p00joumifr6imqb8u	cml522yff0020umifyfz0cmzd	LOT-2026-00091	2026-11-08 03:57:07.405	2025-11-08 03:57:07.405	38	38	0	2026-01-18 07:35:08.91	cml522yvf00dqumif6c4uqg3x	\N	Rack C7	2-8°C	INCOMING	APPROVED	\N	\N	\N	2026-02-02 10:57:48.121	2026-02-02 10:57:48.121
cml522z4s00jqumifotpnviaf	cml522yfq0028umifpqnm6bd2	LOT-2026-00092	2026-09-13 07:40:55.813	2025-09-13 07:40:55.813	136.5	94.25	0	2025-12-03 21:58:50.758	cml522yud00cwumifzy9m1ztl	\N	Rack A1	15-25°C	ACTIVE	APPROVED	\N	\N	\N	2026-02-02 10:57:48.124	2026-02-02 10:57:48.124
cml522z4v00jsumifjfsw1707	cml522yef001aumif8pd5emjt	LOT-2026-00093	2026-09-13 18:01:36.064	2025-09-13 18:01:36.064	53	29	0	2026-01-08 14:30:24.689	cml522yup00d6umifgbrhpk0s	\N	Rack F6	2-8°C	ACTIVE	APPROVED	https://example.com/coa/LOT-2026-00093.pdf	\N	\N	2026-02-02 10:57:48.127	2026-02-02 10:57:48.127
cml522z4y00juumifysgxt38x	cml522ygb002mumifnwqbuutw	LOT-2026-00094	2027-01-24 03:42:27.719	2026-01-24 03:42:27.719	88.5	0	0	2026-01-13 16:44:42.334	cml522yup00d6umifgbrhpk0s	\N	Rack D6	-80°C	CONSUMED	APPROVED	\N	\N	\N	2026-02-02 10:57:48.13	2026-02-02 10:57:48.13
cml522z5100jwumif8gmhg2dw	cml522yft002aumifinudia4u	LOT-2026-00095	2026-12-14 17:22:54.367	2025-12-14 17:22:54.367	149	45	0	2026-01-20 18:54:51.551	cml522yvf00dqumif6c4uqg3x	\N	Rack C3	-20°C	ACTIVE	APPROVED	https://example.com/coa/LOT-2026-00095.pdf	\N	\N	2026-02-02 10:57:48.133	2026-02-02 10:57:48.133
cml522z5400jyumif1ractyfc	cml522yef001aumif8pd5emjt	LOT-2026-00096	2026-11-18 07:48:28.926	2025-11-18 07:48:28.926	169.5	0	0	2025-12-10 13:24:32.969	cml522yw000e6umifswg4hk1u	\N	Rack B1	15-25°C	CONSUMED	APPROVED	https://example.com/coa/LOT-2026-00096.pdf	\N	\N	2026-02-02 10:57:48.136	2026-02-02 10:57:48.136
cml522z5600k0umifkzrq1db0	cml522yfy002eumifr2gw6o4i	LOT-2026-00097	2026-11-29 08:41:44.288	2025-11-29 08:41:44.288	116.5	0	0	2025-12-15 00:35:49.326	cml522yr500acumifinpcw4xr	\N	Rack C3	-80°C	CONSUMED	APPROVED	\N	\N	\N	2026-02-02 10:57:48.138	2026-02-02 10:57:48.138
cml522z5900k2umifk1ufau4a	cml522ygh002oumif7wngtu8h	LOT-2026-00098	2025-10-21 02:57:25.741	2024-10-21 02:57:25.741	133.25	133.25	0	2026-01-06 07:34:31.39	cml522ysi00bgumifpsht1wfu	\N	Rack C5	-80°C	EXPIRED	APPROVED	\N	\N	\N	2026-02-02 10:57:48.141	2026-02-02 10:57:48.141
cml522z5b00k4umifeharpeuz	cml522ygn002sumif4gmbockp	LOT-2026-00099	2026-06-22 13:38:14.783	2025-06-22 13:38:14.783	143.75	131.25	0	2025-11-04 22:31:57.323	cml522yrn00aqumifl67za4ik	\N	Rack A7	-20°C	ACTIVE	PENDING	\N	\N	\N	2026-02-02 10:57:48.143	2026-02-02 10:57:48.143
cml522z5e00k6umifkzbaj7ub	cml522yg0002gumif26riua9v	LOT-2026-00100	2026-05-20 13:00:52.655	2025-05-20 13:00:52.655	66.5	20	0	2026-01-07 19:56:00.003	cml522yr500acumifinpcw4xr	\N	Rack A10	2-8°C	ACTIVE	PENDING	\N	\N	\N	2026-02-02 10:57:48.146	2026-02-02 10:57:48.146
cml522z2s00ikumifgngnxmp2	cml522yfq0028umifpqnm6bd2	LOT-2026-00071	2025-08-07 10:44:01.189	2024-08-07 10:44:01.189	79	0	0	2026-02-02 10:42:52.978	cml522yu500cqumif31jhpbex	\N	Rack A6	-20°C	DISPOSED	APPROVED	https://example.com/coa/LOT-2026-00071.pdf	\N	\N	2026-02-02 10:57:48.053	2026-02-12 09:16:33.855
cml522yzx00gsumif82r2ttte	cml522yff0020umifyfz0cmzd	LOT-2026-00039	2025-08-06 22:35:49.07	2024-08-06 22:35:49.07	148	0	0	2026-01-03 19:56:04.247	cml522yud00cwumifzy9m1ztl	\N	Rack B9	-20°C	DISPOSED	APPROVED	https://example.com/coa/LOT-2026-00039.pdf	\N	\N	2026-02-02 10:57:47.949	2026-02-12 09:16:39.606
6877e8234a54db2cbbe368d0	6874eea11c74e928bd66bad2	9792245901	2025-11-30 00:00:00	\N	2	0	0	2025-07-16 00:00:00	\N	\N			IN_USE	PENDING	\N	\N	\N	2025-07-16 17:57:55.574	2026-03-04 15:12:41.543
\.


--
-- Data for Name: ScheduledReminder; Type: TABLE DATA; Schema: inventory; Owner: postgres
--

COPY inventory."ScheduledReminder" (id, "reminderType", "targetDate", "assignedTo", title, message, "isCompleted", "completedAt", "createdAt", "updatedAt") FROM stdin;
\.


--
-- Data for Name: Shipment; Type: TABLE DATA; Schema: inventory; Owner: postgres
--

COPY inventory."Shipment" (id, "shipmentNumber", "destinationHospital", "destinationDepartment", "shipmentDate", status, "documentUrl", notes, "createdAt", "updatedAt") FROM stdin;
cml522z8r00mrumifwdtflri7	SHP-202602-0001	בית חולים שיבא	המטולוגיה	2025-12-08 23:32:32.589	RECEIVED	\N	QA Test Shipment 1	2026-02-02 10:57:48.267	2026-02-02 10:57:48.267
cml522z9300mwumif30uk7qbp	SHP-202602-0002	בית חולים רמב"ם	מעבדות	2026-01-19 00:22:52.852	DRAFT	\N	QA Test Shipment 2	2026-02-02 10:57:48.28	2026-02-02 10:57:48.28
cml522z9b00n1umifalrxz280	SHP-202602-0003	בית חולים שיבא	בנק דם	2025-12-24 07:54:52.731	DRAFT	\N	QA Test Shipment 3	2026-02-02 10:57:48.288	2026-02-02 10:57:48.288
cml522z9j00n6umifw3luvjhr	SHP-202602-0004	מרכז רפואי כרמל	המטולוגיה	2025-12-27 11:12:12.16	CANCELLED	\N	QA Test Shipment 4	2026-02-02 10:57:48.296	2026-02-02 10:57:48.296
cml522z9v00ndumif10ll3boc	SHP-202602-0005	בית חולים סורוקה	בנק דם	2025-12-25 02:09:51.887	DRAFT	\N	QA Test Shipment 5	2026-02-02 10:57:48.307	2026-02-02 10:57:48.307
cml522zaa00nmumif58s9zzhr	SHP-202602-0006	בית חולים בילינסון	בנק דם	2026-01-05 09:06:33.488	SENT	\N	QA Test Shipment 6	2026-02-02 10:57:48.323	2026-02-02 10:57:48.323
cml522zah00npumifnv491661	SHP-202602-0007	בית חולים רמב"ם	מעבדות	2026-01-28 23:37:21.21	SENT	\N	QA Test Shipment 7	2026-02-02 10:57:48.329	2026-02-02 10:57:48.329
cml522zay00nwumifhdbpm9ud	SHP-202602-0008	בית חולים הדסה עין כרם	המטולוגיה	2026-01-23 05:18:22.892	CANCELLED	\N	QA Test Shipment 8	2026-02-02 10:57:48.346	2026-02-02 10:57:48.346
cml522zbe00o3umifdgcnmo2g	SHP-202602-0009	בית חולים סורוקה	מעבדות	2025-12-24 17:33:58.651	DRAFT	\N	QA Test Shipment 9	2026-02-02 10:57:48.363	2026-02-02 10:57:48.363
cml522zbn00oaumifp0o1f80m	SHP-202602-0010	בית חולים סורוקה	המטולוגיה	2025-12-18 05:39:24.676	CANCELLED	\N	QA Test Shipment 10	2026-02-02 10:57:48.371	2026-02-02 10:57:48.371
cml522zc200ojumifkrwn6hyl	SHP-202602-0011	בית חולים סורוקה	כללי	2026-01-06 10:19:34.665	RECEIVED	\N	QA Test Shipment 11	2026-02-02 10:57:48.386	2026-02-02 10:57:48.386
cml522zce00oqumifs9c6nyty	SHP-202602-0012	בית חולים איכילוב	המטולוגיה	2025-12-24 14:33:34.678	RECEIVED	\N	QA Test Shipment 12	2026-02-02 10:57:48.399	2026-02-02 10:57:48.399
cml522zcj00otumifzh2znz8r	SHP-202602-0013	בית חולים סורוקה	בנק דם	2026-01-27 04:47:37.457	DRAFT	\N	QA Test Shipment 13	2026-02-02 10:57:48.404	2026-02-02 10:57:48.404
cml522zcs00p0umifxm4yttt6	SHP-202602-0014	בית חולים שיבא	המטולוגיה	2026-01-29 12:00:02.193	DRAFT	\N	QA Test Shipment 14	2026-02-02 10:57:48.412	2026-02-02 10:57:48.412
cml522zcx00p3umifqb58sx61	SHP-202602-0015	בית חולים סורוקה	בנק דם	2025-12-23 00:30:50.095	SENT	\N	QA Test Shipment 15	2026-02-02 10:57:48.418	2026-02-02 10:57:48.418
\.


--
-- Data for Name: ShipmentItem; Type: TABLE DATA; Schema: inventory; Owner: postgres
--

COPY inventory."ShipmentItem" (id, "shipmentId", "reagentId", "batchId", quantity, "createdAt", "updatedAt") FROM stdin;
cml522z8u00mtumifr87iv6cd	cml522z8r00mrumifwdtflri7	cml522yf9001wumifrf4damoq	cml522yx700f0umifqjksaiwy	20	2026-02-02 10:57:48.27	2026-02-02 10:57:48.27
cml522z8w00mvumif075g7oph	cml522z8r00mrumifwdtflri7	cml522yf0001qumifruaprz7a	cml522z4a00jgumifsqqrdowq	8.75	2026-02-02 10:57:48.272	2026-02-02 10:57:48.272
cml522z9600myumifbxt7xl3p	cml522z9300mwumif30uk7qbp	cml522yeq001iumifgaii9j95	cml522yx700f0umifqjksaiwy	1.5	2026-02-02 10:57:48.282	2026-02-02 10:57:48.282
cml522z9800n0umif7csh4l62	cml522z9300mwumif30uk7qbp	cml522yfn0026umif6kveddmj	cml522z0900gyumif4scgvlj0	18.25	2026-02-02 10:57:48.285	2026-02-02 10:57:48.285
cml522z9e00n3umifbytxni08	cml522z9b00n1umifalrxz280	cml522yfy002eumifr2gw6o4i	cml522ywy00euumif79k3vvgv	9.25	2026-02-02 10:57:48.291	2026-02-02 10:57:48.291
cml522z9g00n5umifu310qegu	cml522z9b00n1umifalrxz280	cml522ygn002sumif4gmbockp	cml522yyb00fqumif9josg7vz	8.75	2026-02-02 10:57:48.293	2026-02-02 10:57:48.293
cml522z9m00n8umifgfs5u6dp	cml522z9j00n6umifw3luvjhr	cml522yg5002iumifrq2jdcpx	cml522z0100guumif8edhs1le	5.5	2026-02-02 10:57:48.298	2026-02-02 10:57:48.298
cml522z9p00naumif2eugmi6l	cml522z9j00n6umifw3luvjhr	cml522yev001mumifwtxp4gxi	cml522z4200jaumifbvrmute9	16.5	2026-02-02 10:57:48.302	2026-02-02 10:57:48.302
cml522z9s00ncumifrywumfro	cml522z9j00n6umifw3luvjhr	cml522yg0002gumif26riua9v	cml522yyl00fwumifd9xru40v	7.75	2026-02-02 10:57:48.304	2026-02-02 10:57:48.304
cml522za000nfumif2uqbozly	cml522z9v00ndumif10ll3boc	cml522yft002aumifinudia4u	cml522z3t00j4umifx3fuakb6	7.75	2026-02-02 10:57:48.313	2026-02-02 10:57:48.313
cml522za300nhumifmf9lpam8	cml522z9v00ndumif10ll3boc	cml522yg0002gumif26riua9v	cml522yy500fmumif4bp45wnk	11.25	2026-02-02 10:57:48.315	2026-02-02 10:57:48.315
cml522za500njumifpoogiqid	cml522z9v00ndumif10ll3boc	cml522yff0020umifyfz0cmzd	cml522z2300i4umifsh9soj8h	16	2026-02-02 10:57:48.318	2026-02-02 10:57:48.318
cml522za800nlumifm0q0r53d	cml522z9v00ndumif10ll3boc	cml522yfq0028umifpqnm6bd2	cml522z4200jaumifbvrmute9	12	2026-02-02 10:57:48.32	2026-02-02 10:57:48.32
cml522zaf00noumifslxgvgoh	cml522zaa00nmumif58s9zzhr	cml522yft002aumifinudia4u	cml522z2000i2umifb0pvuhz1	15	2026-02-02 10:57:48.327	2026-02-02 10:57:48.327
cml522zaj00nrumifr0hxerqs	cml522zah00npumifnv491661	cml522ygn002sumif4gmbockp	cml522yz900gcumiffr8qfaqs	20.75	2026-02-02 10:57:48.332	2026-02-02 10:57:48.332
cml522zam00ntumif9rg7hlhi	cml522zah00npumifnv491661	cml522yfh0022umifovn10sh7	cml522yxp00fcumifnq41nyg7	11.75	2026-02-02 10:57:48.335	2026-02-02 10:57:48.335
cml522zar00nvumif3nyq40ni	cml522zah00npumifnv491661	cml522yg5002iumifrq2jdcpx	cml522yye00fsumifx6dnaft4	19	2026-02-02 10:57:48.339	2026-02-02 10:57:48.339
cml522zb300nyumifiquytujg	cml522zay00nwumifhdbpm9ud	cml522yfk0024umifjm8p5jg9	cml522z3w00j6umifmapvnl18	20.5	2026-02-02 10:57:48.352	2026-02-02 10:57:48.352
cml522zb600o0umif016u0ynh	cml522zay00nwumifhdbpm9ud	cml522yg5002iumifrq2jdcpx	cml522z5600k0umifkzrq1db0	3.75	2026-02-02 10:57:48.355	2026-02-02 10:57:48.355
cml522zba00o2umifq68dwtnz	cml522zay00nwumifhdbpm9ud	cml522yes001kumif307qs6ey	cml522z5600k0umifkzrq1db0	4.25	2026-02-02 10:57:48.359	2026-02-02 10:57:48.359
cml522zbg00o5umify456rdsl	cml522zbe00o3umifdgcnmo2g	cml522yfh0022umifovn10sh7	cml522z2300i4umifsh9soj8h	6	2026-02-02 10:57:48.365	2026-02-02 10:57:48.365
cml522zbi00o7umif6ek4j091	cml522zbe00o3umifdgcnmo2g	cml522yfv002cumifqa9yp5oe	cml522z3e00iwumifyiogncbi	5.75	2026-02-02 10:57:48.367	2026-02-02 10:57:48.367
cml522zbk00o9umifz890jee0	cml522zbe00o3umifdgcnmo2g	cml522yeq001iumifgaii9j95	cml522z2p00iiumifvdjkhjch	7.25	2026-02-02 10:57:48.369	2026-02-02 10:57:48.369
cml522zbq00ocumifoxadey1x	cml522zbn00oaumifp0o1f80m	cml522yfc001yumiflk04iayj	cml522z2j00ieumiflqmw10bv	19.5	2026-02-02 10:57:48.374	2026-02-02 10:57:48.374
cml522zbs00oeumifpeopdyzv	cml522zbn00oaumifp0o1f80m	cml522yf9001wumifrf4damoq	cml522z0o00h8umifm6zw4eao	11.75	2026-02-02 10:57:48.377	2026-02-02 10:57:48.377
cml522zbv00ogumifcy40o2z8	cml522zbn00oaumifp0o1f80m	cml522yff0020umifyfz0cmzd	cml522z3z00j8umifnsd4qkcu	8.25	2026-02-02 10:57:48.379	2026-02-02 10:57:48.379
cml522zbx00oiumifa0m5gthi	cml522zbn00oaumifp0o1f80m	cml522yfh0022umifovn10sh7	cml522yzb00geumifvjkid2le	5.25	2026-02-02 10:57:48.382	2026-02-02 10:57:48.382
cml522zc400olumifi1toljcp	cml522zc200ojumifkrwn6hyl	cml522yfn0026umif6kveddmj	cml522z4a00jgumifsqqrdowq	5	2026-02-02 10:57:48.388	2026-02-02 10:57:48.388
cml522zc700onumifr7mxb166	cml522zc200ojumifkrwn6hyl	cml522yft002aumifinudia4u	cml522yy500fmumif4bp45wnk	1.25	2026-02-02 10:57:48.391	2026-02-02 10:57:48.391
cml522zcb00opumif63yqcfxx	cml522zc200ojumifkrwn6hyl	cml522yfn0026umif6kveddmj	cml522yzh00giumifguxthsrk	8.75	2026-02-02 10:57:48.396	2026-02-02 10:57:48.396
cml522zch00osumif4ehl35io	cml522zce00oqumifs9c6nyty	cml522ygn002sumif4gmbockp	cml522yzb00geumifvjkid2le	9	2026-02-02 10:57:48.401	2026-02-02 10:57:48.401
cml522zcl00ovumifc8s43ngs	cml522zcj00otumifzh2znz8r	cml522yeq001iumifgaii9j95	cml522z2s00ikumifgngnxmp2	8.5	2026-02-02 10:57:48.406	2026-02-02 10:57:48.406
cml522zco00oxumiffznmaw5g	cml522zcj00otumifzh2znz8r	cml522ygq002uumif2yplvldv	cml522yy800foumifevsvqeyv	1	2026-02-02 10:57:48.408	2026-02-02 10:57:48.408
cml522zcq00ozumifcgfg8odq	cml522zcj00otumifzh2znz8r	cml522yfv002cumifqa9yp5oe	cml522yzh00giumifguxthsrk	13.75	2026-02-02 10:57:48.41	2026-02-02 10:57:48.41
cml522zcu00p2umifb09gdl22	cml522zcs00p0umifxm4yttt6	cml522ygb002mumifnwqbuutw	cml522z2s00ikumifgngnxmp2	1.75	2026-02-02 10:57:48.415	2026-02-02 10:57:48.415
cml522zd000p5umifi8t69s7x	cml522zcx00p3umifqb58sx61	cml522yf7001uumiftrmxe7o8	cml522yws00equmifev58lepi	9.5	2026-02-02 10:57:48.42	2026-02-02 10:57:48.42
\.


--
-- Data for Name: Supplier; Type: TABLE DATA; Schema: inventory; Owner: postgres
--

COPY inventory."Supplier" (id, name, "shortCode", address, phone, email, website, "defaultCurrency", "paymentTerms", "leadTimeDays", "isPreferred", "isActive", "createdAt", "updatedAt") FROM stdin;
6889ec063a5f0ba17112cfeb	INTERNAL	INTE					ILS	\N	\N	f	f	2025-07-30 09:55:18.1	2026-01-25 12:35:26.667
6889ec060f5a01d3e258125d	BEPEX	BEPE					ILS	\N	\N	f	f	2025-07-30 09:55:18.095	2026-01-25 12:35:26.673
6889ec060f5a01d3e258125b	SYSMEX	SYSM					ILS	\N	\N	f	f	2025-07-30 09:55:18.084	2026-01-25 12:35:26.679
6889ec061a5dadc1ad2c999d	MARGALIT	MARG					ILS	\N	\N	f	f	2025-07-30 09:55:18.04	2026-01-25 12:35:26.685
6889ec068ab98b91b3d05f66	POTERMAN	POTE					ILS	\N	\N	f	f	2025-07-30 09:55:18.04	2026-01-25 12:35:26.691
6889ec060b8026c959d6361a	AYLEX	AYLE					ILS	\N	\N	f	f	2025-07-30 09:55:18.03	2026-01-25 12:35:26.7
6882186f778a60955e0cc7cd	STERIOUS	STER					ILS	\N	\N	f	f	2025-07-24 11:26:39.439	2026-01-25 12:35:26.707
688205ddeb5f330f217c7851	DOVER	DOVE					ILS	\N	\N	f	f	2025-07-24 10:07:25.667	2026-01-25 12:35:26.713
688205dd7d4feb5981abf8a4	DANIEL_BIOTECH	DANI					ILS	\N	\N	f	t	2025-07-24 10:07:25.17	2026-01-25 12:35:26.72
688205ddd9ecf3227a29b3fd	ELDAN	ELDA					ILS	\N	\N	f	t	2025-07-24 10:07:25.153	2026-01-25 12:35:26.724
688205dd483fde90d8edd3af	MEDIGAL	MEDI					ILS	\N	\N	f	t	2025-07-24 10:07:25.138	2026-01-25 12:35:26.73
688205dd2dc9a044f2dad6bd	SIGMA_ALDRICH	SIGM					ILS	\N	\N	f	t	2025-07-24 10:07:25.135	2026-01-25 12:35:26.736
688205dd483fde90d8edd3ad	OTHER	OTHE					ILS	\N	\N	f	t	2025-07-24 10:07:25.129	2026-01-25 12:35:26.741
688205ddcac2b778d3602154	MEDTECHNICA	MEDT					ILS	\N	\N	f	t	2025-07-24 10:07:25.123	2026-01-25 12:35:26.746
688205dd972ef9d22336b529	SARTORIUS	SART					ILS	\N	\N	f	t	2025-07-24 10:07:25.116	2026-01-25 12:35:26.752
688205dd31dd7f098f48a208	BIORAD	BIOR					ILS	\N	\N	f	t	2025-07-24 10:07:25.103	2026-01-25 12:35:26.76
688205dd09834c58d286271a	Zotal	ZOTAL					ILS	\N	\N	f	t	2025-07-24 10:07:25.099	2026-01-25 12:35:26.766
688205dd4585c53ebf815ed6	DYN	DYN					ILS	\N	\N	f	t	2025-07-24 10:07:25.094	2026-01-25 12:35:26.771
688205dd3efede3e5f1cf3e7	RANIUM	RANI					ILS	\N	\N	f	t	2025-07-24 10:07:25.086	2026-01-25 12:35:26.776
688205ddd05fa02253e6d785	ALMOG	ALMO					ILS	\N	\N	f	t	2025-07-24 10:07:25.082	2026-01-25 12:35:26.785
688205dd1c03ee2651d1382f	GAMIDOR	GAMI					ILS	\N	\N	f	f	2025-07-24 10:07:25.075	2026-01-25 12:35:26.795
cml522ycu000aumifihofztd3	Bio-Rad Laboratories	BRD	123 Bio-Rad Laboratories Street, Industry City	+1-555-0001	info@brd.test	https://www.brd.test	USD	Net 30	14	t	t	2026-02-02 10:57:47.118	2026-02-02 10:57:47.118
cml522ycx000bumifkshg1tap	Ortho Clinical Diagnostics	OCD	123 Ortho Clinical Diagnostics Street, Industry City	+1-555-0002	info@ocd.test	https://www.ocd.test	USD	Net 30	21	f	t	2026-02-02 10:57:47.122	2026-02-02 10:57:47.122
cml522yd0000cumif2s439164	Grifols	GRF	123 Grifols Street, Industry City	+1-555-0003	info@grf.test	https://www.grf.test	EUR	Net 30	30	t	t	2026-02-02 10:57:47.124	2026-02-02 10:57:47.124
cml522yd4000dumif8gfjvrqr	Immucor	IMC	123 Immucor Street, Industry City	+1-555-0004	info@imc.test	https://www.imc.test	USD	Net 30	18	f	t	2026-02-02 10:57:47.128	2026-02-02 10:57:47.128
cml522yd6000eumifhmfpkqfa	DiaMed / Bio-Rad	DIA	123 DiaMed / Bio-Rad Street, Industry City	+1-555-0005	info@dia.test	https://www.dia.test	CHF	Net 30	25	f	t	2026-02-02 10:57:47.131	2026-02-02 10:57:47.131
\.


--
-- Data for Name: SupplierContact; Type: TABLE DATA; Schema: inventory; Owner: postgres
--

COPY inventory."SupplierContact" (id, "supplierId", name, role, phone, mobile, email, notes, "isPrimary", "isActive", "createdAt", "updatedAt") FROM stdin;
cml522yda000gumifggzpb0w3	cml522ycu000aumifihofztd3	John Smith	Sales Manager	+1-555-0101	\N	john.smith@biorad.test	\N	t	t	2026-02-02 10:57:47.134	2026-02-02 10:57:47.134
cml522ydd000iumifrcmyiuvc	cml522ycu000aumifihofztd3	Sarah Johnson	Technical Support	+1-555-0102	\N	sarah.j@biorad.test	\N	f	t	2026-02-02 10:57:47.137	2026-02-02 10:57:47.137
cml522ydf000kumifyn5qfl55	cml522ycu000aumifihofztd3	Mike Wilson	Account Manager	+1-555-0103	\N	mike.w@biorad.test	\N	f	t	2026-02-02 10:57:47.14	2026-02-02 10:57:47.14
cml522ydi000mumifrl95ql7o	cml522ycx000bumifkshg1tap	Emily Davis	Sales Representative	+1-555-0201	\N	emily.d@ortho.test	\N	t	t	2026-02-02 10:57:47.142	2026-02-02 10:57:47.142
cml522ydl000oumifv1ad3hbd	cml522ycx000bumifkshg1tap	Robert Brown	Product Specialist	+1-555-0202	\N	robert.b@ortho.test	\N	f	t	2026-02-02 10:57:47.145	2026-02-02 10:57:47.145
cml522ydn000qumif0g9llygz	cml522ycx000bumifkshg1tap	Lisa Anderson	Customer Service	+1-555-0203	\N	lisa.a@ortho.test	\N	f	t	2026-02-02 10:57:47.148	2026-02-02 10:57:47.148
cml522ydq000sumifgb300gn1	cml522yd0000cumif2s439164	Carlos Rodriguez	Regional Manager	+34-555-0301	\N	carlos.r@grifols.test	\N	t	t	2026-02-02 10:57:47.15	2026-02-02 10:57:47.15
cml522yds000uumifr8ojku9b	cml522yd0000cumif2s439164	Maria Garcia	Technical Advisor	+34-555-0302	\N	maria.g@grifols.test	\N	f	t	2026-02-02 10:57:47.152	2026-02-02 10:57:47.152
cml522ydw000wumifvjprk83b	cml522yd0000cumif2s439164	Pablo Martinez	Logistics	+34-555-0303	\N	pablo.m@grifols.test	\N	f	t	2026-02-02 10:57:47.157	2026-02-02 10:57:47.157
cml522ydz000yumifit9p4ges	cml522yd4000dumif8gfjvrqr	Jennifer White	Account Executive	+1-555-0401	\N	jennifer.w@immucor.test	\N	t	t	2026-02-02 10:57:47.159	2026-02-02 10:57:47.159
cml522ye10010umifm1ilt8ek	cml522yd4000dumif8gfjvrqr	David Lee	Technical Support	+1-555-0402	\N	david.l@immucor.test	\N	f	t	2026-02-02 10:57:47.162	2026-02-02 10:57:47.162
cml522ye40012umifoaeoj5zp	cml522yd4000dumif8gfjvrqr	Amanda Taylor	Order Processing	+1-555-0403	\N	amanda.t@immucor.test	\N	f	t	2026-02-02 10:57:47.164	2026-02-02 10:57:47.164
cml522ye70014umif8f6u8jj1	cml522yd6000eumifhmfpkqfa	Thomas Mueller	Sales Director	+41-555-0501	\N	thomas.m@diamed.test	\N	t	t	2026-02-02 10:57:47.167	2026-02-02 10:57:47.167
cml522yea0016umif88o16blc	cml522yd6000eumifhmfpkqfa	Anna Schmidt	Quality Assurance	+41-555-0502	\N	anna.s@diamed.test	\N	f	t	2026-02-02 10:57:47.17	2026-02-02 10:57:47.17
cml522yec0018umif2cg6bmn6	cml522yd6000eumifhmfpkqfa	Peter Weber	Logistics Manager	+41-555-0503	\N	peter.w@diamed.test	\N	f	t	2026-02-02 10:57:47.173	2026-02-02 10:57:47.173
\.


--
-- Data for Name: SystemSettings; Type: TABLE DATA; Schema: inventory; Owner: postgres
--

COPY inventory."SystemSettings" (id, key, value, description, "mainHeaderName", "sidebarHeaderName", "logoUrl", "updatedAt") FROM stdin;
cmktq1q9m0001vikgg724dfd5	GENERAL_SETTINGS	{}	\N	השרון	מלאי ריאגנטים השרון	https://base44.app/api/apps/6874a8324a2629bd298ff240/files/4ce92c9d5_1000443909.jpg	2026-01-25 12:35:26.651
cmlnk8ge10000um7sfeuspm6d	consumption_method	barcode	\N	\N	\N	\N	2026-02-15 09:45:48.026
\.


--
-- Data for Name: WithdrawalItem; Type: TABLE DATA; Schema: inventory; Owner: postgres
--

COPY inventory."WithdrawalItem" (id, "withdrawalRequestId", "reagentId", "requestedQuantity", "approvedQuantity", "fulfilledQuantity", "unitPrice", "createdAt", "updatedAt") FROM stdin;
cmkv68eb10006viu51h94khwc	cmkv68eau0004viu5vhv0khnj	6874eea21c74e928bd66bafd	6	\N	0	\N	2026-01-26 12:56:17.773	2026-01-26 12:56:17.773
cmkzy0elx0003vierl5hob23i	cmkzy0eln0001viernwopjysm	6874eea21c74e928bd66bafd	5	\N	0	\N	2026-01-29 21:04:58.869	2026-01-29 21:04:58.869
cml522z5j00kaumif9rknbfcd	cml522z5h00k8umifav35h4uf	cml522yfq0028umifpqnm6bd2	6.75	6.75	5.0625	\N	2026-02-02 10:57:48.152	2026-02-02 10:57:48.152
cml522z5o00keumif1px4mz4w	cml522z5m00kcumify7bdt67g	cml522ygq002uumif2yplvldv	26.75	26.75	0	\N	2026-02-02 10:57:48.157	2026-02-02 10:57:48.157
cml522z5r00kgumifag07q098	cml522z5m00kcumify7bdt67g	cml522yen001gumifms17l7ah	6	6	0	\N	2026-02-02 10:57:48.159	2026-02-02 10:57:48.159
cml522z5v00kkumifqnfh5f5h	cml522z5t00kiumif9xifuw79	cml522yes001kumif307qs6ey	11.5	11.5	0	\N	2026-02-02 10:57:48.164	2026-02-02 10:57:48.164
cml522z5x00kmumifmomnm6nk	cml522z5t00kiumif9xifuw79	cml522yfv002cumifqa9yp5oe	8	8	0	\N	2026-02-02 10:57:48.166	2026-02-02 10:57:48.166
cml522z6000koumif1vlw884q	cml522z5t00kiumif9xifuw79	cml522yfy002eumifr2gw6o4i	8.5	8.5	0	\N	2026-02-02 10:57:48.168	2026-02-02 10:57:48.168
cml522z6400ksumifjd712ibo	cml522z6200kqumif14yqcqgk	cml522yf7001uumiftrmxe7o8	19.75	19.75	0	\N	2026-02-02 10:57:48.173	2026-02-02 10:57:48.173
cml522z6600kuumifk4gjo37m	cml522z6200kqumif14yqcqgk	cml522yfq0028umifpqnm6bd2	24.75	24.75	0	\N	2026-02-02 10:57:48.175	2026-02-02 10:57:48.175
cml522z6c00kyumifzitn7tjk	cml522z6900kwumiflkohlzym	cml522ygk002qumifqhs99ncp	19.25	\N	0	\N	2026-02-02 10:57:48.18	2026-02-02 10:57:48.18
cml522z6f00l0umiftnp0h6x5	cml522z6900kwumiflkohlzym	cml522yeq001iumifgaii9j95	21.25	\N	0	\N	2026-02-02 10:57:48.183	2026-02-02 10:57:48.183
cml522z6l00l4umifl81uknyh	cml522z6i00l2umifl1kwpuqn	cml522yf3001sumif4pywaqgq	10.75	10.75	0	\N	2026-02-02 10:57:48.189	2026-02-02 10:57:48.189
cml522z6n00l6umiffuwvqndl	cml522z6i00l2umifl1kwpuqn	cml522ygb002mumifnwqbuutw	10.5	10.5	0	\N	2026-02-02 10:57:48.191	2026-02-02 10:57:48.191
cml522z6p00l8umifcwivt84d	cml522z6i00l2umifl1kwpuqn	cml522yfc001yumiflk04iayj	5.5	5.5	0	\N	2026-02-02 10:57:48.193	2026-02-02 10:57:48.193
cml522z6v00lcumifqipad65q	cml522z6s00laumifya7dvpde	cml522yex001oumifhloh25wn	13.75	13.75	0	\N	2026-02-02 10:57:48.199	2026-02-02 10:57:48.199
cml522z7000lgumif3ef4pruj	cml522z6y00leumifxb2lv8b8	cml522yf3001sumif4pywaqgq	24.5	\N	0	\N	2026-02-02 10:57:48.205	2026-02-02 10:57:48.205
cml522z7200liumifdg8vjn1t	cml522z6y00leumifxb2lv8b8	cml522yen001gumifms17l7ah	23.75	\N	0	\N	2026-02-02 10:57:48.207	2026-02-02 10:57:48.207
cml522z7400lkumifrj9wxy71	cml522z6y00leumifxb2lv8b8	cml522yfn0026umif6kveddmj	28.75	\N	0	\N	2026-02-02 10:57:48.209	2026-02-02 10:57:48.209
cml522z7a00loumifatlc33u5	cml522z7700lmumif89d8032z	cml522ygq002uumif2yplvldv	30.25	\N	0	\N	2026-02-02 10:57:48.215	2026-02-02 10:57:48.215
cml522z7i00lsumif904y9ehx	cml522z7e00lqumiffyitppaa	cml522ygb002mumifnwqbuutw	9.5	9.5	9.5	\N	2026-02-02 10:57:48.222	2026-02-02 10:57:48.222
cml522z7p00lwumifw2pbhfjf	cml522z7m00luumifq7qmzjsn	cml522yfy002eumifr2gw6o4i	10.75	\N	0	\N	2026-02-02 10:57:48.229	2026-02-02 10:57:48.229
cml522z7q00lyumif9mvo3w43	cml522z7m00luumifq7qmzjsn	cml522yfq0028umifpqnm6bd2	16.25	\N	0	\N	2026-02-02 10:57:48.231	2026-02-02 10:57:48.231
cml522z7s00m0umifvxj7m42b	cml522z7m00luumifq7qmzjsn	cml522yeq001iumifgaii9j95	29.75	\N	0	\N	2026-02-02 10:57:48.233	2026-02-02 10:57:48.233
cml522z7x00m4umif8vkd9753	cml522z7v00m2umift2tuqs7x	cml522yf9001wumifrf4damoq	25.5	25.5	19.125	\N	2026-02-02 10:57:48.238	2026-02-02 10:57:48.238
cml522z7z00m6umifyb14o8hp	cml522z7v00m2umift2tuqs7x	cml522ygt002wumif53ke8fik	25.75	25.75	19.3125	\N	2026-02-02 10:57:48.24	2026-02-02 10:57:48.24
cml522z8500maumifhq4e4s7i	cml522z8200m8umifc9dxg9to	cml522yf9001wumifrf4damoq	30.75	\N	0	\N	2026-02-02 10:57:48.245	2026-02-02 10:57:48.245
cml522z8700mcumifzieasjrc	cml522z8200m8umifc9dxg9to	cml522yen001gumifms17l7ah	18.25	\N	0	\N	2026-02-02 10:57:48.247	2026-02-02 10:57:48.247
cml522z8b00mgumifhjxm9exz	cml522z8900meumif40mt4j0k	cml522ygq002uumif2yplvldv	8	8	0	\N	2026-02-02 10:57:48.252	2026-02-02 10:57:48.252
cml522z8e00miumiflw3md62q	cml522z8900meumif40mt4j0k	cml522yel001eumif2f9rz8wp	16	16	0	\N	2026-02-02 10:57:48.254	2026-02-02 10:57:48.254
cml522z8g00mkumift9yp9kjs	cml522z8900meumif40mt4j0k	cml522yfy002eumifr2gw6o4i	16.75	16.75	0	\N	2026-02-02 10:57:48.256	2026-02-02 10:57:48.256
cml522z8l00moumifwqqb5x4t	cml522z8j00mmumifn8mn0lvr	cml522ygq002uumif2yplvldv	28.25	28.25	21.1875	\N	2026-02-02 10:57:48.262	2026-02-02 10:57:48.262
cml522z8n00mqumif31hshqnh	cml522z8j00mmumifn8mn0lvr	cml522yes001kumif307qs6ey	22.75	22.75	17.0625	\N	2026-02-02 10:57:48.264	2026-02-02 10:57:48.264
\.


--
-- Data for Name: WithdrawalRequest; Type: TABLE DATA; Schema: inventory; Owner: postgres
--

COPY inventory."WithdrawalRequest" (id, "withdrawalNumber", "supplierId", "supplierSnapshot", "frameworkOrderId", status, "requestDate", "approvalDate", "completionDate", "totalValueRequested", "totalValueApproved", "requesterNotes", "approverNotes", "requestedById", "approvedById", "createdAt", "updatedAt") FROM stdin;
cmkv68eau0004viu5vhv0khnj	WD-000001	688205dd31dd7f098f48a208	BIORAD	cmkv68eaa0001viu5lrwhvp7x	SUBMITTED	2026-01-26 12:56:17.765	\N	\N	\N	\N	נוצר אוטומטית מהשלמות מלאי. דחיפות: routine	\N	\N	\N	2026-01-26 12:56:17.766	2026-01-26 12:56:17.766
cmkzy0eln0001viernwopjysm	WD-000002	688205dd31dd7f098f48a208	BIORAD	cmkv68eaa0001viu5lrwhvp7x	SUBMITTED	2026-01-29 21:04:58.858	\N	\N	\N	\N	נוצר אוטומטית מהשלמות מלאי. דחיפות: routine	\N	\N	\N	2026-01-29 21:04:58.858	2026-01-29 21:04:58.858
cml522z5h00k8umifav35h4uf	WDR-202602-0001	cml522yd0000cumif2s439164	Grifols	\N	SHIPPING	2025-12-08 17:13:46.797	2026-01-11 07:39:58.76	\N	\N	\N	QA Test Withdrawal 1	\N	\N	\N	2026-02-02 10:57:48.15	2026-02-02 10:57:48.15
cml522z5m00kcumify7bdt67g	WDR-202602-0002	cml522yd0000cumif2s439164	Grifols	\N	APPROVED	2026-01-26 16:10:59.27	2025-12-12 13:12:31.666	\N	\N	\N	QA Test Withdrawal 2	\N	\N	\N	2026-02-02 10:57:48.154	2026-02-02 10:57:48.154
cml522z5t00kiumif9xifuw79	WDR-202602-0003	cml522yd0000cumif2s439164	Grifols	\N	APPROVED	2025-12-09 15:47:44.571	2026-01-10 15:03:11.939	\N	\N	\N	QA Test Withdrawal 3	\N	\N	\N	2026-02-02 10:57:48.162	2026-02-02 10:57:48.162
cml522z6200kqumif14yqcqgk	WDR-202602-0004	cml522ycx000bumifkshg1tap	Ortho Clinical Diagnostics	\N	APPROVED	2025-11-26 14:24:24.909	2026-01-23 19:05:23.98	\N	\N	\N	QA Test Withdrawal 4	\N	\N	\N	2026-02-02 10:57:48.17	2026-02-02 10:57:48.17
cml522z6900kwumiflkohlzym	WDR-202602-0005	cml522yd0000cumif2s439164	Grifols	\N	DRAFT	2025-11-11 20:31:52.924	\N	\N	\N	\N	QA Test Withdrawal 5	\N	\N	\N	2026-02-02 10:57:48.178	2026-02-02 10:57:48.178
cml522z6i00l2umifl1kwpuqn	WDR-202602-0006	cml522ycx000bumifkshg1tap	Ortho Clinical Diagnostics	\N	APPROVED	2025-12-08 03:56:38.527	2025-12-19 22:55:24.299	\N	\N	\N	QA Test Withdrawal 6	\N	\N	\N	2026-02-02 10:57:48.187	2026-02-02 10:57:48.187
cml522z6s00laumifya7dvpde	WDR-202602-0007	cml522yd6000eumifhmfpkqfa	DiaMed / Bio-Rad	\N	APPROVED	2026-01-31 15:14:31.557	2026-01-11 20:00:07.387	\N	\N	\N	QA Test Withdrawal 7	\N	\N	\N	2026-02-02 10:57:48.196	2026-02-02 10:57:48.196
cml522z6y00leumifxb2lv8b8	WDR-202602-0008	cml522yd4000dumif8gfjvrqr	Immucor	\N	DRAFT	2025-12-15 20:18:03.733	\N	\N	\N	\N	QA Test Withdrawal 8	\N	\N	\N	2026-02-02 10:57:48.202	2026-02-02 10:57:48.202
cml522z7700lmumif89d8032z	WDR-202602-0009	cml522ycu000aumifihofztd3	Bio-Rad Laboratories	\N	SUBMITTED	2025-11-05 03:24:53.658	\N	\N	\N	\N	QA Test Withdrawal 9	\N	\N	\N	2026-02-02 10:57:48.212	2026-02-02 10:57:48.212
cml522z7e00lqumiffyitppaa	WDR-202602-0010	cml522yd0000cumif2s439164	Grifols	\N	CLOSED	2025-12-19 15:14:16.591	2026-01-24 07:40:17.601	2026-01-15 21:57:42.418	\N	\N	QA Test Withdrawal 10	\N	\N	\N	2026-02-02 10:57:48.218	2026-02-02 10:57:48.218
cml522z7m00luumifq7qmzjsn	WDR-202602-0011	cml522ycu000aumifihofztd3	Bio-Rad Laboratories	\N	CANCELLED	2026-01-21 04:03:32.557	\N	\N	\N	\N	QA Test Withdrawal 11	\N	\N	\N	2026-02-02 10:57:48.227	2026-02-02 10:57:48.227
cml522z7v00m2umift2tuqs7x	WDR-202602-0012	cml522yd0000cumif2s439164	Grifols	\N	SHIPPING	2026-01-20 16:35:21.176	2026-01-02 07:18:18.553	\N	\N	\N	QA Test Withdrawal 12	\N	\N	\N	2026-02-02 10:57:48.236	2026-02-02 10:57:48.236
cml522z8200m8umifc9dxg9to	WDR-202602-0013	cml522ycu000aumifihofztd3	Bio-Rad Laboratories	\N	DRAFT	2026-01-16 02:13:06.008	\N	\N	\N	\N	QA Test Withdrawal 13	\N	\N	\N	2026-02-02 10:57:48.243	2026-02-02 10:57:48.243
cml522z8900meumif40mt4j0k	WDR-202602-0014	cml522ycu000aumifihofztd3	Bio-Rad Laboratories	\N	APPROVED	2026-01-18 19:17:14.254	2026-01-08 21:25:34.966	\N	\N	\N	QA Test Withdrawal 14	\N	\N	\N	2026-02-02 10:57:48.25	2026-02-02 10:57:48.25
cml522z8j00mmumifn8mn0lvr	WDR-202602-0015	cml522yd6000eumifhmfpkqfa	DiaMed / Bio-Rad	\N	SHIPPING	2025-11-26 11:54:49.258	2025-12-19 23:16:58.767	\N	\N	\N	QA Test Withdrawal 15	\N	\N	\N	2026-02-02 10:57:48.259	2026-02-02 10:57:48.259
\.


--
-- Data for Name: app_users; Type: TABLE DATA; Schema: inventory; Owner: postgres
--

COPY inventory.app_users (id, email, name, password, role, "deviceFingerprint", "isActive", "lastLoginAt", "createdAt", "updatedAt") FROM stdin;
admin_id_placeholder	admin@flow-control.com	System Admin	$2b$10$0EakvOyH6Oqh5SBNNWhmPuRFbcGUnLkIR7XQDcW5OQ9f2CJQqE/WW	ADMIN	\N	t	\N	2026-01-25 12:35:26.619	2026-01-25 12:35:26.619
cmktq1q8y0000vikgdn4ivgp9	user@flow-control.com	Demo User	$2b$10$Vomu//Az0gdL5s3KnBgkA.TZSfQQF6egB5/fcRRupxaRKoC0a7uCq	USER	\N	t	\N	2026-01-25 12:35:26.627	2026-01-25 12:35:26.627
cml522ybt0000umif28tks2la	admin@flow.test	מנהל מערכת	$2b$10$uDKmMcpwAFhtY0Zs2ApJoeXDX3pvaOG3st8Z1rF022mRYqsr5DSGW	ADMIN	\N	t	\N	2026-02-02 10:57:47.082	2026-02-02 10:57:47.082
cml522yby0001umifndrk3i8k	manager1@flow.test	מנהל מעבדה ראשי	$2b$10$uDKmMcpwAFhtY0Zs2ApJoeXDX3pvaOG3st8Z1rF022mRYqsr5DSGW	MANAGER	\N	t	\N	2026-02-02 10:57:47.087	2026-02-02 10:57:47.087
cml522yc20002umifi3c66m9x	manager2@flow.test	מנהל מעבדה משני	$2b$10$uDKmMcpwAFhtY0Zs2ApJoeXDX3pvaOG3st8Z1rF022mRYqsr5DSGW	MANAGER	\N	t	\N	2026-02-02 10:57:47.091	2026-02-02 10:57:47.091
cml522yc60003umif4wlpx7l3	user1@flow.test	טכנאי מעבדה א	$2b$10$uDKmMcpwAFhtY0Zs2ApJoeXDX3pvaOG3st8Z1rF022mRYqsr5DSGW	USER	\N	t	\N	2026-02-02 10:57:47.095	2026-02-02 10:57:47.095
cml522yca0004umiflkrikykl	user2@flow.test	טכנאי מעבדה ב	$2b$10$uDKmMcpwAFhtY0Zs2ApJoeXDX3pvaOG3st8Z1rF022mRYqsr5DSGW	USER	\N	t	\N	2026-02-02 10:57:47.099	2026-02-02 10:57:47.099
cml522ycd0005umif3rvubhym	user3@flow.test	טכנאי מעבדה ג	$2b$10$uDKmMcpwAFhtY0Zs2ApJoeXDX3pvaOG3st8Z1rF022mRYqsr5DSGW	USER	\N	t	\N	2026-02-02 10:57:47.102	2026-02-02 10:57:47.102
cml522ycg0006umif6532amaa	user4@flow.test	טכנאי מעבדה ד	$2b$10$uDKmMcpwAFhtY0Zs2ApJoeXDX3pvaOG3st8Z1rF022mRYqsr5DSGW	USER	\N	t	\N	2026-02-02 10:57:47.105	2026-02-02 10:57:47.105
cml522ycj0007umif8pp3i9e1	user5@flow.test	טכנאי מעבדה ה	$2b$10$uDKmMcpwAFhtY0Zs2ApJoeXDX3pvaOG3st8Z1rF022mRYqsr5DSGW	USER	\N	t	\N	2026-02-02 10:57:47.108	2026-02-02 10:57:47.108
cml522yco0008umif9lkvopnc	readonly1@flow.test	קורא בלבד א	$2b$10$uDKmMcpwAFhtY0Zs2ApJoeXDX3pvaOG3st8Z1rF022mRYqsr5DSGW	READONLY	\N	t	\N	2026-02-02 10:57:47.112	2026-02-02 10:57:47.112
cml522ycq0009umifuernxzqi	readonly2@flow.test	קורא בלבד ב	$2b$10$uDKmMcpwAFhtY0Zs2ApJoeXDX3pvaOG3st8Z1rF022mRYqsr5DSGW	READONLY	\N	t	\N	2026-02-02 10:57:47.115	2026-02-02 10:57:47.115
cmlnjr8wd0000umhnkdxda9qg	test@test.com	Test	$2b$10$2khvGVEyjJTUqylgDaNHdODDkw2lFQHTZ0R2WHJUpbRhNxyRDkk9.	USER	\N	t	2026-02-15 09:32:25.358	2026-02-15 09:32:25.165	2026-02-15 09:32:25.359
6874a8334a2629bd298ff241	coriatel@gmail.com	Coriatel Admin	$2b$10$eof2sgEpLuGXt90ecxmXcuujsVUcS5.fvk4oOfcmlhljkQRHA4WP.	ADMIN	24bff8d1f002a1feb2c035492a6a8795c7fbbecbd121d176c0d1958907efcac3	t	2026-02-22 14:41:34.973	2026-01-25 12:35:26.633	2026-03-04 15:11:52.035
\.


--
-- Data for Name: refresh_tokens; Type: TABLE DATA; Schema: inventory; Owner: postgres
--

COPY inventory.refresh_tokens (id, user_id, token_hash, created_at, expires_at, revoked_at, replaced_by_token_hash, ip, user_agent, device_label) FROM stdin;
17cdbc7b-19ef-48ed-94d8-7b8d8cf2a629	6874a8334a2629bd298ff241	6eb5b5f389acba2b3bac7d2eae426a53d97edea1caa99dbee21aab7fd6ec5fc1	2026-02-15 09:27:20.491985+00	2026-03-17 09:27:20.49+00	\N	\N	\N	\N	\N
8cf9a3ae-ece1-4e7f-a35c-e93427050c24	6874a8334a2629bd298ff241	9db883c0cde807a967ea251c32786ddc578e9f527b62a8836da111c81a11b26e	2026-02-15 09:27:55.834296+00	2026-03-17 09:27:55.833+00	\N	\N	127.0.0.1	test	\N
575741b8-2b47-4df5-8d81-a84e4782f747	6874a8334a2629bd298ff241	8e01ee777751285ef95a499cee21229ab09fc5a204b7ff24a305ff1a558b3a9b	2026-02-15 09:29:23.956852+00	2026-03-17 09:29:23.953+00	\N	\N	::1	\N	\N
386d386c-5251-4d23-b93d-83bbbff10ab5	6874a8334a2629bd298ff241	12c9d49f11e70be0c5f5006bd500fafdfbc35afe00e2029a27aede40e114dcca	2026-02-15 09:30:56.106239+00	2026-03-17 09:30:56.105+00	\N	\N	::1	\N	\N
06ec6232-4964-4da1-9631-b90ee83340d2	cmlnjr8wd0000umhnkdxda9qg	c919a32a9bb47140607a9ea38d4be5a4f344b21bb7cd2d7ed7b2362812584b00	2026-02-15 09:32:25.373432+00	2026-03-17 09:32:25.372+00	\N	\N	127.0.0.1	curl/8.5.0	\N
4a25a17c-d584-4bb0-af77-9c4441c59338	6874a8334a2629bd298ff241	fdd82450c02634187b77290a75c6a82b90fdca7308d26b7ecc2ef4675b2e6256	2026-02-15 09:32:33.089665+00	2026-03-17 09:32:33.089+00	\N	\N	127.0.0.1	curl/8.5.0	\N
98c25bcc-481b-41a6-8fa1-e3e6d2cc7fda	6874a8334a2629bd298ff241	82ba7b9826584f602b4d9687931c58890d9f8cb6a5b89c93d14cc33ccb60b951	2026-02-15 09:32:40.602682+00	2026-03-17 09:32:40.601+00	\N	\N	127.0.0.1	curl/8.5.0	\N
50672d1a-606c-41dd-b6e5-6af8b3b0cfdc	6874a8334a2629bd298ff241	3105b05c99acf5f3dfc948d77f0af61cb56dae644a594837ed4a0121d89b37ff	2026-02-15 09:44:50.372886+00	2026-03-17 09:44:50.371+00	\N	\N	127.0.0.1	curl/8.5.0	\N
0b883d38-7ac5-43cb-8af5-817ed22c03f7	6874a8334a2629bd298ff241	3eca67e4560df3d06931eeb8b37fc2cfb93695acfe071807d05957bf1ca0c378	2026-02-15 09:45:48.004153+00	2026-03-17 09:45:48.003+00	\N	\N	127.0.0.1	curl/8.5.0	\N
c92937de-957e-46cf-9a6c-4cdbe23e663d	6874a8334a2629bd298ff241	1d3b4328e22865d3645987a864c95cfbd393f65c76a0bce76cf083e3ba93c4fc	2026-02-22 10:09:20.08343+00	2026-03-24 10:09:20.068+00	\N	\N	127.0.0.1	Python-urllib/3.12	\N
2dbe2ffb-0c26-4adc-8f79-a18f9c025b0b	6874a8334a2629bd298ff241	d69c06bd95761aec804ac41b95fc09d8f9a11fd001f7c247e09ab8155a7f5818	2026-02-22 10:16:05.621746+00	2026-03-24 10:16:05.62+00	2026-02-22 10:16:32.819+00	231817feaa37b47ddf39265fc2164e1fe7cdf479c2f887b2f11bebdf59732903	79.183.213.147	Mozilla/5.0 (Linux; Android 6.0; Nexus 5 Build/MRA58N) AppleWebKit/537.36 (KHTML, like Gecko) Chrome/144.0.0.0 Mobile Safari/537.36	\N
c674fa30-af82-47b1-802a-f79eca1ef406	6874a8334a2629bd298ff241	231817feaa37b47ddf39265fc2164e1fe7cdf479c2f887b2f11bebdf59732903	2026-02-22 10:16:32.82016+00	2026-03-24 10:16:32.819+00	2026-02-22 10:21:43.238+00	77017c78278e303a6367128cd7b726d0f49d99101fbd3d7d6d1492ca11a2c22e	79.183.213.147	Mozilla/5.0 (Windows NT 10.0; Win64; x64) AppleWebKit/537.36 (KHTML, like Gecko) Chrome/144.0.0.0 Safari/537.36	\N
a0fb2b6a-77d4-4b26-9dac-4afab39cc8ec	6874a8334a2629bd298ff241	9380ab3d6eeec53170fc2dc9d28c7ef31a83cdec2aa3d3174d9c1e3063f2bd4a	2026-02-22 10:31:18.674238+00	2026-03-24 10:31:18.67+00	\N	\N	72.62.59.160	Mozilla/5.0 (X11; Linux x86_64) AppleWebKit/537.36 (KHTML, like Gecko) HeadlessChrome/145.0.7632.6 Safari/537.36	\N
8a519ee1-ba94-46cb-83f1-90a49b646368	6874a8334a2629bd298ff241	c131b4250010f14836c7ce3be89c65340ffe5bcdb6b48b3058e215fd1a68b116	2026-02-22 10:31:53.895142+00	2026-03-24 10:31:53.894+00	\N	\N	72.62.59.160	Mozilla/5.0 (X11; Linux x86_64) AppleWebKit/537.36 (KHTML, like Gecko) HeadlessChrome/145.0.7632.6 Safari/537.36	\N
7ac81dea-8914-474b-8f9e-8a3d67101331	6874a8334a2629bd298ff241	60785a86dc62161ade624b031cde43b14113dcd19df00928647625ffc256eef8	2026-02-22 10:32:23.978916+00	2026-03-24 10:32:23.977+00	2026-02-22 10:32:31.914+00	086ba83b55d055b33e859043e3bc7d27d58847fda29afd7c0fddbb4389f58346	72.62.59.160	Mozilla/5.0 (X11; Linux x86_64) AppleWebKit/537.36 (KHTML, like Gecko) HeadlessChrome/145.0.7632.6 Safari/537.36	\N
f4cca793-0b06-4136-b9c2-37e7e51378d8	6874a8334a2629bd298ff241	086ba83b55d055b33e859043e3bc7d27d58847fda29afd7c0fddbb4389f58346	2026-02-22 10:32:31.914657+00	2026-03-24 10:32:31.914+00	\N	\N	72.62.59.160	Mozilla/5.0 (X11; Linux x86_64) AppleWebKit/537.36 (KHTML, like Gecko) HeadlessChrome/145.0.7632.6 Safari/537.36	\N
d4444a53-d8ed-4f6b-b677-ff88dfd7d921	6874a8334a2629bd298ff241	77017c78278e303a6367128cd7b726d0f49d99101fbd3d7d6d1492ca11a2c22e	2026-02-22 10:21:43.260169+00	2026-03-24 10:21:43.238+00	2026-02-22 11:09:15.237+00	74fe0c92bd852b371ecd7728b2a81584917868f6ab00d6085c00c13f1f361a95	79.183.213.147	Mozilla/5.0 (Windows NT 10.0; Win64; x64) AppleWebKit/537.36 (KHTML, like Gecko) Chrome/144.0.0.0 Safari/537.36	\N
7a224368-9e4b-4146-b37c-f83def69cc42	6874a8334a2629bd298ff241	74fe0c92bd852b371ecd7728b2a81584917868f6ab00d6085c00c13f1f361a95	2026-02-22 11:09:15.250602+00	2026-03-24 11:09:15.238+00	2026-02-22 11:09:45.144+00	e6387ee9ea25d05b734da8f5ea0947195b8a7969513f2c1fabb9b743e2455752	79.183.213.147	Mozilla/5.0 (Windows NT 10.0; Win64; x64) AppleWebKit/537.36 (KHTML, like Gecko) Chrome/144.0.0.0 Safari/537.36	\N
ff25db25-c4b7-4231-945e-e7e9acb3d9d2	6874a8334a2629bd298ff241	e6387ee9ea25d05b734da8f5ea0947195b8a7969513f2c1fabb9b743e2455752	2026-02-22 11:09:45.145611+00	2026-03-24 11:09:45.144+00	2026-02-22 11:11:06.343+00	c5689c4a658fe2da8f439a682b1ed94d05b6f4b436080605ad2e1c617bb46a40	79.183.213.147	Mozilla/5.0 (Windows NT 10.0; Win64; x64) AppleWebKit/537.36 (KHTML, like Gecko) Chrome/144.0.0.0 Safari/537.36	\N
0503b191-2bb0-4385-b35f-ac0ced3f1a76	6874a8334a2629bd298ff241	c5689c4a658fe2da8f439a682b1ed94d05b6f4b436080605ad2e1c617bb46a40	2026-02-22 11:11:06.344094+00	2026-03-24 11:11:06.343+00	2026-02-22 11:31:17.387+00	219a25927d63f06106bc0ff7379c18a6788c63971344fed1eba644d2f321a020	79.183.213.147	Mozilla/5.0 (Windows NT 10.0; Win64; x64) AppleWebKit/537.36 (KHTML, like Gecko) Chrome/144.0.0.0 Safari/537.36	\N
361d7e9e-cad8-4c3d-b324-2774a373cd90	6874a8334a2629bd298ff241	5cc2b4b24fcb153e4f839a83234f6e3e1ba38d4b5e50b82b55367c21f5537b9d	2026-02-22 14:41:34.985843+00	2026-03-24 14:41:34.985+00	2026-02-22 14:41:50.782+00	bd914a90bfe9f86b60a826626d029229f8075bdafc7adc5208f3c8759d968093	2.54.156.220	Mozilla/5.0 (X11; Linux x86_64) AppleWebKit/537.36 (KHTML, like Gecko) Chrome/144.0.0.0 Safari/537.36	\N
39b1de71-2165-4add-ab90-ff840ae60283	6874a8334a2629bd298ff241	bd914a90bfe9f86b60a826626d029229f8075bdafc7adc5208f3c8759d968093	2026-02-22 14:41:50.782438+00	2026-03-24 14:41:50.782+00	2026-02-23 09:43:10.072+00	25557932a5d7214e15cb95ca02495501d81a1777c1266080a2c1cb43d219e9fc	2.54.156.220	Mozilla/5.0 (Linux; Android 10; K) AppleWebKit/537.36 (KHTML, like Gecko) Chrome/144.0.0.0 Mobile Safari/537.36	\N
a4d80c41-0856-4a3e-938e-0d230cf3d0ac	6874a8334a2629bd298ff241	219a25927d63f06106bc0ff7379c18a6788c63971344fed1eba644d2f321a020	2026-02-22 11:31:17.410994+00	2026-03-24 11:31:17.387+00	2026-02-23 10:40:49.936+00	ae6bf714797d1452639a88af73c834b5c52e0b3d82528318e2bdfa6e425d5fbe	79.183.213.147	Mozilla/5.0 (Windows NT 10.0; Win64; x64) AppleWebKit/537.36 (KHTML, like Gecko) Chrome/144.0.0.0 Safari/537.36	\N
d9203972-ec95-4a05-95e1-564e19081fcb	6874a8334a2629bd298ff241	ae6bf714797d1452639a88af73c834b5c52e0b3d82528318e2bdfa6e425d5fbe	2026-02-23 10:40:49.947938+00	2026-03-25 10:40:49.936+00	2026-02-23 10:44:11.657+00	cb34f6c43521feca1052901f7585cebe9ab23eab9861813212bf3b5fea737ee4	81.199.149.242	Mozilla/5.0 (Windows NT 10.0; Win64; x64) AppleWebKit/537.36 (KHTML, like Gecko) Chrome/144.0.0.0 Safari/537.36	\N
663f52a8-8606-470f-94f4-7766b43c5461	6874a8334a2629bd298ff241	cb34f6c43521feca1052901f7585cebe9ab23eab9861813212bf3b5fea737ee4	2026-02-23 10:44:11.658733+00	2026-03-25 10:44:11.658+00	2026-02-23 10:45:01.385+00	3463e882b8d95d2f136958fb81057205c3fb2adbebb5e687cea4e41d438bedd2	81.199.149.242	Mozilla/5.0 (Windows NT 10.0; Win64; x64) AppleWebKit/537.36 (KHTML, like Gecko) Chrome/144.0.0.0 Safari/537.36	\N
3d45e82d-33af-44ff-bd19-7fe72a126b82	6874a8334a2629bd298ff241	3463e882b8d95d2f136958fb81057205c3fb2adbebb5e687cea4e41d438bedd2	2026-02-23 10:45:01.386462+00	2026-03-25 10:45:01.385+00	2026-02-23 10:47:12.905+00	e2ca5dfbad80cf95209b3abee34e9f65031fc3c50f6fbaebf9680e8224c903f7	81.199.149.242	Mozilla/5.0 (Windows NT 10.0; Win64; x64) AppleWebKit/537.36 (KHTML, like Gecko) Chrome/144.0.0.0 Safari/537.36	\N
82d7d4fc-63c0-410f-96a7-36000c1273a8	6874a8334a2629bd298ff241	e2ca5dfbad80cf95209b3abee34e9f65031fc3c50f6fbaebf9680e8224c903f7	2026-02-23 10:47:12.914569+00	2026-03-25 10:47:12.905+00	2026-02-23 14:58:03.104+00	b4a1a94c3f6cc737d4470859621eb3e90e9914eadad856a9bba14494b8a7477b	2.54.146.62	Mozilla/5.0 (Windows NT 10.0; Win64; x64) AppleWebKit/537.36 (KHTML, like Gecko) Chrome/144.0.0.0 Safari/537.36	\N
5e7ff51d-777f-4241-8a8a-6bf0147bcad9	6874a8334a2629bd298ff241	b4a1a94c3f6cc737d4470859621eb3e90e9914eadad856a9bba14494b8a7477b	2026-02-23 14:58:03.208776+00	2026-03-25 14:58:03.116+00	\N	\N	79.183.213.147	Mozilla/5.0 (Windows NT 10.0; Win64; x64) AppleWebKit/537.36 (KHTML, like Gecko) Chrome/144.0.0.0 Safari/537.36	\N
cbcc0534-142c-4d4b-982a-8a167d4d7f5e	6874a8334a2629bd298ff241	25557932a5d7214e15cb95ca02495501d81a1777c1266080a2c1cb43d219e9fc	2026-02-23 09:43:10.176789+00	2026-03-25 09:43:10.076+00	2026-03-04 15:11:47.932+00	ea39ff33374f91652e02bd3277dbe2790216dc91e1ef0da8d7905c80a7e98acb	2.54.146.62	Mozilla/5.0 (Linux; Android 10; K) AppleWebKit/537.36 (KHTML, like Gecko) Chrome/144.0.0.0 Mobile Safari/537.36	\N
7991d705-6c2c-4953-8753-94fb16537374	6874a8334a2629bd298ff241	ea39ff33374f91652e02bd3277dbe2790216dc91e1ef0da8d7905c80a7e98acb	2026-03-04 15:11:47.942518+00	2026-04-03 15:11:47.939+00	2026-03-04 15:15:00.274+00	f6a6eecf52f34417a3ffdc41abc19bc2a791af5b926103364fa567f09165b9ef	2.54.160.2	Mozilla/5.0 (Linux; Android 10; K) AppleWebKit/537.36 (KHTML, like Gecko) Chrome/145.0.0.0 Mobile Safari/537.36	\N
65166441-b76c-4240-a6be-499a747e9f57	6874a8334a2629bd298ff241	f6a6eecf52f34417a3ffdc41abc19bc2a791af5b926103364fa567f09165b9ef	2026-03-04 15:15:00.275228+00	2026-04-03 15:15:00.274+00	2026-03-04 16:31:34.661+00	14dc22c0a9fa83048b29f82d011f1f1cf71f052916cd68769356d1621fabba8e	2.54.160.2	Mozilla/5.0 (Linux; Android 10; K) AppleWebKit/537.36 (KHTML, like Gecko) Chrome/145.0.0.0 Mobile Safari/537.36	\N
418314d9-a2dd-480f-9e26-a9c50aa6d4e4	6874a8334a2629bd298ff241	14dc22c0a9fa83048b29f82d011f1f1cf71f052916cd68769356d1621fabba8e	2026-03-04 16:31:34.749981+00	2026-04-03 16:31:34.672+00	2026-03-04 18:22:34.641+00	4f41669ffda8a341413b8b9c82c67420dc87b2785b326db9cac78667c37677d1	2.54.160.2	Mozilla/5.0 (Linux; Android 10; K) AppleWebKit/537.36 (KHTML, like Gecko) Chrome/145.0.0.0 Mobile Safari/537.36	\N
628e8b31-1261-41da-b2b2-2cc9dbb632c4	6874a8334a2629bd298ff241	4f41669ffda8a341413b8b9c82c67420dc87b2785b326db9cac78667c37677d1	2026-03-04 18:22:34.770119+00	2026-04-03 18:22:34.664+00	2026-03-04 18:22:40.044+00	a57f8e6bb0c39ab1d914a107a5e7d5873d5647f4d4492bf673516671689dcb85	2.54.160.2	Mozilla/5.0 (Linux; Android 10; K) AppleWebKit/537.36 (KHTML, like Gecko) Chrome/145.0.0.0 Mobile Safari/537.36	\N
6704fc18-19b2-43de-9ba9-a6b5eea3a7b6	6874a8334a2629bd298ff241	a57f8e6bb0c39ab1d914a107a5e7d5873d5647f4d4492bf673516671689dcb85	2026-03-04 18:22:40.045764+00	2026-04-03 18:22:40.045+00	\N	\N	2.54.160.2	Mozilla/5.0 (Linux; Android 10; K) AppleWebKit/537.36 (KHTML, like Gecko) Chrome/145.0.0.0 Mobile Safari/537.36	\N
\.


--
-- Data for Name: app_users; Type: TABLE DATA; Schema: public; Owner: directus
--

COPY public.app_users (id, google_id, email, display_name, avatar_url, last_login, name, password, role, "deviceFingerprint", "isActive", "lastLoginAt", "createdAt", "updatedAt") FROM stdin;
2	115331540476748926610	merkazneshama@gmail.com	מרכז נשמה קורסים	https://lh3.googleusercontent.com/a/ACg8ocIwN5TK59yhV4C2m_n-aN84A4VTFDDJ0430SIFJ6mZ994fb8w=s96-c	2026-02-01 11:59:06.1	מרכז נשמה קורסים	\N	USER	\N	t	2026-02-01 11:59:06.1	2026-02-02 14:45:11.553477	\N
3	116903653480259705125	heba.abumock@gmail.com	Heba Abumock	https://lh3.googleusercontent.com/a/ACg8ocISuGR6-lGqGHysWo0U_GTDxQzF54jSBdS3xjl0CqBRxtBrpA=s96-c	2026-03-06 07:05:05.573	Heba Abumock	\N	USER	\N	t	2026-02-01 14:15:51.739	2026-02-02 14:45:11.553477	\N
1	115590782165341616989	coriatel@gmail.com	אלרון קוריאט	https://lh3.googleusercontent.com/a/ACg8ocJhYAoJQUmAtciQyRs0CKmLu8rO8n-0ETfYkuKGlO4-h29s11yp=s96-c	2026-03-08 11:41:05.184	Coriatel Admin	$2b$10$eof2sgEpLuGXt90ecxmXcuujsVUcS5.fvk4oOfcmlhljkQRHA4WP.	ADMIN	\N	t	2026-02-01 15:49:55.69	2026-02-02 14:45:11.553477	2026-02-12 09:17:13.036399
\.


--
-- Data for Name: auth_audit; Type: TABLE DATA; Schema: public; Owner: postgres
--

COPY public.auth_audit (id, user_id, email, provider, success, reason, ip, user_agent, created_at) FROM stdin;
28f27989-e633-4ce5-a2b4-a27152ca7de8	\N	coriatel@gmail.com	local	f	invalid_credentials	79.178.42.98	Mozilla/5.0 (Windows NT 10.0; Win64; x64) AppleWebKit/537.36 (KHTML, like Gecko) Chrome/143.0.0.0 Safari/537.36	2026-01-19 15:33:56.715185+00
63a979ed-65cd-475c-aa1d-1a9254aae6de	45fbe88b-0b89-4be6-8118-36f1525b0ed2	coriatel@gmail.com	google	t	\N	79.178.42.98	Mozilla/5.0 (Windows NT 10.0; Win64; x64) AppleWebKit/537.36 (KHTML, like Gecko) Chrome/143.0.0.0 Safari/537.36	2026-01-19 15:34:04.850819+00
b0bcf192-257d-4a39-8fd5-8cbb4f8833a3	45fbe88b-0b89-4be6-8118-36f1525b0ed2	coriatel@gmail.com	google	t	\N	79.178.42.98	Mozilla/5.0 (Windows NT 10.0; Win64; x64) AppleWebKit/537.36 (KHTML, like Gecko) Chrome/143.0.0.0 Safari/537.36	2026-01-19 17:38:57.566821+00
ad0576cc-3edd-415d-9110-0a9eddc4390a	\N	coriatel@gmail.com	local	f	invalid_credentials	141.226.89.227	Mozilla/5.0 (Linux; Android 10; K) AppleWebKit/537.36 (KHTML, like Gecko) Chrome/143.0.0.0 Mobile Safari/537.36	2026-01-21 15:37:01.326983+00
0ae22767-a78c-4ad2-bd8b-882469df4f31	\N	coriatel@gmail.com	local	f	invalid_credentials	80.246.130.170	Mozilla/5.0 (Linux; Android 10; K) AppleWebKit/537.36 (KHTML, like Gecko) Chrome/143.0.0.0 Mobile Safari/537.36	2026-01-22 10:39:25.783024+00
44e12f1d-2c83-4b67-9c03-8c0dc49d11c5	\N	coriatel@gmail.com	local	f	invalid_credentials	80.246.130.170	Mozilla/5.0 (Linux; Android 10; K) AppleWebKit/537.36 (KHTML, like Gecko) Chrome/143.0.0.0 Mobile Safari/537.36	2026-01-22 10:39:30.488088+00
5e4049e4-04d3-497a-9bc6-3008a77e191b	\N	coriatel@gmail.com	local	f	invalid_credentials	80.246.130.170	Mozilla/5.0 (Linux; Android 10; K) AppleWebKit/537.36 (KHTML, like Gecko) Chrome/143.0.0.0 Mobile Safari/537.36	2026-01-22 10:39:49.367704+00
70325220-47a8-4256-bbd1-a3c7041f1a34	45fbe88b-0b89-4be6-8118-36f1525b0ed2	coriatel@gmail.com	google	t	\N	80.246.130.170	Mozilla/5.0 (Linux; Android 10; K) AppleWebKit/537.36 (KHTML, like Gecko) Chrome/143.0.0.0 Mobile Safari/537.36	2026-01-22 10:39:57.157894+00
9b0f884f-d268-4ba2-8c91-96abbe797a7f	\N	coriatel@gmail.com	local	f	invalid_credentials	2.54.158.62	Mozilla/5.0 (Linux; Android 10; K) AppleWebKit/537.36 (KHTML, like Gecko) Chrome/144.0.0.0 Mobile Safari/537.36	2026-02-12 06:33:23.194239+00
a8bb2112-9127-4373-abf9-5b79eb3bc5d7	45fbe88b-0b89-4be6-8118-36f1525b0ed2	coriatel@gmail.com	google	t	\N	2.54.158.62	Mozilla/5.0 (Linux; Android 10; K) AppleWebKit/537.36 (KHTML, like Gecko) Chrome/144.0.0.0 Mobile Safari/537.36	2026-02-12 06:33:30.433808+00
79b2215f-6a62-4706-855c-cdb994fa1a7c	\N	coriatel@gmail.com	local	f	invalid_credentials	72.62.59.160	curl/8.5.0	2026-02-12 06:42:30.413301+00
08692869-b00f-4d7a-80d4-0b905d84961c	45fbe88b-0b89-4be6-8118-36f1525b0ed2	coriatel@gmail.com	local	t	\N	72.62.59.160	curl/8.5.0	2026-02-12 06:42:36.143347+00
9ba40b3e-311c-4df4-a297-5fda375f61fd	45fbe88b-0b89-4be6-8118-36f1525b0ed2	coriatel@gmail.com	local	t	\N	72.62.59.160	curl/8.5.0	2026-02-12 06:55:36.538575+00
a9cb057e-f9d3-4606-8f01-748853ecea99	45fbe88b-0b89-4be6-8118-36f1525b0ed2	coriatel@gmail.com	local	t	\N	72.62.59.160	curl/8.5.0	2026-02-12 06:55:42.124105+00
09e9022b-47a8-4f93-9d86-99e41a1c7749	45fbe88b-0b89-4be6-8118-36f1525b0ed2	coriatel@gmail.com	local	t	\N	2.54.158.62	Mozilla/5.0 (Linux; Android 10; K) AppleWebKit/537.36 (KHTML, like Gecko) Chrome/144.0.0.0 Mobile Safari/537.36	2026-02-12 06:59:39.723948+00
7c950a0f-aa0a-4e63-9f35-13ab32be88a3	45fbe88b-0b89-4be6-8118-36f1525b0ed2	coriatel@gmail.com	local	t	\N	72.62.59.160	curl/8.5.0	2026-02-12 07:04:15.484202+00
\.


--
-- Data for Name: directus_access; Type: TABLE DATA; Schema: public; Owner: postgres
--

COPY public.directus_access (id, role, "user", policy, sort) FROM stdin;
08a43359-686e-4c09-8bb9-e1ca7ae8a62b	\N	\N	abf8a154-5b1c-4a46-ac9c-7300570f4f17	1
b4ca4146-c014-4bc0-a047-70b5df5e3b1d	debc365a-7e1d-40c1-8357-4fe6cebd4248	\N	7d228e58-12b4-4640-859e-2742bf77b128	\N
\.


--
-- Data for Name: directus_activity; Type: TABLE DATA; Schema: public; Owner: postgres
--

COPY public.directus_activity (id, action, "user", "timestamp", ip, user_agent, collection, item, origin) FROM stdin;
1	login	21572cc5-1e4a-461b-ac2a-4f9248e3abdd	2026-01-29 14:25:45.498+00	172.22.0.1	axios/1.13.4	directus_users	21572cc5-1e4a-461b-ac2a-4f9248e3abdd	\N
2	create	21572cc5-1e4a-461b-ac2a-4f9248e3abdd	2026-01-29 14:25:45.876+00	172.22.0.1	axios/1.13.4	directus_fields	1	\N
3	create	21572cc5-1e4a-461b-ac2a-4f9248e3abdd	2026-01-29 14:25:45.883+00	172.22.0.1	axios/1.13.4	directus_collections	app_users	\N
4	create	21572cc5-1e4a-461b-ac2a-4f9248e3abdd	2026-01-29 14:25:45.962+00	172.22.0.1	axios/1.13.4	directus_fields	2	\N
5	create	21572cc5-1e4a-461b-ac2a-4f9248e3abdd	2026-01-29 14:25:46.051+00	172.22.0.1	axios/1.13.4	directus_fields	3	\N
6	create	21572cc5-1e4a-461b-ac2a-4f9248e3abdd	2026-01-29 14:25:46.129+00	172.22.0.1	axios/1.13.4	directus_fields	4	\N
7	create	21572cc5-1e4a-461b-ac2a-4f9248e3abdd	2026-01-29 14:25:46.192+00	172.22.0.1	axios/1.13.4	directus_fields	5	\N
8	create	21572cc5-1e4a-461b-ac2a-4f9248e3abdd	2026-01-29 14:25:46.249+00	172.22.0.1	axios/1.13.4	directus_fields	6	\N
9	create	21572cc5-1e4a-461b-ac2a-4f9248e3abdd	2026-01-29 14:25:46.26+00	172.22.0.1	axios/1.13.4	directus_collections	teams	\N
10	create	21572cc5-1e4a-461b-ac2a-4f9248e3abdd	2026-01-29 14:25:46.389+00	172.22.0.1	axios/1.13.4	directus_fields	7	\N
11	create	21572cc5-1e4a-461b-ac2a-4f9248e3abdd	2026-01-29 14:25:46.452+00	172.22.0.1	axios/1.13.4	directus_fields	8	\N
12	create	21572cc5-1e4a-461b-ac2a-4f9248e3abdd	2026-01-29 14:25:46.501+00	172.22.0.1	axios/1.13.4	directus_fields	9	\N
13	create	21572cc5-1e4a-461b-ac2a-4f9248e3abdd	2026-01-29 14:25:46.505+00	172.22.0.1	axios/1.13.4	directus_collections	memberships	\N
14	create	21572cc5-1e4a-461b-ac2a-4f9248e3abdd	2026-01-29 14:25:46.546+00	172.22.0.1	axios/1.13.4	directus_fields	10	\N
15	create	21572cc5-1e4a-461b-ac2a-4f9248e3abdd	2026-01-29 14:25:46.585+00	172.22.0.1	axios/1.13.4	directus_fields	11	\N
16	create	21572cc5-1e4a-461b-ac2a-4f9248e3abdd	2026-01-29 14:25:46.635+00	172.22.0.1	axios/1.13.4	directus_fields	12	\N
17	create	21572cc5-1e4a-461b-ac2a-4f9248e3abdd	2026-01-29 14:25:46.689+00	172.22.0.1	axios/1.13.4	directus_fields	13	\N
18	create	21572cc5-1e4a-461b-ac2a-4f9248e3abdd	2026-01-29 14:25:46.694+00	172.22.0.1	axios/1.13.4	directus_collections	invites	\N
19	create	21572cc5-1e4a-461b-ac2a-4f9248e3abdd	2026-01-29 14:25:46.731+00	172.22.0.1	axios/1.13.4	directus_fields	14	\N
20	create	21572cc5-1e4a-461b-ac2a-4f9248e3abdd	2026-01-29 14:25:46.78+00	172.22.0.1	axios/1.13.4	directus_fields	15	\N
21	create	21572cc5-1e4a-461b-ac2a-4f9248e3abdd	2026-01-29 14:25:46.821+00	172.22.0.1	axios/1.13.4	directus_fields	16	\N
22	create	21572cc5-1e4a-461b-ac2a-4f9248e3abdd	2026-01-29 14:25:46.858+00	172.22.0.1	axios/1.13.4	directus_fields	17	\N
23	create	21572cc5-1e4a-461b-ac2a-4f9248e3abdd	2026-01-29 14:25:46.904+00	172.22.0.1	axios/1.13.4	directus_fields	18	\N
24	create	21572cc5-1e4a-461b-ac2a-4f9248e3abdd	2026-01-29 14:25:46.908+00	172.22.0.1	axios/1.13.4	directus_collections	reagents	\N
25	create	21572cc5-1e4a-461b-ac2a-4f9248e3abdd	2026-01-29 14:25:46.946+00	172.22.0.1	axios/1.13.4	directus_fields	19	\N
26	create	21572cc5-1e4a-461b-ac2a-4f9248e3abdd	2026-01-29 14:25:46.993+00	172.22.0.1	axios/1.13.4	directus_fields	20	\N
27	create	21572cc5-1e4a-461b-ac2a-4f9248e3abdd	2026-01-29 14:25:47.046+00	172.22.0.1	axios/1.13.4	directus_fields	21	\N
28	create	21572cc5-1e4a-461b-ac2a-4f9248e3abdd	2026-01-29 14:25:47.096+00	172.22.0.1	axios/1.13.4	directus_fields	22	\N
29	create	21572cc5-1e4a-461b-ac2a-4f9248e3abdd	2026-01-29 14:25:47.141+00	172.22.0.1	axios/1.13.4	directus_fields	23	\N
30	create	21572cc5-1e4a-461b-ac2a-4f9248e3abdd	2026-01-29 14:25:47.186+00	172.22.0.1	axios/1.13.4	directus_fields	24	\N
31	create	21572cc5-1e4a-461b-ac2a-4f9248e3abdd	2026-01-29 14:25:47.239+00	172.22.0.1	axios/1.13.4	directus_fields	25	\N
32	create	21572cc5-1e4a-461b-ac2a-4f9248e3abdd	2026-01-29 14:25:47.296+00	172.22.0.1	axios/1.13.4	directus_fields	26	\N
33	create	21572cc5-1e4a-461b-ac2a-4f9248e3abdd	2026-01-29 14:25:47.301+00	172.22.0.1	axios/1.13.4	directus_collections	notes	\N
34	create	21572cc5-1e4a-461b-ac2a-4f9248e3abdd	2026-01-29 14:25:47.355+00	172.22.0.1	axios/1.13.4	directus_fields	27	\N
35	create	21572cc5-1e4a-461b-ac2a-4f9248e3abdd	2026-01-29 14:25:47.476+00	172.22.0.1	axios/1.13.4	directus_fields	28	\N
36	create	21572cc5-1e4a-461b-ac2a-4f9248e3abdd	2026-01-29 14:25:47.523+00	172.22.0.1	axios/1.13.4	directus_fields	29	\N
37	create	21572cc5-1e4a-461b-ac2a-4f9248e3abdd	2026-01-29 14:25:47.572+00	172.22.0.1	axios/1.13.4	directus_fields	30	\N
38	create	21572cc5-1e4a-461b-ac2a-4f9248e3abdd	2026-01-29 14:25:47.575+00	172.22.0.1	axios/1.13.4	directus_collections	settings	\N
39	create	21572cc5-1e4a-461b-ac2a-4f9248e3abdd	2026-01-29 14:25:47.618+00	172.22.0.1	axios/1.13.4	directus_fields	31	\N
40	create	21572cc5-1e4a-461b-ac2a-4f9248e3abdd	2026-01-29 14:25:47.668+00	172.22.0.1	axios/1.13.4	directus_fields	32	\N
41	create	21572cc5-1e4a-461b-ac2a-4f9248e3abdd	2026-01-29 14:25:47.721+00	172.22.0.1	axios/1.13.4	directus_fields	33	\N
42	create	21572cc5-1e4a-461b-ac2a-4f9248e3abdd	2026-01-29 14:25:47.781+00	172.22.0.1	axios/1.13.4	directus_fields	34	\N
43	create	21572cc5-1e4a-461b-ac2a-4f9248e3abdd	2026-01-29 14:25:47.784+00	172.22.0.1	axios/1.13.4	directus_collections	push_subscriptions	\N
44	create	21572cc5-1e4a-461b-ac2a-4f9248e3abdd	2026-01-29 14:25:47.82+00	172.22.0.1	axios/1.13.4	directus_fields	35	\N
45	create	21572cc5-1e4a-461b-ac2a-4f9248e3abdd	2026-01-29 14:25:47.859+00	172.22.0.1	axios/1.13.4	directus_fields	36	\N
46	create	21572cc5-1e4a-461b-ac2a-4f9248e3abdd	2026-01-29 14:25:47.897+00	172.22.0.1	axios/1.13.4	directus_fields	37	\N
47	login	21572cc5-1e4a-461b-ac2a-4f9248e3abdd	2026-01-29 14:44:16.689+00	172.22.0.1	axios/1.13.4	directus_users	21572cc5-1e4a-461b-ac2a-4f9248e3abdd	\N
48	login	21572cc5-1e4a-461b-ac2a-4f9248e3abdd	2026-01-29 14:46:04.215+00	172.22.0.1	axios/1.13.4	directus_users	21572cc5-1e4a-461b-ac2a-4f9248e3abdd	\N
49	login	21572cc5-1e4a-461b-ac2a-4f9248e3abdd	2026-01-29 14:48:04.398+00	172.22.0.1	axios/1.13.4	directus_users	21572cc5-1e4a-461b-ac2a-4f9248e3abdd	\N
50	login	21572cc5-1e4a-461b-ac2a-4f9248e3abdd	2026-01-30 09:30:15.998+00	172.22.0.1	Python-urllib/3.12	directus_users	21572cc5-1e4a-461b-ac2a-4f9248e3abdd	\N
51	create	21572cc5-1e4a-461b-ac2a-4f9248e3abdd	2026-01-30 09:30:16.489+00	172.22.0.1	Python-urllib/3.12	directus_users	22d4c7ba-704c-4f84-97f2-651220a231c0	\N
52	login	22d4c7ba-704c-4f84-97f2-651220a231c0	2026-01-30 09:31:08.394+00	2.54.5.157	Mozilla/5.0 (Windows NT 10.0; Win64; x64) AppleWebKit/537.36 (KHTML, like Gecko) Chrome/143.0.0.0 Safari/537.36	directus_users	22d4c7ba-704c-4f84-97f2-651220a231c0	https://db.coriathost.cloud
53	update	22d4c7ba-704c-4f84-97f2-651220a231c0	2026-01-30 09:32:33.236+00	2.54.5.157	Mozilla/5.0 (Windows NT 10.0; Win64; x64) AppleWebKit/537.36 (KHTML, like Gecko) Chrome/143.0.0.0 Safari/537.36	directus_settings	1	https://db.coriathost.cloud
54	update	22d4c7ba-704c-4f84-97f2-651220a231c0	2026-01-30 09:34:11.151+00	2.54.5.157	Mozilla/5.0 (Windows NT 10.0; Win64; x64) AppleWebKit/537.36 (KHTML, like Gecko) Chrome/143.0.0.0 Safari/537.36	directus_users	22d4c7ba-704c-4f84-97f2-651220a231c0	https://db.coriathost.cloud
55	login	21572cc5-1e4a-461b-ac2a-4f9248e3abdd	2026-02-01 11:29:27.594+00	172.22.0.1	Python-urllib/3.12	directus_users	21572cc5-1e4a-461b-ac2a-4f9248e3abdd	\N
56	login	21572cc5-1e4a-461b-ac2a-4f9248e3abdd	2026-02-01 11:29:57.899+00	172.22.0.1	Python-urllib/3.12	directus_users	21572cc5-1e4a-461b-ac2a-4f9248e3abdd	\N
57	login	21572cc5-1e4a-461b-ac2a-4f9248e3abdd	2026-02-01 11:30:03.994+00	172.22.0.1	Python-urllib/3.12	directus_users	21572cc5-1e4a-461b-ac2a-4f9248e3abdd	\N
58	login	21572cc5-1e4a-461b-ac2a-4f9248e3abdd	2026-02-01 11:30:09.116+00	172.22.0.1	Python-urllib/3.12	directus_users	21572cc5-1e4a-461b-ac2a-4f9248e3abdd	\N
171	update	21572cc5-1e4a-461b-ac2a-4f9248e3abdd	2026-03-08 11:40:14.674+00	172.18.0.6	node	teams	3	\N
59	login	21572cc5-1e4a-461b-ac2a-4f9248e3abdd	2026-02-01 11:30:21.399+00	172.22.0.1	Python-urllib/3.12	directus_users	21572cc5-1e4a-461b-ac2a-4f9248e3abdd	\N
60	update	21572cc5-1e4a-461b-ac2a-4f9248e3abdd	2026-02-01 11:30:21.785+00	172.22.0.1	curl/8.5.0	directus_users	21572cc5-1e4a-461b-ac2a-4f9248e3abdd	\N
61	create	21572cc5-1e4a-461b-ac2a-4f9248e3abdd	2026-02-01 11:51:02.666+00	172.22.0.4	node	app_users	1	\N
62	update	21572cc5-1e4a-461b-ac2a-4f9248e3abdd	2026-02-01 11:58:31.889+00	172.22.0.4	node	app_users	1	\N
63	update	21572cc5-1e4a-461b-ac2a-4f9248e3abdd	2026-02-01 11:58:37.749+00	172.22.0.4	node	app_users	1	\N
64	update	21572cc5-1e4a-461b-ac2a-4f9248e3abdd	2026-02-01 11:58:43.493+00	172.22.0.4	node	app_users	1	\N
65	create	21572cc5-1e4a-461b-ac2a-4f9248e3abdd	2026-02-01 11:59:06.109+00	172.22.0.4	node	app_users	2	\N
66	update	21572cc5-1e4a-461b-ac2a-4f9248e3abdd	2026-02-01 12:57:51.898+00	172.22.0.4	node	app_users	1	\N
67	create	21572cc5-1e4a-461b-ac2a-4f9248e3abdd	2026-02-01 12:57:51.936+00	172.22.0.4	node	teams	1	\N
68	create	21572cc5-1e4a-461b-ac2a-4f9248e3abdd	2026-02-01 12:57:51.959+00	172.22.0.4	node	memberships	1	\N
69	update	21572cc5-1e4a-461b-ac2a-4f9248e3abdd	2026-02-01 12:58:16.867+00	172.22.0.4	node	app_users	1	\N
70	login	22d4c7ba-704c-4f84-97f2-651220a231c0	2026-02-01 13:04:46.169+00	2.54.179.62	Mozilla/5.0 (Linux; Android 10; K) AppleWebKit/537.36 (KHTML, like Gecko) Chrome/144.0.0.0 Mobile Safari/537.36	directus_users	22d4c7ba-704c-4f84-97f2-651220a231c0	https://db.coriathost.cloud
71	update	21572cc5-1e4a-461b-ac2a-4f9248e3abdd	2026-02-01 13:10:15.942+00	172.22.0.4	node	app_users	1	\N
72	create	21572cc5-1e4a-461b-ac2a-4f9248e3abdd	2026-02-01 13:10:16.659+00	172.22.0.4	node	settings	1	\N
73	update	21572cc5-1e4a-461b-ac2a-4f9248e3abdd	2026-02-01 13:10:22.386+00	172.22.0.4	node	app_users	1	\N
74	create	21572cc5-1e4a-461b-ac2a-4f9248e3abdd	2026-02-01 13:51:05.217+00	172.22.0.4	node	reagents	1	\N
75	update	21572cc5-1e4a-461b-ac2a-4f9248e3abdd	2026-02-01 13:52:41.846+00	172.22.0.4	node	app_users	1	\N
76	create	21572cc5-1e4a-461b-ac2a-4f9248e3abdd	2026-02-01 14:15:51.753+00	172.22.0.4	node	app_users	3	\N
77	create	21572cc5-1e4a-461b-ac2a-4f9248e3abdd	2026-02-01 14:15:51.799+00	172.22.0.4	node	teams	2	\N
78	create	21572cc5-1e4a-461b-ac2a-4f9248e3abdd	2026-02-01 14:15:51.845+00	172.22.0.4	node	memberships	2	\N
79	create	21572cc5-1e4a-461b-ac2a-4f9248e3abdd	2026-02-01 14:15:52.248+00	172.22.0.4	node	settings	2	\N
80	update	21572cc5-1e4a-461b-ac2a-4f9248e3abdd	2026-02-01 14:16:52.817+00	172.22.0.4	node	app_users	1	\N
81	update	21572cc5-1e4a-461b-ac2a-4f9248e3abdd	2026-02-01 14:16:54.544+00	172.22.0.4	node	app_users	1	\N
82	update	21572cc5-1e4a-461b-ac2a-4f9248e3abdd	2026-02-01 14:51:49.907+00	172.22.0.4	node	app_users	1	\N
83	delete	21572cc5-1e4a-461b-ac2a-4f9248e3abdd	2026-02-01 14:52:17.242+00	172.22.0.4	node	reagents	1	\N
84	update	21572cc5-1e4a-461b-ac2a-4f9248e3abdd	2026-02-01 15:00:02.557+00	172.22.0.4	node	app_users	1	\N
85	create	21572cc5-1e4a-461b-ac2a-4f9248e3abdd	2026-02-01 15:00:19.924+00	172.22.0.4	node	reagents	2	\N
86	update	21572cc5-1e4a-461b-ac2a-4f9248e3abdd	2026-02-01 15:00:48.389+00	172.22.0.4	node	reagents	2	\N
87	update	21572cc5-1e4a-461b-ac2a-4f9248e3abdd	2026-02-01 15:00:51.867+00	172.22.0.4	node	reagents	2	\N
88	delete	21572cc5-1e4a-461b-ac2a-4f9248e3abdd	2026-02-01 15:04:43.827+00	172.22.0.4	node	reagents	2	\N
89	update	21572cc5-1e4a-461b-ac2a-4f9248e3abdd	2026-02-01 15:49:55.7+00	172.22.0.4	node	app_users	1	\N
90	create	21572cc5-1e4a-461b-ac2a-4f9248e3abdd	2026-02-01 15:50:27.582+00	172.22.0.4	node	reagents	3	\N
91	update	21572cc5-1e4a-461b-ac2a-4f9248e3abdd	2026-02-01 15:50:34.141+00	172.22.0.4	node	reagents	3	\N
92	update	21572cc5-1e4a-461b-ac2a-4f9248e3abdd	2026-02-01 15:50:49.191+00	172.22.0.4	node	reagents	3	\N
93	delete	21572cc5-1e4a-461b-ac2a-4f9248e3abdd	2026-02-01 16:11:33.266+00	172.22.0.4	node	reagents	3	\N
94	login	22d4c7ba-704c-4f84-97f2-651220a231c0	2026-02-02 14:01:47.745+00	109.67.34.120	Mozilla/5.0 (Windows NT 10.0; Win64; x64) AppleWebKit/537.36 (KHTML, like Gecko) Chrome/143.0.0.0 Safari/537.36	directus_users	22d4c7ba-704c-4f84-97f2-651220a231c0	https://db.coriathost.cloud
95	update	21572cc5-1e4a-461b-ac2a-4f9248e3abdd	2026-02-02 14:55:03.219+00	172.18.0.6	node	app_users	1	\N
96	create	21572cc5-1e4a-461b-ac2a-4f9248e3abdd	2026-02-02 14:55:26.294+00	172.18.0.6	node	reagents	4	\N
97	login	22d4c7ba-704c-4f84-97f2-651220a231c0	2026-02-02 15:02:16.405+00	109.67.34.120	Mozilla/5.0 (Windows NT 10.0; Win64; x64) AppleWebKit/537.36 (KHTML, like Gecko) Chrome/143.0.0.0 Safari/537.36	directus_users	22d4c7ba-704c-4f84-97f2-651220a231c0	https://db.coriathost.cloud
98	create	22d4c7ba-704c-4f84-97f2-651220a231c0	2026-02-02 15:03:55.634+00	109.67.34.120	Mozilla/5.0 (Windows NT 10.0; Win64; x64) AppleWebKit/537.36 (KHTML, like Gecko) Chrome/143.0.0.0 Safari/537.36	directus_collections	Reagent	https://db.coriathost.cloud
99	create	22d4c7ba-704c-4f84-97f2-651220a231c0	2026-02-02 15:05:20.958+00	109.67.34.120	Mozilla/5.0 (Windows NT 10.0; Win64; x64) AppleWebKit/537.36 (KHTML, like Gecko) Chrome/143.0.0.0 Safari/537.36	directus_extensions	63b8592a-8044-4cf4-93c2-8fed26ba1fce	https://db.coriathost.cloud
100	create	22d4c7ba-704c-4f84-97f2-651220a231c0	2026-02-02 15:06:41.177+00	109.67.34.120	Mozilla/5.0 (Windows NT 10.0; Win64; x64) AppleWebKit/537.36 (KHTML, like Gecko) Chrome/143.0.0.0 Safari/537.36	directus_extensions	7e41b061-d5f4-46b2-9432-7567a7612034	https://db.coriathost.cloud
101	create	22d4c7ba-704c-4f84-97f2-651220a231c0	2026-02-02 15:07:05.803+00	109.67.34.120	Mozilla/5.0 (Windows NT 10.0; Win64; x64) AppleWebKit/537.36 (KHTML, like Gecko) Chrome/143.0.0.0 Safari/537.36	directus_extensions	dae0226c-3705-4731-b0c0-36b3aa4a511c	https://db.coriathost.cloud
102	create	22d4c7ba-704c-4f84-97f2-651220a231c0	2026-02-02 15:09:17.202+00	109.67.34.120	Mozilla/5.0 (Windows NT 10.0; Win64; x64) AppleWebKit/537.36 (KHTML, like Gecko) Chrome/143.0.0.0 Safari/537.36	directus_extensions	335e9232-b5c7-48bf-ae06-d4e524df53a6	https://db.coriathost.cloud
103	create	22d4c7ba-704c-4f84-97f2-651220a231c0	2026-02-02 15:10:25.779+00	109.67.34.120	Mozilla/5.0 (Windows NT 10.0; Win64; x64) AppleWebKit/537.36 (KHTML, like Gecko) Chrome/143.0.0.0 Safari/537.36	directus_extensions	72f87b8f-2abf-4693-b1b4-f1be1eb8c06c	https://db.coriathost.cloud
104	create	22d4c7ba-704c-4f84-97f2-651220a231c0	2026-02-02 15:13:22.848+00	109.67.34.120	Mozilla/5.0 (Windows NT 10.0; Win64; x64) AppleWebKit/537.36 (KHTML, like Gecko) Chrome/143.0.0.0 Safari/537.36	directus_extensions	798d634f-b2a0-4857-8965-0f7b78e326c4	https://db.coriathost.cloud
105	create	22d4c7ba-704c-4f84-97f2-651220a231c0	2026-02-02 15:14:10.247+00	109.67.34.120	Mozilla/5.0 (Windows NT 10.0; Win64; x64) AppleWebKit/537.36 (KHTML, like Gecko) Chrome/143.0.0.0 Safari/537.36	directus_extensions	f1be1611-88f4-4413-b9dd-19c37fed45a9	https://db.coriathost.cloud
106	create	22d4c7ba-704c-4f84-97f2-651220a231c0	2026-02-02 15:15:04.847+00	109.67.34.120	Mozilla/5.0 (Windows NT 10.0; Win64; x64) AppleWebKit/537.36 (KHTML, like Gecko) Chrome/143.0.0.0 Safari/537.36	directus_extensions	8a827d6a-f820-4814-8803-9bcf398282d4	https://db.coriathost.cloud
107	create	22d4c7ba-704c-4f84-97f2-651220a231c0	2026-02-02 15:15:39.498+00	109.67.34.120	Mozilla/5.0 (Windows NT 10.0; Win64; x64) AppleWebKit/537.36 (KHTML, like Gecko) Chrome/143.0.0.0 Safari/537.36	directus_extensions	ba006417-d6d5-4eed-a8a8-d51d89073a9c	https://db.coriathost.cloud
108	create	22d4c7ba-704c-4f84-97f2-651220a231c0	2026-02-02 15:16:17.19+00	109.67.34.120	Mozilla/5.0 (Windows NT 10.0; Win64; x64) AppleWebKit/537.36 (KHTML, like Gecko) Chrome/143.0.0.0 Safari/537.36	directus_extensions	647aa4e9-91ef-4b17-b00d-d07d1775ddad	https://db.coriathost.cloud
172	create	21572cc5-1e4a-461b-ac2a-4f9248e3abdd	2026-03-08 11:40:21.954+00	172.18.0.6	node	invites	1	\N
173	update	21572cc5-1e4a-461b-ac2a-4f9248e3abdd	2026-03-08 11:41:05.196+00	172.18.0.6	node	app_users	1	\N
109	create	22d4c7ba-704c-4f84-97f2-651220a231c0	2026-02-02 15:16:17.195+00	109.67.34.120	Mozilla/5.0 (Windows NT 10.0; Win64; x64) AppleWebKit/537.36 (KHTML, like Gecko) Chrome/143.0.0.0 Safari/537.36	directus_extensions	d04efda0-abe4-4174-9f64-96f2c43eb329	https://db.coriathost.cloud
110	create	22d4c7ba-704c-4f84-97f2-651220a231c0	2026-02-02 15:16:17.199+00	109.67.34.120	Mozilla/5.0 (Windows NT 10.0; Win64; x64) AppleWebKit/537.36 (KHTML, like Gecko) Chrome/143.0.0.0 Safari/537.36	directus_extensions	3f4a4375-fbce-419c-851a-0ca7161d25d5	https://db.coriathost.cloud
111	update	22d4c7ba-704c-4f84-97f2-651220a231c0	2026-02-02 15:19:40.625+00	109.67.34.120	Mozilla/5.0 (Windows NT 10.0; Win64; x64) AppleWebKit/537.36 (KHTML, like Gecko) Chrome/143.0.0.0 Safari/537.36	directus_settings	1	https://db.coriathost.cloud
112	update	21572cc5-1e4a-461b-ac2a-4f9248e3abdd	2026-02-02 15:21:20.357+00	172.18.0.6	node	app_users	1	\N
113	update	21572cc5-1e4a-461b-ac2a-4f9248e3abdd	2026-02-02 15:21:22.298+00	172.18.0.6	node	app_users	1	\N
114	update	21572cc5-1e4a-461b-ac2a-4f9248e3abdd	2026-02-02 15:21:38.861+00	172.18.0.6	node	reagents	4	\N
115	update	21572cc5-1e4a-461b-ac2a-4f9248e3abdd	2026-02-02 15:22:02.363+00	172.18.0.6	node	reagents	4	\N
116	update	21572cc5-1e4a-461b-ac2a-4f9248e3abdd	2026-02-02 15:22:05.531+00	172.18.0.6	node	reagents	4	\N
117	update	21572cc5-1e4a-461b-ac2a-4f9248e3abdd	2026-02-02 15:22:16.674+00	172.18.0.6	node	reagents	4	\N
118	update	21572cc5-1e4a-461b-ac2a-4f9248e3abdd	2026-02-02 15:22:20.81+00	172.18.0.6	node	reagents	4	\N
119	update	21572cc5-1e4a-461b-ac2a-4f9248e3abdd	2026-02-02 15:22:21.489+00	172.18.0.6	node	reagents	4	\N
120	update	21572cc5-1e4a-461b-ac2a-4f9248e3abdd	2026-02-02 15:27:30.14+00	172.18.0.1	curl/8.5.0	reagents	4	\N
121	login	21572cc5-1e4a-461b-ac2a-4f9248e3abdd	2026-02-02 15:29:17.005+00	172.18.0.1	axios/1.13.4	directus_users	21572cc5-1e4a-461b-ac2a-4f9248e3abdd	\N
122	login	21572cc5-1e4a-461b-ac2a-4f9248e3abdd	2026-02-02 15:29:28.748+00	172.18.0.1	axios/1.13.4	directus_users	21572cc5-1e4a-461b-ac2a-4f9248e3abdd	\N
123	login	21572cc5-1e4a-461b-ac2a-4f9248e3abdd	2026-02-02 15:29:55.995+00	172.18.0.1	axios/1.13.4	directus_users	21572cc5-1e4a-461b-ac2a-4f9248e3abdd	\N
124	create	21572cc5-1e4a-461b-ac2a-4f9248e3abdd	2026-02-02 15:29:56.713+00	172.18.0.1	axios/1.13.4	directus_fields	38	\N
125	create	21572cc5-1e4a-461b-ac2a-4f9248e3abdd	2026-02-02 15:29:56.902+00	172.18.0.1	axios/1.13.4	directus_fields	39	\N
126	create	21572cc5-1e4a-461b-ac2a-4f9248e3abdd	2026-02-02 15:29:57.164+00	172.18.0.1	axios/1.13.4	directus_fields	40	\N
127	create	21572cc5-1e4a-461b-ac2a-4f9248e3abdd	2026-02-02 15:29:57.263+00	172.18.0.1	axios/1.13.4	directus_fields	41	\N
128	create	21572cc5-1e4a-461b-ac2a-4f9248e3abdd	2026-02-02 15:29:57.383+00	172.18.0.1	axios/1.13.4	directus_fields	42	\N
129	create	21572cc5-1e4a-461b-ac2a-4f9248e3abdd	2026-02-02 15:29:57.461+00	172.18.0.1	axios/1.13.4	directus_fields	43	\N
130	update	21572cc5-1e4a-461b-ac2a-4f9248e3abdd	2026-02-02 15:29:57.556+00	172.18.0.1	axios/1.13.4	settings	1	\N
131	update	21572cc5-1e4a-461b-ac2a-4f9248e3abdd	2026-02-02 15:29:57.569+00	172.18.0.1	axios/1.13.4	settings	2	\N
132	create	21572cc5-1e4a-461b-ac2a-4f9248e3abdd	2026-02-02 15:32:41.728+00	172.18.0.1	python-requests/2.31.0	reagents	5	\N
133	update	21572cc5-1e4a-461b-ac2a-4f9248e3abdd	2026-02-02 15:32:41.744+00	172.18.0.1	python-requests/2.31.0	reagents	5	\N
134	delete	21572cc5-1e4a-461b-ac2a-4f9248e3abdd	2026-02-02 15:32:41.768+00	172.18.0.1	python-requests/2.31.0	reagents	5	\N
135	create	21572cc5-1e4a-461b-ac2a-4f9248e3abdd	2026-02-02 15:33:33.345+00	172.18.0.1	node	reagents	6	\N
136	update	21572cc5-1e4a-461b-ac2a-4f9248e3abdd	2026-02-02 15:33:33.392+00	172.18.0.1	node	reagents	6	\N
137	update	21572cc5-1e4a-461b-ac2a-4f9248e3abdd	2026-02-02 15:33:33.427+00	172.18.0.1	node	reagents	6	\N
138	delete	21572cc5-1e4a-461b-ac2a-4f9248e3abdd	2026-02-02 15:33:33.456+00	172.18.0.1	node	reagents	6	\N
139	update	21572cc5-1e4a-461b-ac2a-4f9248e3abdd	2026-02-02 16:14:17.747+00	172.18.0.6	node	app_users	1	\N
140	update	21572cc5-1e4a-461b-ac2a-4f9248e3abdd	2026-02-02 16:14:26.036+00	172.18.0.6	node	reagents	4	\N
141	update	21572cc5-1e4a-461b-ac2a-4f9248e3abdd	2026-02-03 06:47:19.896+00	172.18.0.6	node	app_users	1	\N
142	create	21572cc5-1e4a-461b-ac2a-4f9248e3abdd	2026-02-03 06:47:52.236+00	172.18.0.6	node	reagents	7	\N
143	create	21572cc5-1e4a-461b-ac2a-4f9248e3abdd	2026-02-03 06:47:52.26+00	172.18.0.6	node	reagents	8	\N
144	update	21572cc5-1e4a-461b-ac2a-4f9248e3abdd	2026-02-03 06:48:00.795+00	172.18.0.6	node	reagents	7	\N
145	update	21572cc5-1e4a-461b-ac2a-4f9248e3abdd	2026-02-03 10:33:04.45+00	172.18.0.6	node	app_users	1	\N
146	login	22d4c7ba-704c-4f84-97f2-651220a231c0	2026-02-03 14:40:44.55+00	109.67.34.120	Mozilla/5.0 (Windows NT 10.0; Win64; x64) AppleWebKit/537.36 (KHTML, like Gecko) Chrome/143.0.0.0 Safari/537.36	directus_users	22d4c7ba-704c-4f84-97f2-651220a231c0	https://crm.coriathost.cloud
147	login	21572cc5-1e4a-461b-ac2a-4f9248e3abdd	2026-02-04 09:45:00.665+00	172.18.0.1	axios/1.13.4	directus_users	21572cc5-1e4a-461b-ac2a-4f9248e3abdd	\N
148	create	21572cc5-1e4a-461b-ac2a-4f9248e3abdd	2026-02-04 09:45:01.478+00	172.18.0.1	axios/1.13.4	directus_fields	44	\N
149	create	21572cc5-1e4a-461b-ac2a-4f9248e3abdd	2026-02-04 09:45:05.785+00	172.18.0.1	axios/1.13.4	directus_fields	45	\N
150	create	21572cc5-1e4a-461b-ac2a-4f9248e3abdd	2026-02-04 09:45:06.037+00	172.18.0.1	axios/1.13.4	directus_fields	46	\N
151	login	21572cc5-1e4a-461b-ac2a-4f9248e3abdd	2026-02-04 09:52:00.197+00	172.18.0.1	axios/1.13.4	directus_users	21572cc5-1e4a-461b-ac2a-4f9248e3abdd	\N
152	login	22d4c7ba-704c-4f84-97f2-651220a231c0	2026-02-04 16:39:34.323+00	79.181.175.211	Mozilla/5.0 (Windows NT 10.0; Win64; x64) AppleWebKit/537.36 (KHTML, like Gecko) Chrome/143.0.0.0 Safari/537.36	directus_users	22d4c7ba-704c-4f84-97f2-651220a231c0	https://db.coriathost.cloud
153	create	21572cc5-1e4a-461b-ac2a-4f9248e3abdd	2026-02-05 13:09:00.383+00	172.18.0.1	curl/8.5.0	memberships	3	\N
154	create	21572cc5-1e4a-461b-ac2a-4f9248e3abdd	2026-02-05 13:12:37.782+00	172.18.0.1	curl/8.5.0	teams	3	\N
155	create	21572cc5-1e4a-461b-ac2a-4f9248e3abdd	2026-02-05 13:12:37.841+00	172.18.0.1	curl/8.5.0	memberships	4	\N
156	create	21572cc5-1e4a-461b-ac2a-4f9248e3abdd	2026-02-05 13:12:37.887+00	172.18.0.1	curl/8.5.0	memberships	5	\N
157	update	21572cc5-1e4a-461b-ac2a-4f9248e3abdd	2026-02-05 13:13:56.221+00	172.18.0.6	node	app_users	1	\N
158	update	21572cc5-1e4a-461b-ac2a-4f9248e3abdd	2026-02-05 14:50:22.163+00	172.18.0.6	node	app_users	1	\N
159	delete	21572cc5-1e4a-461b-ac2a-4f9248e3abdd	2026-02-05 14:50:33.766+00	172.18.0.6	node	reagents	7	\N
160	delete	21572cc5-1e4a-461b-ac2a-4f9248e3abdd	2026-02-05 14:50:33.777+00	172.18.0.6	node	reagents	8	\N
161	delete	21572cc5-1e4a-461b-ac2a-4f9248e3abdd	2026-02-05 14:50:55.122+00	172.18.0.6	node	reagents	4	\N
162	create	21572cc5-1e4a-461b-ac2a-4f9248e3abdd	2026-02-05 22:11:48.508+00	172.18.0.6	node	settings	3	\N
163	login	22d4c7ba-704c-4f84-97f2-651220a231c0	2026-02-08 12:39:26.265+00	2.54.144.92	Mozilla/5.0 (X11; Linux x86_64) AppleWebKit/537.36 (KHTML, like Gecko) Chrome/144.0.0.0 Safari/537.36	directus_users	22d4c7ba-704c-4f84-97f2-651220a231c0	https://db.coriathost.cloud
164	update	21572cc5-1e4a-461b-ac2a-4f9248e3abdd	2026-03-06 07:05:05.677+00	172.18.0.6	node	app_users	3	\N
165	update	21572cc5-1e4a-461b-ac2a-4f9248e3abdd	2026-03-08 11:25:29.352+00	172.18.0.6	node	app_users	1	\N
166	create	21572cc5-1e4a-461b-ac2a-4f9248e3abdd	2026-03-08 11:30:23.019+00	172.18.0.6	node	reagents	9	\N
167	create	21572cc5-1e4a-461b-ac2a-4f9248e3abdd	2026-03-08 11:30:23.054+00	172.18.0.6	node	reagents	10	\N
168	create	21572cc5-1e4a-461b-ac2a-4f9248e3abdd	2026-03-08 11:32:47.827+00	172.18.0.6	node	reagents	11	\N
169	create	21572cc5-1e4a-461b-ac2a-4f9248e3abdd	2026-03-08 11:36:18.214+00	172.18.0.6	node	reagents	12	\N
170	update	21572cc5-1e4a-461b-ac2a-4f9248e3abdd	2026-03-08 11:37:36.543+00	172.18.0.6	node	reagents	12	\N
174	create	21572cc5-1e4a-461b-ac2a-4f9248e3abdd	2026-03-08 11:44:03.42+00	172.18.0.6	node	reagents	13	\N
176	create	21572cc5-1e4a-461b-ac2a-4f9248e3abdd	2026-03-08 11:47:03.353+00	172.18.0.6	node	reagents	15	\N
178	create	21572cc5-1e4a-461b-ac2a-4f9248e3abdd	2026-03-08 11:48:39.961+00	172.18.0.6	node	reagents	16	\N
175	create	21572cc5-1e4a-461b-ac2a-4f9248e3abdd	2026-03-08 11:46:14.21+00	172.18.0.6	node	reagents	14	\N
177	update	21572cc5-1e4a-461b-ac2a-4f9248e3abdd	2026-03-08 11:47:40.364+00	172.18.0.6	node	reagents	10	\N
179	update	21572cc5-1e4a-461b-ac2a-4f9248e3abdd	2026-03-08 12:06:32.175+00	172.18.0.6	node	reagents	12	\N
180	create	21572cc5-1e4a-461b-ac2a-4f9248e3abdd	2026-03-08 12:09:00.759+00	172.18.0.6	node	reagents	17	\N
181	create	21572cc5-1e4a-461b-ac2a-4f9248e3abdd	2026-03-08 12:26:33.163+00	172.18.0.6	node	reagents	18	\N
\.


--
-- Data for Name: directus_collections; Type: TABLE DATA; Schema: public; Owner: postgres
--

COPY public.directus_collections (collection, icon, note, display_template, hidden, singleton, translations, archive_field, archive_app_filter, archive_value, unarchive_value, sort_field, accountability, color, item_duplication_fields, sort, "group", collapse, preview_url, versioning) FROM stdin;
app_users	box	\N	\N	f	f	\N	\N	t	\N	\N	\N	all	\N	\N	\N	\N	open	\N	f
teams	box	\N	\N	f	f	\N	\N	t	\N	\N	\N	all	\N	\N	\N	\N	open	\N	f
memberships	box	\N	\N	f	f	\N	\N	t	\N	\N	\N	all	\N	\N	\N	\N	open	\N	f
invites	box	\N	\N	f	f	\N	\N	t	\N	\N	\N	all	\N	\N	\N	\N	open	\N	f
reagents	box	\N	\N	f	f	\N	\N	t	\N	\N	\N	all	\N	\N	\N	\N	open	\N	f
notes	box	\N	\N	f	f	\N	\N	t	\N	\N	\N	all	\N	\N	\N	\N	open	\N	f
settings	box	\N	\N	f	f	\N	\N	t	\N	\N	\N	all	\N	\N	\N	\N	open	\N	f
push_subscriptions	box	\N	\N	f	f	\N	\N	t	\N	\N	\N	all	\N	\N	\N	\N	open	\N	f
Reagent	\N	\N	\N	f	f	\N	\N	t	\N	\N	\N	all	\N	\N	\N	\N	open	\N	f
\.


--
-- Data for Name: directus_comments; Type: TABLE DATA; Schema: public; Owner: postgres
--

COPY public.directus_comments (id, collection, item, comment, date_created, date_updated, user_created, user_updated) FROM stdin;
\.


--
-- Data for Name: directus_dashboards; Type: TABLE DATA; Schema: public; Owner: postgres
--

COPY public.directus_dashboards (id, name, icon, note, date_created, user_created, color) FROM stdin;
\.


--
-- Data for Name: directus_extensions; Type: TABLE DATA; Schema: public; Owner: postgres
--

COPY public.directus_extensions (enabled, id, folder, source, bundle) FROM stdin;
t	63b8592a-8044-4cf4-93c2-8fed26ba1fce	37af1194-21a8-40d9-9eb8-ec613c2776d0	registry	\N
t	7e41b061-d5f4-46b2-9432-7567a7612034	b4b34a61-e4b3-4ade-827f-63c8a0a0b31a	registry	\N
t	dae0226c-3705-4731-b0c0-36b3aa4a511c	781dd88c-4d22-4245-a56c-bfec68ffc775	registry	\N
t	335e9232-b5c7-48bf-ae06-d4e524df53a6	751fe55c-d76a-4373-a6ea-babe206ea790	registry	\N
t	72f87b8f-2abf-4693-b1b4-f1be1eb8c06c	4f644ee5-f672-46af-9c8e-49641dc91102	registry	\N
t	798d634f-b2a0-4857-8965-0f7b78e326c4	c8554db6-c93c-4d19-994d-3701f0800898	registry	\N
t	f1be1611-88f4-4413-b9dd-19c37fed45a9	d2ec4289-5dff-4017-9d48-c915c7184df4	registry	\N
t	8a827d6a-f820-4814-8803-9bcf398282d4	9bde3cf6-c3bd-4bbf-befe-e65294d4b632	registry	\N
t	ba006417-d6d5-4eed-a8a8-d51d89073a9c	9108c453-4ebf-4827-a42c-b90740888480	registry	\N
t	647aa4e9-91ef-4b17-b00d-d07d1775ddad	f34eb7d1-5441-46f0-b9ed-d276e7798030	registry	\N
t	d04efda0-abe4-4174-9f64-96f2c43eb329	interface	registry	647aa4e9-91ef-4b17-b00d-d07d1775ddad
t	3f4a4375-fbce-419c-851a-0ca7161d25d5	display	registry	647aa4e9-91ef-4b17-b00d-d07d1775ddad
\.


--
-- Data for Name: directus_fields; Type: TABLE DATA; Schema: public; Owner: postgres
--

COPY public.directus_fields (id, collection, field, special, interface, options, display, display_options, readonly, hidden, sort, width, translations, note, conditions, required, "group", validation, validation_message, searchable) FROM stdin;
2	app_users	google_id	\N	\N	\N	\N	\N	f	f	2	full	\N	\N	\N	f	\N	\N	\N	t
3	app_users	email	\N	\N	\N	\N	\N	f	f	3	full	\N	\N	\N	f	\N	\N	\N	t
4	app_users	display_name	\N	\N	\N	\N	\N	f	f	4	full	\N	\N	\N	f	\N	\N	\N	t
5	app_users	avatar_url	\N	\N	\N	\N	\N	f	f	5	full	\N	\N	\N	f	\N	\N	\N	t
7	teams	name	\N	\N	\N	\N	\N	f	f	2	full	\N	\N	\N	f	\N	\N	\N	t
8	teams	owner	m2o	select-dropdown-m2o	\N	\N	\N	f	f	3	full	\N	\N	\N	f	\N	\N	\N	t
10	memberships	user	\N	\N	\N	\N	\N	f	f	2	full	\N	\N	\N	f	\N	\N	\N	t
11	memberships	team	\N	\N	\N	\N	\N	f	f	3	full	\N	\N	\N	f	\N	\N	\N	t
12	memberships	role	\N	\N	\N	\N	\N	f	f	4	full	\N	\N	\N	f	\N	\N	\N	t
14	invites	code	\N	\N	\N	\N	\N	f	f	2	full	\N	\N	\N	f	\N	\N	\N	t
15	invites	team	\N	\N	\N	\N	\N	f	f	3	full	\N	\N	\N	f	\N	\N	\N	t
16	invites	email	\N	\N	\N	\N	\N	f	f	4	full	\N	\N	\N	f	\N	\N	\N	t
17	invites	expires_at	\N	\N	\N	\N	\N	f	f	5	full	\N	\N	\N	f	\N	\N	\N	t
19	reagents	name	\N	\N	\N	\N	\N	f	f	2	full	\N	\N	\N	f	\N	\N	\N	t
20	reagents	cas_number	\N	\N	\N	\N	\N	f	f	3	full	\N	\N	\N	f	\N	\N	\N	t
21	reagents	expiry_date	\N	\N	\N	\N	\N	f	f	4	full	\N	\N	\N	f	\N	\N	\N	t
22	reagents	location	\N	\N	\N	\N	\N	f	f	5	full	\N	\N	\N	f	\N	\N	\N	t
23	reagents	team	\N	\N	\N	\N	\N	f	f	6	full	\N	\N	\N	f	\N	\N	\N	t
24	reagents	notes	\N	\N	\N	\N	\N	f	f	7	full	\N	\N	\N	f	\N	\N	\N	t
25	reagents	quantity	\N	\N	\N	\N	\N	f	f	8	full	\N	\N	\N	f	\N	\N	\N	t
27	notes	content	\N	\N	\N	\N	\N	f	f	2	full	\N	\N	\N	f	\N	\N	\N	t
28	notes	reagent	\N	\N	\N	\N	\N	f	f	3	full	\N	\N	\N	f	\N	\N	\N	t
29	notes	author	\N	\N	\N	\N	\N	f	f	4	full	\N	\N	\N	f	\N	\N	\N	t
31	settings	user	\N	\N	\N	\N	\N	f	f	2	full	\N	\N	\N	f	\N	\N	\N	t
32	settings	key	\N	\N	\N	\N	\N	f	f	3	full	\N	\N	\N	f	\N	\N	\N	t
33	settings	value	\N	\N	\N	\N	\N	f	f	4	full	\N	\N	\N	f	\N	\N	\N	t
35	push_subscriptions	user	\N	\N	\N	\N	\N	f	f	2	full	\N	\N	\N	f	\N	\N	\N	t
36	push_subscriptions	endpoint	\N	\N	\N	\N	\N	f	f	3	full	\N	\N	\N	f	\N	\N	\N	t
37	push_subscriptions	keys	\N	\N	\N	\N	\N	f	f	4	full	\N	\N	\N	f	\N	\N	\N	t
38	reagents	category	\N	\N	\N	\N	\N	f	f	9	full	\N	\N	\N	f	\N	\N	\N	t
39	reagents	lot_number	\N	\N	\N	\N	\N	f	f	10	full	\N	\N	\N	f	\N	\N	\N	t
40	reagents	received_date	\N	\N	\N	\N	\N	f	f	11	full	\N	\N	\N	f	\N	\N	\N	t
41	reagents	is_archived	\N	\N	\N	\N	\N	f	f	12	full	\N	\N	\N	f	\N	\N	\N	t
42	reagents	snoozed_until	\N	\N	\N	\N	\N	f	f	13	full	\N	\N	\N	f	\N	\N	\N	t
43	reagents	dismissed_until	\N	\N	\N	\N	\N	f	f	14	full	\N	\N	\N	f	\N	\N	\N	t
44	teams	access_password_hash	\N	\N	\N	\N	\N	f	f	4	full	\N	\N	\N	f	\N	\N	\N	t
45	teams	password_reset_token	\N	\N	\N	\N	\N	f	f	5	full	\N	\N	\N	f	\N	\N	\N	t
46	teams	password_reset_expires_at	\N	\N	\N	\N	\N	f	f	6	full	\N	\N	\N	f	\N	\N	\N	t
1	app_users	id	\N	numeric	\N	\N	\N	t	f	1	full	\N	\N	\N	f	\N	\N	\N	t
6	teams	id	\N	numeric	\N	\N	\N	t	f	1	full	\N	\N	\N	f	\N	\N	\N	t
9	memberships	id	\N	numeric	\N	\N	\N	t	f	1	full	\N	\N	\N	f	\N	\N	\N	t
13	invites	id	\N	numeric	\N	\N	\N	t	f	1	full	\N	\N	\N	f	\N	\N	\N	t
18	reagents	id	\N	numeric	\N	\N	\N	t	f	1	full	\N	\N	\N	f	\N	\N	\N	t
26	notes	id	\N	numeric	\N	\N	\N	t	f	1	full	\N	\N	\N	f	\N	\N	\N	t
30	settings	id	\N	numeric	\N	\N	\N	t	f	1	full	\N	\N	\N	f	\N	\N	\N	t
34	push_subscriptions	id	\N	numeric	\N	\N	\N	t	f	1	full	\N	\N	\N	f	\N	\N	\N	t
47	app_users	last_login	\N	\N	\N	\N	\N	f	f	6	full	\N	\N	\N	f	\N	\N	\N	t
48	invites	role	\N	\N	\N	\N	\N	f	f	6	full	\N	\N	\N	f	\N	\N	\N	t
49	invites	status	\N	\N	\N	\N	\N	f	f	7	full	\N	\N	\N	f	\N	\N	\N	t
50	memberships	email_alerts_enabled	\N	\N	\N	\N	\N	f	f	5	full	\N	\N	\N	f	\N	\N	\N	t
51	notes	team	\N	\N	\N	\N	\N	f	f	5	full	\N	\N	\N	f	\N	\N	\N	t
52	Reagent	id	\N	\N	\N	\N	\N	f	f	1	full	\N	\N	\N	f	\N	\N	\N	t
53	Reagent	name	\N	\N	\N	\N	\N	f	f	2	full	\N	\N	\N	f	\N	\N	\N	t
54	Reagent	catalogNumber	\N	\N	\N	\N	\N	f	f	3	full	\N	\N	\N	f	\N	\N	\N	t
55	Reagent	supplierId	\N	\N	\N	\N	\N	f	f	5	full	\N	\N	\N	f	\N	\N	\N	t
56	Reagent	nearestExpiryDate	\N	\N	\N	\N	\N	f	f	8	full	\N	\N	\N	f	\N	\N	\N	t
57	Reagent	category	\N	\N	\N	\N	\N	f	f	4	full	\N	\N	\N	f	\N	\N	\N	t
58	Reagent	totalQuantity	\N	\N	\N	\N	\N	f	f	6	full	\N	\N	\N	f	\N	\N	\N	t
59	Reagent	activeBatchesCount	\N	\N	\N	\N	\N	f	f	7	full	\N	\N	\N	f	\N	\N	\N	t
60	Reagent	monthsOfStock	\N	\N	\N	\N	\N	f	f	10	full	\N	\N	\N	f	\N	\N	\N	t
61	Reagent	averageMonthlyUsage	\N	\N	\N	\N	\N	f	f	11	full	\N	\N	\N	f	\N	\N	\N	t
62	Reagent	manualMonthlyUsage	\N	\N	\N	\N	\N	f	f	12	full	\N	\N	\N	f	\N	\N	\N	t
63	Reagent	notes	\N	\N	\N	\N	\N	f	f	17	full	\N	\N	\N	f	\N	\N	\N	t
64	Reagent	updatedAt	\N	\N	\N	\N	\N	f	f	19	full	\N	\N	\N	f	\N	\N	\N	t
65	Reagent	currentStockStatus	\N	\N	\N	\N	\N	f	f	9	full	\N	\N	\N	f	\N	\N	\N	t
66	Reagent	useManualUsage	\N	\N	\N	\N	\N	f	f	13	full	\N	\N	\N	f	\N	\N	\N	t
67	Reagent	isConsumable	\N	\N	\N	\N	\N	f	f	14	full	\N	\N	\N	f	\N	\N	\N	t
68	Reagent	requiresBatches	\N	\N	\N	\N	\N	f	f	15	full	\N	\N	\N	f	\N	\N	\N	t
69	Reagent	isDeleted	\N	\N	\N	\N	\N	f	f	16	full	\N	\N	\N	f	\N	\N	\N	t
70	Reagent	createdAt	\N	\N	\N	\N	\N	f	f	18	full	\N	\N	\N	f	\N	\N	\N	t
71	settings	team	\N	\N	\N	\N	\N	f	f	5	full	\N	\N	\N	f	\N	\N	\N	t
72	settings	last_sent	\N	\N	\N	\N	\N	f	f	8	full	\N	\N	\N	f	\N	\N	\N	t
73	settings	enabled	\N	\N	\N	\N	\N	f	f	6	full	\N	\N	\N	f	\N	\N	\N	t
74	settings	remind_in_days	\N	\N	\N	\N	\N	f	f	7	full	\N	\N	\N	f	\N	\N	\N	t
75	app_users	name	\N	\N	\N	\N	\N	f	f	7	full	\N	\N	\N	f	\N	\N	\N	t
76	app_users	password	\N	\N	\N	\N	\N	f	f	8	full	\N	\N	\N	f	\N	\N	\N	t
77	app_users	role	\N	\N	\N	\N	\N	f	f	9	full	\N	\N	\N	f	\N	\N	\N	t
78	app_users	deviceFingerprint	\N	\N	\N	\N	\N	f	f	10	full	\N	\N	\N	f	\N	\N	\N	t
79	app_users	isActive	\N	\N	\N	\N	\N	f	f	11	full	\N	\N	\N	f	\N	\N	\N	t
80	app_users	lastLoginAt	\N	\N	\N	\N	\N	f	f	12	full	\N	\N	\N	f	\N	\N	\N	t
81	app_users	createdAt	\N	\N	\N	\N	\N	f	f	13	full	\N	\N	\N	f	\N	\N	\N	t
82	app_users	updatedAt	\N	\N	\N	\N	\N	f	f	14	full	\N	\N	\N	f	\N	\N	\N	t
\.


--
-- Data for Name: directus_files; Type: TABLE DATA; Schema: public; Owner: postgres
--

COPY public.directus_files (id, storage, filename_disk, filename_download, title, type, folder, uploaded_by, created_on, modified_by, modified_on, charset, filesize, width, height, duration, embed, description, location, tags, metadata, focal_point_x, focal_point_y, tus_id, tus_data, uploaded_on) FROM stdin;
\.


--
-- Data for Name: directus_flows; Type: TABLE DATA; Schema: public; Owner: postgres
--

COPY public.directus_flows (id, name, icon, color, description, status, trigger, accountability, options, operation, date_created, user_created) FROM stdin;
\.


--
-- Data for Name: directus_folders; Type: TABLE DATA; Schema: public; Owner: postgres
--

COPY public.directus_folders (id, name, parent) FROM stdin;
\.


--
-- Data for Name: directus_migrations; Type: TABLE DATA; Schema: public; Owner: postgres
--

COPY public.directus_migrations (version, name, "timestamp") FROM stdin;
20201028A	Remove Collection Foreign Keys	2026-01-29 14:19:24.6341+00
20201029A	Remove System Relations	2026-01-29 14:19:24.65169+00
20201029B	Remove System Collections	2026-01-29 14:19:24.661517+00
20201029C	Remove System Fields	2026-01-29 14:19:24.676835+00
20201105A	Add Cascade System Relations	2026-01-29 14:19:24.709977+00
20201105B	Change Webhook URL Type	2026-01-29 14:19:24.718663+00
20210225A	Add Relations Sort Field	2026-01-29 14:19:24.729667+00
20210304A	Remove Locked Fields	2026-01-29 14:19:24.733605+00
20210312A	Webhooks Collections Text	2026-01-29 14:19:24.743561+00
20210331A	Add Refresh Interval	2026-01-29 14:19:24.746589+00
20210415A	Make Filesize Nullable	2026-01-29 14:19:24.753761+00
20210416A	Add Collections Accountability	2026-01-29 14:19:24.757922+00
20210422A	Remove Files Interface	2026-01-29 14:19:24.760464+00
20210506A	Rename Interfaces	2026-01-29 14:19:24.783744+00
20210510A	Restructure Relations	2026-01-29 14:19:24.798014+00
20210518A	Add Foreign Key Constraints	2026-01-29 14:19:24.805731+00
20210519A	Add System Fk Triggers	2026-01-29 14:19:24.829007+00
20210521A	Add Collections Icon Color	2026-01-29 14:19:24.832378+00
20210525A	Add Insights	2026-01-29 14:19:24.845155+00
20210608A	Add Deep Clone Config	2026-01-29 14:19:24.848666+00
20210626A	Change Filesize Bigint	2026-01-29 14:19:24.859858+00
20210716A	Add Conditions to Fields	2026-01-29 14:19:24.864205+00
20210721A	Add Default Folder	2026-01-29 14:19:24.873946+00
20210802A	Replace Groups	2026-01-29 14:19:24.885832+00
20210803A	Add Required to Fields	2026-01-29 14:19:24.894086+00
20210805A	Update Groups	2026-01-29 14:19:24.900489+00
20210805B	Change Image Metadata Structure	2026-01-29 14:19:24.907491+00
20210811A	Add Geometry Config	2026-01-29 14:19:24.91104+00
20210831A	Remove Limit Column	2026-01-29 14:19:24.914188+00
20210903A	Add Auth Provider	2026-01-29 14:19:24.930498+00
20210907A	Webhooks Collections Not Null	2026-01-29 14:19:24.94001+00
20210910A	Move Module Setup	2026-01-29 14:19:24.944869+00
20210920A	Webhooks URL Not Null	2026-01-29 14:19:24.955539+00
20210924A	Add Collection Organization	2026-01-29 14:19:24.962982+00
20210927A	Replace Fields Group	2026-01-29 14:19:24.974025+00
20210927B	Replace M2M Interface	2026-01-29 14:19:24.977318+00
20210929A	Rename Login Action	2026-01-29 14:19:24.979822+00
20211007A	Update Presets	2026-01-29 14:19:24.989548+00
20211009A	Add Auth Data	2026-01-29 14:19:24.993294+00
20211016A	Add Webhook Headers	2026-01-29 14:19:24.996363+00
20211103A	Set Unique to User Token	2026-01-29 14:19:25.000441+00
20211103B	Update Special Geometry	2026-01-29 14:19:25.00593+00
20211104A	Remove Collections Listing	2026-01-29 14:19:25.010314+00
20211118A	Add Notifications	2026-01-29 14:19:25.031626+00
20211211A	Add Shares	2026-01-29 14:19:25.049305+00
20211230A	Add Project Descriptor	2026-01-29 14:19:25.054663+00
20220303A	Remove Default Project Color	2026-01-29 14:19:25.06567+00
20220308A	Add Bookmark Icon and Color	2026-01-29 14:19:25.07339+00
20220314A	Add Translation Strings	2026-01-29 14:19:25.079663+00
20220322A	Rename Field Typecast Flags	2026-01-29 14:19:25.086761+00
20220323A	Add Field Validation	2026-01-29 14:19:25.092661+00
20220325A	Fix Typecast Flags	2026-01-29 14:19:25.10233+00
20220325B	Add Default Language	2026-01-29 14:19:25.112722+00
20220402A	Remove Default Value Panel Icon	2026-01-29 14:19:25.122066+00
20220429A	Add Flows	2026-01-29 14:19:25.147394+00
20220429B	Add Color to Insights Icon	2026-01-29 14:19:25.150207+00
20220429C	Drop Non Null From IP of Activity	2026-01-29 14:19:25.153166+00
20220429D	Drop Non Null From Sender of Notifications	2026-01-29 14:19:25.156611+00
20220614A	Rename Hook Trigger to Event	2026-01-29 14:19:25.160118+00
20220801A	Update Notifications Timestamp Column	2026-01-29 14:19:25.165879+00
20220802A	Add Custom Aspect Ratios	2026-01-29 14:19:25.169808+00
20220826A	Add Origin to Accountability	2026-01-29 14:19:25.172896+00
20230401A	Update Material Icons	2026-01-29 14:19:25.179748+00
20230525A	Add Preview Settings	2026-01-29 14:19:25.184249+00
20230526A	Migrate Translation Strings	2026-01-29 14:19:25.195615+00
20230721A	Require Shares Fields	2026-01-29 14:19:25.202742+00
20230823A	Add Content Versioning	2026-01-29 14:19:25.225072+00
20230927A	Themes	2026-01-29 14:19:25.236209+00
20231009A	Update CSV Fields to Text	2026-01-29 14:19:25.240249+00
20231009B	Update Panel Options	2026-01-29 14:19:25.242571+00
20231010A	Add Extensions	2026-01-29 14:19:25.24604+00
20231215A	Add Focalpoints	2026-01-29 14:19:25.248577+00
20240122A	Add Report URL Fields	2026-01-29 14:19:25.251533+00
20240204A	Marketplace	2026-01-29 14:19:25.272499+00
20240305A	Change Useragent Type	2026-01-29 14:19:25.284775+00
20240311A	Deprecate Webhooks	2026-01-29 14:19:25.296592+00
20240422A	Public Registration	2026-01-29 14:19:25.302912+00
20240515A	Add Session Window	2026-01-29 14:19:25.307113+00
20240701A	Add Tus Data	2026-01-29 14:19:25.310183+00
20240716A	Update Files Date Fields	2026-01-29 14:19:25.318623+00
20240806A	Permissions Policies	2026-01-29 14:19:25.352472+00
20240817A	Update Icon Fields Length	2026-01-29 14:19:25.374085+00
20240909A	Separate Comments	2026-01-29 14:19:25.389937+00
20240909B	Consolidate Content Versioning	2026-01-29 14:19:25.393104+00
20240924A	Migrate Legacy Comments	2026-01-29 14:19:25.399922+00
20240924B	Populate Versioning Deltas	2026-01-29 14:19:25.407125+00
20250224A	Visual Editor	2026-01-29 14:19:25.412855+00
20250609A	License Banner	2026-01-29 14:19:25.419218+00
20250613A	Add Project ID	2026-01-29 14:19:25.447996+00
20250718A	Add Direction	2026-01-29 14:19:25.453195+00
20250813A	Add MCP	2026-01-29 14:19:25.46204+00
20251012A	Add Field Searchable	2026-01-29 14:19:25.465982+00
20251014A	Add Project Owner	2026-01-29 14:19:25.522587+00
20251028A	Add Retention Indexes	2026-01-29 14:19:25.604556+00
20251103A	Add AI Settings	2026-01-29 14:19:25.609668+00
20251224A	Remove Webhooks	2026-01-29 14:19:25.616267+00
20260113A	Add Revisions Index	2026-01-29 14:19:25.636072+00
\.


--
-- Data for Name: directus_notifications; Type: TABLE DATA; Schema: public; Owner: postgres
--

COPY public.directus_notifications (id, "timestamp", status, recipient, sender, subject, message, collection, item) FROM stdin;
\.


--
-- Data for Name: directus_operations; Type: TABLE DATA; Schema: public; Owner: postgres
--

COPY public.directus_operations (id, name, key, type, position_x, position_y, options, resolve, reject, flow, date_created, user_created) FROM stdin;
\.


--
-- Data for Name: directus_panels; Type: TABLE DATA; Schema: public; Owner: postgres
--

COPY public.directus_panels (id, dashboard, name, icon, color, show_header, note, type, position_x, position_y, width, height, options, date_created, user_created) FROM stdin;
\.


--
-- Data for Name: directus_permissions; Type: TABLE DATA; Schema: public; Owner: postgres
--

COPY public.directus_permissions (id, collection, action, permissions, validation, presets, fields, policy) FROM stdin;
\.


--
-- Data for Name: directus_policies; Type: TABLE DATA; Schema: public; Owner: postgres
--

COPY public.directus_policies (id, name, icon, description, ip_access, enforce_tfa, admin_access, app_access) FROM stdin;
abf8a154-5b1c-4a46-ac9c-7300570f4f17	$t:public_label	public	$t:public_description	\N	f	f	f
7d228e58-12b4-4640-859e-2742bf77b128	Administrator	verified	$t:admin_description	\N	f	t	t
\.


--
-- Data for Name: directus_presets; Type: TABLE DATA; Schema: public; Owner: postgres
--

COPY public.directus_presets (id, bookmark, "user", role, collection, search, layout, layout_query, layout_options, refresh_interval, filter, icon, color) FROM stdin;
1	\N	22d4c7ba-704c-4f84-97f2-651220a231c0	\N	directus_users	\N	cards	{"cards":{"sort":["email"]}}	{"cards":{"icon":"account_circle","title":"{{ first_name }} {{ last_name }}","subtitle":"{{ email }}","size":3}}	\N	\N	bookmark	\N
2	\N	22d4c7ba-704c-4f84-97f2-651220a231c0	\N	directus_files	\N	tabular	{"cards":{"sort":["-uploaded_on"]},"tabular":{"page":1}}	{"cards":{"icon":"insert_drive_file","title":"{{ title }}","subtitle":"{{ type }} • {{ filesize }}","size":4,"imageFit":"crop"},"tabular":{"spacing":"cozy"}}	\N	\N	bookmark	\N
4	\N	\N	debc365a-7e1d-40c1-8357-4fe6cebd4248	Reagent	\N	tabular	{"tabular": {"page": 1, "fields": ["id", "name", "catalogNumber", "category", "supplierId", "totalQuantity", "activeBatchesCount", "nearestExpiryDate", "currentStockStatus", "monthsOfStock", "averageMonthlyUsage", "manualMonthlyUsage", "useManualUsage", "isConsumable", "requiresBatches", "isDeleted", "notes", "createdAt", "updatedAt"]}}	{"tabular": {"spacing": "cozy"}}	\N	\N	bookmark	\N
5	\N	\N	debc365a-7e1d-40c1-8357-4fe6cebd4248	app_users	\N	tabular	{"tabular": {"page": 1, "fields": ["id", "google_id", "email", "display_name", "avatar_url", "last_login", "name", "password", "role", "deviceFingerprint", "isActive", "lastLoginAt", "createdAt", "updatedAt"]}}	{"tabular": {"spacing": "cozy"}}	\N	\N	bookmark	\N
6	\N	\N	debc365a-7e1d-40c1-8357-4fe6cebd4248	invites	\N	tabular	{"tabular": {"page": 1, "fields": ["id", "code", "team", "email", "expires_at", "role", "status"]}}	{"tabular": {"spacing": "cozy"}}	\N	\N	bookmark	\N
7	\N	\N	debc365a-7e1d-40c1-8357-4fe6cebd4248	memberships	\N	tabular	{"tabular": {"page": 1, "fields": ["id", "user", "team", "role", "email_alerts_enabled"]}}	{"tabular": {"spacing": "cozy"}}	\N	\N	bookmark	\N
8	\N	\N	debc365a-7e1d-40c1-8357-4fe6cebd4248	notes	\N	tabular	{"tabular": {"page": 1, "fields": ["id", "content", "reagent", "author", "team"]}}	{"tabular": {"spacing": "cozy"}}	\N	\N	bookmark	\N
9	\N	\N	debc365a-7e1d-40c1-8357-4fe6cebd4248	push_subscriptions	\N	tabular	{"tabular": {"page": 1, "fields": ["id", "user", "endpoint", "keys"]}}	{"tabular": {"spacing": "cozy"}}	\N	\N	bookmark	\N
10	\N	\N	debc365a-7e1d-40c1-8357-4fe6cebd4248	reagents	\N	tabular	{"tabular": {"page": 1, "fields": ["id", "name", "cas_number", "expiry_date", "location", "team", "notes", "quantity", "category", "lot_number", "received_date", "is_archived", "snoozed_until", "dismissed_until"]}}	{"tabular": {"spacing": "cozy"}}	\N	\N	bookmark	\N
11	\N	\N	debc365a-7e1d-40c1-8357-4fe6cebd4248	settings	\N	tabular	{"tabular": {"page": 1, "fields": ["id", "user", "key", "value", "team", "enabled", "remind_in_days", "last_sent"]}}	{"tabular": {"spacing": "cozy"}}	\N	\N	bookmark	\N
12	\N	\N	debc365a-7e1d-40c1-8357-4fe6cebd4248	teams	\N	tabular	{"tabular": {"page": 1, "fields": ["id", "name", "owner", "access_password_hash", "password_reset_token", "password_reset_expires_at"]}}	{"tabular": {"spacing": "cozy"}}	\N	\N	bookmark	\N
\.


--
-- Data for Name: directus_relations; Type: TABLE DATA; Schema: public; Owner: postgres
--

COPY public.directus_relations (id, many_collection, many_field, one_collection, one_field, one_collection_field, one_allowed_collections, junction_field, sort_field, one_deselect_action) FROM stdin;
\.


--
-- Data for Name: directus_revisions; Type: TABLE DATA; Schema: public; Owner: postgres
--

COPY public.directus_revisions (id, activity, collection, item, data, delta, parent, version) FROM stdin;
1	2	directus_fields	1	{"sort":1,"hidden":true,"interface":"numeric","readonly":true,"field":"id","collection":"app_users"}	{"sort":1,"hidden":true,"interface":"numeric","readonly":true,"field":"id","collection":"app_users"}	\N	\N
2	3	directus_collections	app_users	{"hidden":false,"icon":"box","collection":"app_users"}	{"hidden":false,"icon":"box","collection":"app_users"}	\N	\N
3	4	directus_fields	2	{"sort":2,"collection":"app_users","field":"google_id"}	{"sort":2,"collection":"app_users","field":"google_id"}	\N	\N
4	5	directus_fields	3	{"sort":3,"collection":"app_users","field":"email"}	{"sort":3,"collection":"app_users","field":"email"}	\N	\N
5	6	directus_fields	4	{"sort":4,"collection":"app_users","field":"display_name"}	{"sort":4,"collection":"app_users","field":"display_name"}	\N	\N
6	7	directus_fields	5	{"sort":5,"collection":"app_users","field":"avatar_url"}	{"sort":5,"collection":"app_users","field":"avatar_url"}	\N	\N
7	8	directus_fields	6	{"sort":1,"hidden":true,"interface":"numeric","readonly":true,"field":"id","collection":"teams"}	{"sort":1,"hidden":true,"interface":"numeric","readonly":true,"field":"id","collection":"teams"}	\N	\N
8	9	directus_collections	teams	{"hidden":false,"icon":"box","collection":"teams"}	{"hidden":false,"icon":"box","collection":"teams"}	\N	\N
9	10	directus_fields	7	{"sort":2,"collection":"teams","field":"name"}	{"sort":2,"collection":"teams","field":"name"}	\N	\N
10	11	directus_fields	8	{"sort":3,"special":["m2o"],"interface":"select-dropdown-m2o","collection":"teams","field":"owner"}	{"sort":3,"special":["m2o"],"interface":"select-dropdown-m2o","collection":"teams","field":"owner"}	\N	\N
11	12	directus_fields	9	{"sort":1,"hidden":true,"interface":"numeric","readonly":true,"field":"id","collection":"memberships"}	{"sort":1,"hidden":true,"interface":"numeric","readonly":true,"field":"id","collection":"memberships"}	\N	\N
12	13	directus_collections	memberships	{"hidden":false,"icon":"box","collection":"memberships"}	{"hidden":false,"icon":"box","collection":"memberships"}	\N	\N
13	14	directus_fields	10	{"sort":2,"collection":"memberships","field":"user"}	{"sort":2,"collection":"memberships","field":"user"}	\N	\N
14	15	directus_fields	11	{"sort":3,"collection":"memberships","field":"team"}	{"sort":3,"collection":"memberships","field":"team"}	\N	\N
15	16	directus_fields	12	{"sort":4,"collection":"memberships","field":"role"}	{"sort":4,"collection":"memberships","field":"role"}	\N	\N
16	17	directus_fields	13	{"sort":1,"hidden":true,"interface":"numeric","readonly":true,"field":"id","collection":"invites"}	{"sort":1,"hidden":true,"interface":"numeric","readonly":true,"field":"id","collection":"invites"}	\N	\N
17	18	directus_collections	invites	{"hidden":false,"icon":"box","collection":"invites"}	{"hidden":false,"icon":"box","collection":"invites"}	\N	\N
18	19	directus_fields	14	{"sort":2,"collection":"invites","field":"code"}	{"sort":2,"collection":"invites","field":"code"}	\N	\N
19	20	directus_fields	15	{"sort":3,"collection":"invites","field":"team"}	{"sort":3,"collection":"invites","field":"team"}	\N	\N
20	21	directus_fields	16	{"sort":4,"collection":"invites","field":"email"}	{"sort":4,"collection":"invites","field":"email"}	\N	\N
21	22	directus_fields	17	{"sort":5,"collection":"invites","field":"expires_at"}	{"sort":5,"collection":"invites","field":"expires_at"}	\N	\N
22	23	directus_fields	18	{"sort":1,"hidden":true,"interface":"numeric","readonly":true,"field":"id","collection":"reagents"}	{"sort":1,"hidden":true,"interface":"numeric","readonly":true,"field":"id","collection":"reagents"}	\N	\N
23	24	directus_collections	reagents	{"hidden":false,"icon":"box","collection":"reagents"}	{"hidden":false,"icon":"box","collection":"reagents"}	\N	\N
24	25	directus_fields	19	{"sort":2,"collection":"reagents","field":"name"}	{"sort":2,"collection":"reagents","field":"name"}	\N	\N
25	26	directus_fields	20	{"sort":3,"collection":"reagents","field":"cas_number"}	{"sort":3,"collection":"reagents","field":"cas_number"}	\N	\N
26	27	directus_fields	21	{"sort":4,"collection":"reagents","field":"expiry_date"}	{"sort":4,"collection":"reagents","field":"expiry_date"}	\N	\N
27	28	directus_fields	22	{"sort":5,"collection":"reagents","field":"location"}	{"sort":5,"collection":"reagents","field":"location"}	\N	\N
28	29	directus_fields	23	{"sort":6,"collection":"reagents","field":"team"}	{"sort":6,"collection":"reagents","field":"team"}	\N	\N
29	30	directus_fields	24	{"sort":7,"collection":"reagents","field":"notes"}	{"sort":7,"collection":"reagents","field":"notes"}	\N	\N
30	31	directus_fields	25	{"sort":8,"collection":"reagents","field":"quantity"}	{"sort":8,"collection":"reagents","field":"quantity"}	\N	\N
31	32	directus_fields	26	{"sort":1,"hidden":true,"interface":"numeric","readonly":true,"field":"id","collection":"notes"}	{"sort":1,"hidden":true,"interface":"numeric","readonly":true,"field":"id","collection":"notes"}	\N	\N
32	33	directus_collections	notes	{"hidden":false,"icon":"box","collection":"notes"}	{"hidden":false,"icon":"box","collection":"notes"}	\N	\N
33	34	directus_fields	27	{"sort":2,"collection":"notes","field":"content"}	{"sort":2,"collection":"notes","field":"content"}	\N	\N
34	35	directus_fields	28	{"sort":3,"collection":"notes","field":"reagent"}	{"sort":3,"collection":"notes","field":"reagent"}	\N	\N
35	36	directus_fields	29	{"sort":4,"collection":"notes","field":"author"}	{"sort":4,"collection":"notes","field":"author"}	\N	\N
36	37	directus_fields	30	{"sort":1,"hidden":true,"interface":"numeric","readonly":true,"field":"id","collection":"settings"}	{"sort":1,"hidden":true,"interface":"numeric","readonly":true,"field":"id","collection":"settings"}	\N	\N
37	38	directus_collections	settings	{"hidden":false,"icon":"box","collection":"settings"}	{"hidden":false,"icon":"box","collection":"settings"}	\N	\N
38	39	directus_fields	31	{"sort":2,"collection":"settings","field":"user"}	{"sort":2,"collection":"settings","field":"user"}	\N	\N
39	40	directus_fields	32	{"sort":3,"collection":"settings","field":"key"}	{"sort":3,"collection":"settings","field":"key"}	\N	\N
40	41	directus_fields	33	{"sort":4,"collection":"settings","field":"value"}	{"sort":4,"collection":"settings","field":"value"}	\N	\N
41	42	directus_fields	34	{"sort":1,"hidden":true,"interface":"numeric","readonly":true,"field":"id","collection":"push_subscriptions"}	{"sort":1,"hidden":true,"interface":"numeric","readonly":true,"field":"id","collection":"push_subscriptions"}	\N	\N
42	43	directus_collections	push_subscriptions	{"hidden":false,"icon":"box","collection":"push_subscriptions"}	{"hidden":false,"icon":"box","collection":"push_subscriptions"}	\N	\N
43	44	directus_fields	35	{"sort":2,"collection":"push_subscriptions","field":"user"}	{"sort":2,"collection":"push_subscriptions","field":"user"}	\N	\N
44	45	directus_fields	36	{"sort":3,"collection":"push_subscriptions","field":"endpoint"}	{"sort":3,"collection":"push_subscriptions","field":"endpoint"}	\N	\N
45	46	directus_fields	37	{"sort":4,"collection":"push_subscriptions","field":"keys"}	{"sort":4,"collection":"push_subscriptions","field":"keys"}	\N	\N
46	51	directus_users	22d4c7ba-704c-4f84-97f2-651220a231c0	{"email":"coriatel@gmail.com","password":"**********","status":"active","role":"debc365a-7e1d-40c1-8357-4fe6cebd4248"}	{"email":"coriatel@gmail.com","password":"**********","status":"active","role":"debc365a-7e1d-40c1-8357-4fe6cebd4248"}	\N	\N
47	53	directus_settings	1	{"id":1,"project_name":"Directus","project_url":null,"project_color":"#6644FF","project_logo":null,"public_foreground":null,"public_background":null,"public_note":null,"auth_login_attempts":25,"auth_password_policy":null,"storage_asset_transform":"all","storage_asset_presets":null,"custom_css":null,"storage_default_folder":null,"basemaps":null,"mapbox_key":null,"module_bar":null,"project_descriptor":null,"default_language":"en-US","custom_aspect_ratios":null,"public_favicon":null,"default_appearance":"auto","default_theme_light":null,"theme_light_overrides":null,"default_theme_dark":null,"theme_dark_overrides":null,"report_error_url":null,"report_bug_url":null,"report_feature_url":null,"public_registration":false,"public_registration_verify_email":true,"public_registration_role":null,"public_registration_email_filter":null,"visual_editor_urls":null,"project_id":"019c0a1f-8b85-7419-8960-6eb53dae8487","mcp_enabled":false,"mcp_allow_deletes":false,"mcp_prompts_collection":null,"mcp_system_prompt_enabled":true,"mcp_system_prompt":null,"project_owner":"coriatel@gmail.com","project_usage":"commercial","org_name":"חושן יהודה","product_updates":false,"project_status":null,"ai_openai_api_key":null,"ai_anthropic_api_key":null,"ai_system_prompt":null}	{"project_owner":"coriatel@gmail.com","project_usage":"commercial","org_name":"חושן יהודה","product_updates":false,"project_status":null}	\N	\N
48	54	directus_users	22d4c7ba-704c-4f84-97f2-651220a231c0	{"id":"22d4c7ba-704c-4f84-97f2-651220a231c0","first_name":"Elron","last_name":"Coriat","email":"coriatel@gmail.com","password":"**********","location":null,"title":null,"description":null,"tags":null,"avatar":null,"language":null,"tfa_secret":null,"status":"active","role":"debc365a-7e1d-40c1-8357-4fe6cebd4248","token":null,"last_access":"2026-01-30T09:31:08.397Z","last_page":"/settings/ai","provider":"default","external_identifier":null,"auth_data":null,"email_notifications":true,"appearance":null,"theme_dark":null,"theme_light":null,"theme_light_overrides":null,"theme_dark_overrides":null,"text_direction":"auto","policies":[]}	{"first_name":"Elron","last_name":"Coriat"}	\N	\N
49	60	directus_users	21572cc5-1e4a-461b-ac2a-4f9248e3abdd	{"id":"21572cc5-1e4a-461b-ac2a-4f9248e3abdd","first_name":"Admin","last_name":"User","email":"admin@coriathost.cloud","password":"**********","location":null,"title":null,"description":null,"tags":null,"avatar":null,"language":null,"tfa_secret":null,"status":"active","role":"debc365a-7e1d-40c1-8357-4fe6cebd4248","token":"**********","last_access":"2026-02-01T11:30:21.401Z","last_page":null,"provider":"default","external_identifier":null,"auth_data":null,"email_notifications":true,"appearance":null,"theme_dark":null,"theme_light":null,"theme_light_overrides":null,"theme_dark_overrides":null,"text_direction":"auto","policies":[]}	{"token":"**********"}	\N	\N
50	61	app_users	1	{"email":"coriatel@gmail.com","display_name":"אלרון קוריאט","avatar_url":"https://lh3.googleusercontent.com/a/ACg8ocJhYAoJQUmAtciQyRs0CKmLu8rO8n-0ETfYkuKGlO4-h29s11yp=s96-c","google_id":"115590782165341616989","last_login":"2026-02-01T11:51:02"}	{"email":"coriatel@gmail.com","display_name":"אלרון קוריאט","avatar_url":"https://lh3.googleusercontent.com/a/ACg8ocJhYAoJQUmAtciQyRs0CKmLu8rO8n-0ETfYkuKGlO4-h29s11yp=s96-c","google_id":"115590782165341616989","last_login":"2026-02-01T11:51:02"}	\N	\N
51	62	app_users	1	{"id":1,"google_id":"115590782165341616989","email":"coriatel@gmail.com","display_name":"אלרון קוריאט","avatar_url":"https://lh3.googleusercontent.com/a/ACg8ocJhYAoJQUmAtciQyRs0CKmLu8rO8n-0ETfYkuKGlO4-h29s11yp=s96-c","last_login":"2026-02-01T11:58:31"}	{"display_name":"אלרון קוריאט","avatar_url":"https://lh3.googleusercontent.com/a/ACg8ocJhYAoJQUmAtciQyRs0CKmLu8rO8n-0ETfYkuKGlO4-h29s11yp=s96-c","last_login":"2026-02-01T11:58:31"}	\N	\N
52	63	app_users	1	{"id":1,"google_id":"115590782165341616989","email":"coriatel@gmail.com","display_name":"אלרון קוריאט","avatar_url":"https://lh3.googleusercontent.com/a/ACg8ocJhYAoJQUmAtciQyRs0CKmLu8rO8n-0ETfYkuKGlO4-h29s11yp=s96-c","last_login":"2026-02-01T11:58:37"}	{"display_name":"אלרון קוריאט","avatar_url":"https://lh3.googleusercontent.com/a/ACg8ocJhYAoJQUmAtciQyRs0CKmLu8rO8n-0ETfYkuKGlO4-h29s11yp=s96-c","last_login":"2026-02-01T11:58:37"}	\N	\N
53	64	app_users	1	{"id":1,"google_id":"115590782165341616989","email":"coriatel@gmail.com","display_name":"אלרון קוריאט","avatar_url":"https://lh3.googleusercontent.com/a/ACg8ocJhYAoJQUmAtciQyRs0CKmLu8rO8n-0ETfYkuKGlO4-h29s11yp=s96-c","last_login":"2026-02-01T11:58:43"}	{"display_name":"אלרון קוריאט","avatar_url":"https://lh3.googleusercontent.com/a/ACg8ocJhYAoJQUmAtciQyRs0CKmLu8rO8n-0ETfYkuKGlO4-h29s11yp=s96-c","last_login":"2026-02-01T11:58:43"}	\N	\N
54	65	app_users	2	{"email":"merkazneshama@gmail.com","display_name":"מרכז נשמה קורסים","avatar_url":"https://lh3.googleusercontent.com/a/ACg8ocIwN5TK59yhV4C2m_n-aN84A4VTFDDJ0430SIFJ6mZ994fb8w=s96-c","google_id":"115331540476748926610","last_login":"2026-02-01T11:59:06"}	{"email":"merkazneshama@gmail.com","display_name":"מרכז נשמה קורסים","avatar_url":"https://lh3.googleusercontent.com/a/ACg8ocIwN5TK59yhV4C2m_n-aN84A4VTFDDJ0430SIFJ6mZ994fb8w=s96-c","google_id":"115331540476748926610","last_login":"2026-02-01T11:59:06"}	\N	\N
55	66	app_users	1	{"id":1,"google_id":"115590782165341616989","email":"coriatel@gmail.com","display_name":"אלרון קוריאט","avatar_url":"https://lh3.googleusercontent.com/a/ACg8ocJhYAoJQUmAtciQyRs0CKmLu8rO8n-0ETfYkuKGlO4-h29s11yp=s96-c","last_login":"2026-02-01T12:57:51"}	{"display_name":"אלרון קוריאט","avatar_url":"https://lh3.googleusercontent.com/a/ACg8ocJhYAoJQUmAtciQyRs0CKmLu8rO8n-0ETfYkuKGlO4-h29s11yp=s96-c","last_login":"2026-02-01T12:57:51"}	\N	\N
56	67	teams	1	{"name":"אלרון קוריאט's Team","owner":1}	{"name":"אלרון קוריאט's Team","owner":1}	\N	\N
57	68	memberships	1	{"team":1,"user":1,"role":"owner","email_alerts_enabled":true}	{"team":1,"user":1,"role":"owner","email_alerts_enabled":true}	\N	\N
58	69	app_users	1	{"id":1,"google_id":"115590782165341616989","email":"coriatel@gmail.com","display_name":"אלרון קוריאט","avatar_url":"https://lh3.googleusercontent.com/a/ACg8ocJhYAoJQUmAtciQyRs0CKmLu8rO8n-0ETfYkuKGlO4-h29s11yp=s96-c","last_login":"2026-02-01T12:58:16"}	{"display_name":"אלרון קוריאט","avatar_url":"https://lh3.googleusercontent.com/a/ACg8ocJhYAoJQUmAtciQyRs0CKmLu8rO8n-0ETfYkuKGlO4-h29s11yp=s96-c","last_login":"2026-02-01T12:58:16"}	\N	\N
99	130	settings	1	{"user":null,"key":null,"value":null,"team":1,"last_sent":null,"enabled":true,"remind_in_days":7,"id":1}	{"remind_in_days":7}	\N	\N
100	131	settings	2	{"user":null,"key":null,"value":null,"team":2,"last_sent":null,"enabled":true,"remind_in_days":7,"id":2}	{"remind_in_days":7}	\N	\N
59	71	app_users	1	{"id":1,"google_id":"115590782165341616989","email":"coriatel@gmail.com","display_name":"אלרון קוריאט","avatar_url":"https://lh3.googleusercontent.com/a/ACg8ocJhYAoJQUmAtciQyRs0CKmLu8rO8n-0ETfYkuKGlO4-h29s11yp=s96-c","last_login":"2026-02-01T13:10:15"}	{"display_name":"אלרון קוריאט","avatar_url":"https://lh3.googleusercontent.com/a/ACg8ocJhYAoJQUmAtciQyRs0CKmLu8rO8n-0ETfYkuKGlO4-h29s11yp=s96-c","last_login":"2026-02-01T13:10:15"}	\N	\N
60	72	settings	1	{"team":1,"enabled":true,"remind_in_days":30}	{"team":1,"enabled":true,"remind_in_days":30}	\N	\N
61	73	app_users	1	{"id":1,"google_id":"115590782165341616989","email":"coriatel@gmail.com","display_name":"אלרון קוריאט","avatar_url":"https://lh3.googleusercontent.com/a/ACg8ocJhYAoJQUmAtciQyRs0CKmLu8rO8n-0ETfYkuKGlO4-h29s11yp=s96-c","last_login":"2026-02-01T13:10:22"}	{"display_name":"אלרון קוריאט","avatar_url":"https://lh3.googleusercontent.com/a/ACg8ocJhYAoJQUmAtciQyRs0CKmLu8rO8n-0ETfYkuKGlO4-h29s11yp=s96-c","last_login":"2026-02-01T13:10:22"}	\N	\N
62	74	reagents	1	{"name":"בדיקה ","category":"beads","expiry_date":"2026-02-02","lot_number":"","received_date":"","notes":"","is_archived":false,"team":1}	{"name":"בדיקה ","category":"beads","expiry_date":"2026-02-02","lot_number":"","received_date":"","notes":"","is_archived":false,"team":1}	\N	\N
63	75	app_users	1	{"id":1,"google_id":"115590782165341616989","email":"coriatel@gmail.com","display_name":"אלרון קוריאט","avatar_url":"https://lh3.googleusercontent.com/a/ACg8ocJhYAoJQUmAtciQyRs0CKmLu8rO8n-0ETfYkuKGlO4-h29s11yp=s96-c","last_login":"2026-02-01T13:52:41"}	{"display_name":"אלרון קוריאט","avatar_url":"https://lh3.googleusercontent.com/a/ACg8ocJhYAoJQUmAtciQyRs0CKmLu8rO8n-0ETfYkuKGlO4-h29s11yp=s96-c","last_login":"2026-02-01T13:52:41"}	\N	\N
64	76	app_users	3	{"email":"heba.abumock@gmail.com","display_name":"Heba Abumock","avatar_url":"https://lh3.googleusercontent.com/a/ACg8ocISuGR6-lGqGHysWo0U_GTDxQzF54jSBdS3xjl0CqBRxtBrpA=s96-c","google_id":"116903653480259705125","last_login":"2026-02-01T14:15:51"}	{"email":"heba.abumock@gmail.com","display_name":"Heba Abumock","avatar_url":"https://lh3.googleusercontent.com/a/ACg8ocISuGR6-lGqGHysWo0U_GTDxQzF54jSBdS3xjl0CqBRxtBrpA=s96-c","google_id":"116903653480259705125","last_login":"2026-02-01T14:15:51"}	\N	\N
65	77	teams	2	{"name":"Heba Abumock's Team","owner":3}	{"name":"Heba Abumock's Team","owner":3}	\N	\N
66	78	memberships	2	{"team":2,"user":3,"role":"owner","email_alerts_enabled":true}	{"team":2,"user":3,"role":"owner","email_alerts_enabled":true}	\N	\N
67	79	settings	2	{"team":2,"enabled":true,"remind_in_days":30}	{"team":2,"enabled":true,"remind_in_days":30}	\N	\N
68	80	app_users	1	{"id":1,"google_id":"115590782165341616989","email":"coriatel@gmail.com","display_name":"אלרון קוריאט","avatar_url":"https://lh3.googleusercontent.com/a/ACg8ocJhYAoJQUmAtciQyRs0CKmLu8rO8n-0ETfYkuKGlO4-h29s11yp=s96-c","last_login":"2026-02-01T14:16:52"}	{"display_name":"אלרון קוריאט","avatar_url":"https://lh3.googleusercontent.com/a/ACg8ocJhYAoJQUmAtciQyRs0CKmLu8rO8n-0ETfYkuKGlO4-h29s11yp=s96-c","last_login":"2026-02-01T14:16:52"}	\N	\N
69	81	app_users	1	{"id":1,"google_id":"115590782165341616989","email":"coriatel@gmail.com","display_name":"אלרון קוריאט","avatar_url":"https://lh3.googleusercontent.com/a/ACg8ocJhYAoJQUmAtciQyRs0CKmLu8rO8n-0ETfYkuKGlO4-h29s11yp=s96-c","last_login":"2026-02-01T14:16:54"}	{"display_name":"אלרון קוריאט","avatar_url":"https://lh3.googleusercontent.com/a/ACg8ocJhYAoJQUmAtciQyRs0CKmLu8rO8n-0ETfYkuKGlO4-h29s11yp=s96-c","last_login":"2026-02-01T14:16:54"}	\N	\N
70	82	app_users	1	{"id":1,"google_id":"115590782165341616989","email":"coriatel@gmail.com","display_name":"אלרון קוריאט","avatar_url":"https://lh3.googleusercontent.com/a/ACg8ocJhYAoJQUmAtciQyRs0CKmLu8rO8n-0ETfYkuKGlO4-h29s11yp=s96-c","last_login":"2026-02-01T14:51:49"}	{"display_name":"אלרון קוריאט","avatar_url":"https://lh3.googleusercontent.com/a/ACg8ocJhYAoJQUmAtciQyRs0CKmLu8rO8n-0ETfYkuKGlO4-h29s11yp=s96-c","last_login":"2026-02-01T14:51:49"}	\N	\N
71	84	app_users	1	{"id":1,"google_id":"115590782165341616989","email":"coriatel@gmail.com","display_name":"אלרון קוריאט","avatar_url":"https://lh3.googleusercontent.com/a/ACg8ocJhYAoJQUmAtciQyRs0CKmLu8rO8n-0ETfYkuKGlO4-h29s11yp=s96-c","last_login":"2026-02-01T15:00:02"}	{"display_name":"אלרון קוריאט","avatar_url":"https://lh3.googleusercontent.com/a/ACg8ocJhYAoJQUmAtciQyRs0CKmLu8rO8n-0ETfYkuKGlO4-h29s11yp=s96-c","last_login":"2026-02-01T15:00:02"}	\N	\N
72	85	reagents	2	{"name":"Hf","category":"reagents","expiry_date":"2026-02-06","lot_number":"Ff","received_date":null,"notes":"","is_archived":false,"team":1}	{"name":"Hf","category":"reagents","expiry_date":"2026-02-06","lot_number":"Ff","received_date":null,"notes":"","is_archived":false,"team":1}	\N	\N
73	89	app_users	1	{"id":1,"google_id":"115590782165341616989","email":"coriatel@gmail.com","display_name":"אלרון קוריאט","avatar_url":"https://lh3.googleusercontent.com/a/ACg8ocJhYAoJQUmAtciQyRs0CKmLu8rO8n-0ETfYkuKGlO4-h29s11yp=s96-c","last_login":"2026-02-01T15:49:55"}	{"display_name":"אלרון קוריאט","avatar_url":"https://lh3.googleusercontent.com/a/ACg8ocJhYAoJQUmAtciQyRs0CKmLu8rO8n-0ETfYkuKGlO4-h29s11yp=s96-c","last_login":"2026-02-01T15:49:55"}	\N	\N
74	90	reagents	3	{"name":"H","category":"reagents","expiry_date":"2026-02-08","lot_number":"H","received_date":null,"notes":"","is_archived":false,"team":1}	{"name":"H","category":"reagents","expiry_date":"2026-02-08","lot_number":"H","received_date":null,"notes":"","is_archived":false,"team":1}	\N	\N
75	95	app_users	1	{"google_id":"115590782165341616989","email":"coriatel@gmail.com","display_name":"אלרון קוריאט","avatar_url":"https://lh3.googleusercontent.com/a/ACg8ocJhYAoJQUmAtciQyRs0CKmLu8rO8n-0ETfYkuKGlO4-h29s11yp=s96-c","last_login":"2026-02-02T14:55:03","id":1,"name":"אלרון קוריאט","password":null,"deviceFingerprint":null,"lastLoginAt":"2026-02-01T15:49:55","updatedAt":null,"role":"USER","isActive":true,"createdAt":"2026-02-02T14:45:11"}	{"display_name":"אלרון קוריאט","avatar_url":"https://lh3.googleusercontent.com/a/ACg8ocJhYAoJQUmAtciQyRs0CKmLu8rO8n-0ETfYkuKGlO4-h29s11yp=s96-c","last_login":"2026-02-02T14:55:03"}	\N	\N
76	96	reagents	4	{"name":"vfdb","category":"reagents","expiry_date":"2026-02-19","lot_number":"fdbdf","received_date":null,"notes":"dfb","is_archived":false,"team":1}	{"name":"vfdb","category":"reagents","expiry_date":"2026-02-19","lot_number":"fdbdf","received_date":null,"notes":"dfb","is_archived":false,"team":1}	\N	\N
77	98	directus_collections	Reagent	{"collection":"Reagent"}	{"collection":"Reagent"}	\N	\N
78	99	directus_extensions	63b8592a-8044-4cf4-93c2-8fed26ba1fce	{"id":"63b8592a-8044-4cf4-93c2-8fed26ba1fce","enabled":true,"folder":"37af1194-21a8-40d9-9eb8-ec613c2776d0","source":"registry","bundle":null}	{"id":"63b8592a-8044-4cf4-93c2-8fed26ba1fce","enabled":true,"folder":"37af1194-21a8-40d9-9eb8-ec613c2776d0","source":"registry","bundle":null}	\N	\N
101	132	reagents	5	{"name":"__schema_check__","team":1,"expiry_date":"2026-03-15","category":"reagents","is_archived":false}	{"name":"__schema_check__","team":1,"expiry_date":"2026-03-15","category":"reagents","is_archived":false}	\N	\N
79	100	directus_extensions	7e41b061-d5f4-46b2-9432-7567a7612034	{"id":"7e41b061-d5f4-46b2-9432-7567a7612034","enabled":true,"folder":"b4b34a61-e4b3-4ade-827f-63c8a0a0b31a","source":"registry","bundle":null}	{"id":"7e41b061-d5f4-46b2-9432-7567a7612034","enabled":true,"folder":"b4b34a61-e4b3-4ade-827f-63c8a0a0b31a","source":"registry","bundle":null}	\N	\N
80	101	directus_extensions	dae0226c-3705-4731-b0c0-36b3aa4a511c	{"id":"dae0226c-3705-4731-b0c0-36b3aa4a511c","enabled":true,"folder":"781dd88c-4d22-4245-a56c-bfec68ffc775","source":"registry","bundle":null}	{"id":"dae0226c-3705-4731-b0c0-36b3aa4a511c","enabled":true,"folder":"781dd88c-4d22-4245-a56c-bfec68ffc775","source":"registry","bundle":null}	\N	\N
81	102	directus_extensions	335e9232-b5c7-48bf-ae06-d4e524df53a6	{"id":"335e9232-b5c7-48bf-ae06-d4e524df53a6","enabled":true,"folder":"751fe55c-d76a-4373-a6ea-babe206ea790","source":"registry","bundle":null}	{"id":"335e9232-b5c7-48bf-ae06-d4e524df53a6","enabled":true,"folder":"751fe55c-d76a-4373-a6ea-babe206ea790","source":"registry","bundle":null}	\N	\N
82	103	directus_extensions	72f87b8f-2abf-4693-b1b4-f1be1eb8c06c	{"id":"72f87b8f-2abf-4693-b1b4-f1be1eb8c06c","enabled":true,"folder":"4f644ee5-f672-46af-9c8e-49641dc91102","source":"registry","bundle":null}	{"id":"72f87b8f-2abf-4693-b1b4-f1be1eb8c06c","enabled":true,"folder":"4f644ee5-f672-46af-9c8e-49641dc91102","source":"registry","bundle":null}	\N	\N
83	104	directus_extensions	798d634f-b2a0-4857-8965-0f7b78e326c4	{"id":"798d634f-b2a0-4857-8965-0f7b78e326c4","enabled":true,"folder":"c8554db6-c93c-4d19-994d-3701f0800898","source":"registry","bundle":null}	{"id":"798d634f-b2a0-4857-8965-0f7b78e326c4","enabled":true,"folder":"c8554db6-c93c-4d19-994d-3701f0800898","source":"registry","bundle":null}	\N	\N
84	105	directus_extensions	f1be1611-88f4-4413-b9dd-19c37fed45a9	{"id":"f1be1611-88f4-4413-b9dd-19c37fed45a9","enabled":true,"folder":"d2ec4289-5dff-4017-9d48-c915c7184df4","source":"registry","bundle":null}	{"id":"f1be1611-88f4-4413-b9dd-19c37fed45a9","enabled":true,"folder":"d2ec4289-5dff-4017-9d48-c915c7184df4","source":"registry","bundle":null}	\N	\N
85	106	directus_extensions	8a827d6a-f820-4814-8803-9bcf398282d4	{"id":"8a827d6a-f820-4814-8803-9bcf398282d4","enabled":true,"folder":"9bde3cf6-c3bd-4bbf-befe-e65294d4b632","source":"registry","bundle":null}	{"id":"8a827d6a-f820-4814-8803-9bcf398282d4","enabled":true,"folder":"9bde3cf6-c3bd-4bbf-befe-e65294d4b632","source":"registry","bundle":null}	\N	\N
86	107	directus_extensions	ba006417-d6d5-4eed-a8a8-d51d89073a9c	{"id":"ba006417-d6d5-4eed-a8a8-d51d89073a9c","enabled":true,"folder":"9108c453-4ebf-4827-a42c-b90740888480","source":"registry","bundle":null}	{"id":"ba006417-d6d5-4eed-a8a8-d51d89073a9c","enabled":true,"folder":"9108c453-4ebf-4827-a42c-b90740888480","source":"registry","bundle":null}	\N	\N
87	108	directus_extensions	647aa4e9-91ef-4b17-b00d-d07d1775ddad	{"id":"647aa4e9-91ef-4b17-b00d-d07d1775ddad","enabled":true,"folder":"f34eb7d1-5441-46f0-b9ed-d276e7798030","source":"registry","bundle":null}	{"id":"647aa4e9-91ef-4b17-b00d-d07d1775ddad","enabled":true,"folder":"f34eb7d1-5441-46f0-b9ed-d276e7798030","source":"registry","bundle":null}	\N	\N
88	109	directus_extensions	d04efda0-abe4-4174-9f64-96f2c43eb329	{"enabled":true,"folder":"interface","source":"registry","bundle":"647aa4e9-91ef-4b17-b00d-d07d1775ddad"}	{"enabled":true,"folder":"interface","source":"registry","bundle":"647aa4e9-91ef-4b17-b00d-d07d1775ddad"}	\N	\N
89	110	directus_extensions	3f4a4375-fbce-419c-851a-0ca7161d25d5	{"enabled":true,"folder":"display","source":"registry","bundle":"647aa4e9-91ef-4b17-b00d-d07d1775ddad"}	{"enabled":true,"folder":"display","source":"registry","bundle":"647aa4e9-91ef-4b17-b00d-d07d1775ddad"}	\N	\N
90	111	directus_settings	1	{"project_url":null,"project_logo":null,"public_foreground":null,"public_background":null,"public_note":null,"auth_password_policy":null,"storage_asset_presets":null,"custom_css":null,"storage_default_folder":null,"basemaps":null,"mapbox_key":null,"module_bar":null,"project_descriptor":null,"custom_aspect_ratios":null,"public_favicon":null,"default_theme_light":null,"theme_light_overrides":null,"default_theme_dark":null,"id":1,"theme_dark_overrides":null,"report_error_url":null,"report_bug_url":null,"report_feature_url":null,"public_registration_role":null,"public_registration_email_filter":null,"visual_editor_urls":null,"project_id":"019c0a1f-8b85-7419-8960-6eb53dae8487","mcp_system_prompt":null,"project_owner":"coriatel@gmail.com","project_usage":"commercial","org_name":"חושן יהודה","product_updates":false,"project_status":null,"ai_openai_api_key":null,"ai_anthropic_api_key":null,"ai_system_prompt":null,"project_name":"Directus","project_color":"#6644FF","auth_login_attempts":25,"storage_asset_transform":"all","default_language":"he-IL","default_appearance":"auto","public_registration":false,"public_registration_verify_email":true,"mcp_enabled":false,"mcp_allow_deletes":false,"mcp_prompts_collection":null,"mcp_system_prompt_enabled":true}	{"default_language":"he-IL"}	\N	\N
91	112	app_users	1	{"google_id":"115590782165341616989","email":"coriatel@gmail.com","display_name":"אלרון קוריאט","avatar_url":"https://lh3.googleusercontent.com/a/ACg8ocJhYAoJQUmAtciQyRs0CKmLu8rO8n-0ETfYkuKGlO4-h29s11yp=s96-c","last_login":"2026-02-02T15:21:20","id":1,"name":"אלרון קוריאט","password":null,"deviceFingerprint":null,"lastLoginAt":"2026-02-01T15:49:55","updatedAt":null,"role":"USER","isActive":true,"createdAt":"2026-02-02T14:45:11"}	{"display_name":"אלרון קוריאט","avatar_url":"https://lh3.googleusercontent.com/a/ACg8ocJhYAoJQUmAtciQyRs0CKmLu8rO8n-0ETfYkuKGlO4-h29s11yp=s96-c","last_login":"2026-02-02T15:21:20"}	\N	\N
92	113	app_users	1	{"google_id":"115590782165341616989","email":"coriatel@gmail.com","display_name":"אלרון קוריאט","avatar_url":"https://lh3.googleusercontent.com/a/ACg8ocJhYAoJQUmAtciQyRs0CKmLu8rO8n-0ETfYkuKGlO4-h29s11yp=s96-c","last_login":"2026-02-02T15:21:22","id":1,"name":"אלרון קוריאט","password":null,"deviceFingerprint":null,"lastLoginAt":"2026-02-01T15:49:55","updatedAt":null,"role":"USER","isActive":true,"createdAt":"2026-02-02T14:45:11"}	{"display_name":"אלרון קוריאט","avatar_url":"https://lh3.googleusercontent.com/a/ACg8ocJhYAoJQUmAtciQyRs0CKmLu8rO8n-0ETfYkuKGlO4-h29s11yp=s96-c","last_login":"2026-02-02T15:21:22"}	\N	\N
93	124	directus_fields	38	{"sort":9,"collection":"reagents","field":"category"}	{"sort":9,"collection":"reagents","field":"category"}	\N	\N
94	125	directus_fields	39	{"sort":10,"collection":"reagents","field":"lot_number"}	{"sort":10,"collection":"reagents","field":"lot_number"}	\N	\N
95	126	directus_fields	40	{"sort":11,"collection":"reagents","field":"received_date"}	{"sort":11,"collection":"reagents","field":"received_date"}	\N	\N
96	127	directus_fields	41	{"sort":12,"collection":"reagents","field":"is_archived"}	{"sort":12,"collection":"reagents","field":"is_archived"}	\N	\N
97	128	directus_fields	42	{"sort":13,"collection":"reagents","field":"snoozed_until"}	{"sort":13,"collection":"reagents","field":"snoozed_until"}	\N	\N
98	129	directus_fields	43	{"sort":14,"collection":"reagents","field":"dismissed_until"}	{"sort":14,"collection":"reagents","field":"dismissed_until"}	\N	\N
102	133	reagents	5	{"name":"__schema_check__","cas_number":null,"expiry_date":"2026-03-15","location":null,"team":1,"notes":null,"quantity":null,"id":5,"category":"reagents","lot_number":null,"received_date":null,"is_archived":true,"snoozed_until":"2026-02-05T00:00:00","dismissed_until":"2030-01-01T00:00:00"}	{"is_archived":true,"snoozed_until":"2026-02-05T00:00:00","dismissed_until":"2030-01-01T00:00:00"}	\N	\N
103	135	reagents	6	{"name":"__api_behavior_check__","category":"reagents","expiry_date":"2026-02-05","is_archived":false,"notes":"temp","team":1}	{"name":"__api_behavior_check__","category":"reagents","expiry_date":"2026-02-05","is_archived":false,"notes":"temp","team":1}	\N	\N
104	136	reagents	6	{"name":"__api_behavior_check__","cas_number":null,"expiry_date":"2026-02-05","location":null,"team":1,"notes":"temp","quantity":null,"id":6,"category":"reagents","lot_number":null,"received_date":null,"is_archived":true,"snoozed_until":null,"dismissed_until":null}	{"is_archived":true}	\N	\N
105	137	reagents	6	{"name":"__api_behavior_check__","cas_number":null,"expiry_date":"2026-02-05","location":null,"team":1,"notes":"temp","quantity":null,"id":6,"category":"reagents","lot_number":null,"received_date":null,"is_archived":false,"snoozed_until":"2099-01-01T00:00:00","dismissed_until":null}	{"is_archived":false,"snoozed_until":"2099-01-01T00:00:00","dismissed_until":null}	\N	\N
106	139	app_users	1	{"google_id":"115590782165341616989","email":"coriatel@gmail.com","display_name":"אלרון קוריאט","avatar_url":"https://lh3.googleusercontent.com/a/ACg8ocJhYAoJQUmAtciQyRs0CKmLu8rO8n-0ETfYkuKGlO4-h29s11yp=s96-c","last_login":"2026-02-02T16:14:17","id":1,"name":"אלרון קוריאט","password":null,"deviceFingerprint":null,"lastLoginAt":"2026-02-01T15:49:55","updatedAt":null,"role":"USER","isActive":true,"createdAt":"2026-02-02T14:45:11"}	{"display_name":"אלרון קוריאט","avatar_url":"https://lh3.googleusercontent.com/a/ACg8ocJhYAoJQUmAtciQyRs0CKmLu8rO8n-0ETfYkuKGlO4-h29s11yp=s96-c","last_login":"2026-02-02T16:14:17"}	\N	\N
107	140	reagents	4	{"name":"vfdb","cas_number":null,"expiry_date":"2026-02-19","location":null,"team":1,"notes":"dfb","quantity":null,"id":4,"category":"reagents","lot_number":null,"received_date":null,"is_archived":true,"snoozed_until":null,"dismissed_until":null}	{"is_archived":true}	\N	\N
108	141	app_users	1	{"google_id":"115590782165341616989","email":"coriatel@gmail.com","display_name":"אלרון קוריאט","avatar_url":"https://lh3.googleusercontent.com/a/ACg8ocJhYAoJQUmAtciQyRs0CKmLu8rO8n-0ETfYkuKGlO4-h29s11yp=s96-c","last_login":"2026-02-03T06:47:19","id":1,"name":"אלרון קוריאט","password":null,"deviceFingerprint":null,"lastLoginAt":"2026-02-01T15:49:55","updatedAt":null,"role":"USER","isActive":true,"createdAt":"2026-02-02T14:45:11"}	{"display_name":"אלרון קוריאט","avatar_url":"https://lh3.googleusercontent.com/a/ACg8ocJhYAoJQUmAtciQyRs0CKmLu8rO8n-0ETfYkuKGlO4-h29s11yp=s96-c","last_login":"2026-02-03T06:47:19"}	\N	\N
109	142	reagents	7	{"name":"Gg","category":"reagents","expiry_date":"2026-02-06","lot_number":"Ff","received_date":null,"notes":"Cc","is_archived":false,"team":1}	{"name":"Gg","category":"reagents","expiry_date":"2026-02-06","lot_number":"Ff","received_date":null,"notes":"Cc","is_archived":false,"team":1}	\N	\N
110	143	reagents	8	{"name":"Bb","category":"beads","expiry_date":"2026-02-18","lot_number":"V. ","received_date":null,"notes":"Cvv","is_archived":false,"team":1}	{"name":"Bb","category":"beads","expiry_date":"2026-02-18","lot_number":"V. ","received_date":null,"notes":"Cvv","is_archived":false,"team":1}	\N	\N
111	144	reagents	7	{"name":"Gg","cas_number":null,"expiry_date":"2026-02-06","location":null,"team":1,"notes":"Cc","quantity":null,"id":7,"category":"reagents","lot_number":"Ff","received_date":null,"is_archived":false,"snoozed_until":"2026-02-04T06:48:00","dismissed_until":null}	{"snoozed_until":"2026-02-04T06:48:00"}	\N	\N
112	145	app_users	1	{"google_id":"115590782165341616989","email":"coriatel@gmail.com","display_name":"אלרון קוריאט","avatar_url":"https://lh3.googleusercontent.com/a/ACg8ocJhYAoJQUmAtciQyRs0CKmLu8rO8n-0ETfYkuKGlO4-h29s11yp=s96-c","last_login":"2026-02-03T10:33:04","id":1,"name":"אלרון קוריאט","password":null,"deviceFingerprint":null,"lastLoginAt":"2026-02-01T15:49:55","updatedAt":null,"role":"USER","isActive":true,"createdAt":"2026-02-02T14:45:11"}	{"display_name":"אלרון קוריאט","avatar_url":"https://lh3.googleusercontent.com/a/ACg8ocJhYAoJQUmAtciQyRs0CKmLu8rO8n-0ETfYkuKGlO4-h29s11yp=s96-c","last_login":"2026-02-03T10:33:04"}	\N	\N
113	148	directus_fields	44	{"sort":4,"collection":"teams","field":"access_password_hash"}	{"sort":4,"collection":"teams","field":"access_password_hash"}	\N	\N
114	149	directus_fields	45	{"sort":5,"collection":"teams","field":"password_reset_token"}	{"sort":5,"collection":"teams","field":"password_reset_token"}	\N	\N
115	150	directus_fields	46	{"sort":6,"collection":"teams","field":"password_reset_expires_at"}	{"sort":6,"collection":"teams","field":"password_reset_expires_at"}	\N	\N
116	153	memberships	3	{"team":1,"user":3,"role":"admin","email_alerts_enabled":true}	{"team":1,"user":3,"role":"admin","email_alerts_enabled":true}	\N	\N
117	154	teams	3	{"name":"Blood Bank Beilinson","owner":1}	{"name":"Blood Bank Beilinson","owner":1}	\N	\N
118	155	memberships	4	{"user":1,"team":3,"role":"owner","email_alerts_enabled":true}	{"user":1,"team":3,"role":"owner","email_alerts_enabled":true}	\N	\N
119	156	memberships	5	{"user":3,"team":3,"role":"admin","email_alerts_enabled":true}	{"user":3,"team":3,"role":"admin","email_alerts_enabled":true}	\N	\N
120	157	app_users	1	{"google_id":"115590782165341616989","email":"coriatel@gmail.com","display_name":"אלרון קוריאט","avatar_url":"https://lh3.googleusercontent.com/a/ACg8ocJhYAoJQUmAtciQyRs0CKmLu8rO8n-0ETfYkuKGlO4-h29s11yp=s96-c","last_login":"2026-02-05T13:13:56","id":1,"name":"אלרון קוריאט","password":null,"deviceFingerprint":null,"lastLoginAt":"2026-02-01T15:49:55","updatedAt":null,"role":"USER","isActive":true,"createdAt":"2026-02-02T14:45:11"}	{"display_name":"אלרון קוריאט","avatar_url":"https://lh3.googleusercontent.com/a/ACg8ocJhYAoJQUmAtciQyRs0CKmLu8rO8n-0ETfYkuKGlO4-h29s11yp=s96-c","last_login":"2026-02-05T13:13:56"}	\N	\N
121	158	app_users	1	{"google_id":"115590782165341616989","email":"coriatel@gmail.com","display_name":"אלרון קוריאט","avatar_url":"https://lh3.googleusercontent.com/a/ACg8ocJhYAoJQUmAtciQyRs0CKmLu8rO8n-0ETfYkuKGlO4-h29s11yp=s96-c","last_login":"2026-02-05T14:50:22","id":1,"name":"אלרון קוריאט","password":null,"deviceFingerprint":null,"lastLoginAt":"2026-02-01T15:49:55","updatedAt":null,"role":"USER","isActive":true,"createdAt":"2026-02-02T14:45:11"}	{"display_name":"אלרון קוריאט","avatar_url":"https://lh3.googleusercontent.com/a/ACg8ocJhYAoJQUmAtciQyRs0CKmLu8rO8n-0ETfYkuKGlO4-h29s11yp=s96-c","last_login":"2026-02-05T14:50:22"}	\N	\N
122	162	settings	3	{"team":3,"enabled":true,"remind_in_days":7}	{"team":3,"enabled":true,"remind_in_days":7}	\N	\N
123	164	app_users	3	{"google_id":"116903653480259705125","email":"heba.abumock@gmail.com","display_name":"Heba Abumock","avatar_url":"https://lh3.googleusercontent.com/a/ACg8ocISuGR6-lGqGHysWo0U_GTDxQzF54jSBdS3xjl0CqBRxtBrpA=s96-c","last_login":"2026-03-06T07:05:05","id":3,"name":"Heba Abumock","password":null,"deviceFingerprint":null,"lastLoginAt":"2026-02-01T14:15:51","updatedAt":null,"role":"USER","isActive":true,"createdAt":"2026-02-02T14:45:11"}	{"display_name":"Heba Abumock","avatar_url":"https://lh3.googleusercontent.com/a/ACg8ocISuGR6-lGqGHysWo0U_GTDxQzF54jSBdS3xjl0CqBRxtBrpA=s96-c","last_login":"2026-03-06T07:05:05"}	\N	\N
124	165	app_users	1	{"google_id":"115590782165341616989","email":"coriatel@gmail.com","display_name":"אלרון קוריאט","avatar_url":"https://lh3.googleusercontent.com/a/ACg8ocJhYAoJQUmAtciQyRs0CKmLu8rO8n-0ETfYkuKGlO4-h29s11yp=s96-c","last_login":"2026-03-08T11:25:29","id":1,"name":"Coriatel Admin","password":"$2b$10$eof2sgEpLuGXt90ecxmXcuujsVUcS5.fvk4oOfcmlhljkQRHA4WP.","deviceFingerprint":null,"lastLoginAt":"2026-02-01T15:49:55","updatedAt":"2026-02-12T09:17:13","role":"ADMIN","isActive":true,"createdAt":"2026-02-02T14:45:11"}	{"display_name":"אלרון קוריאט","avatar_url":"https://lh3.googleusercontent.com/a/ACg8ocJhYAoJQUmAtciQyRs0CKmLu8rO8n-0ETfYkuKGlO4-h29s11yp=s96-c","last_login":"2026-03-08T11:25:29"}	\N	\N
125	166	reagents	9	{"name":"כדוריות qc","category":"beads","expiry_date":"2026-04-03","lot_number":"","received_date":null,"notes":"Gamma","is_archived":false,"team":3}	{"name":"כדוריות qc","category":"beads","expiry_date":"2026-04-03","lot_number":"","received_date":null,"notes":"Gamma","is_archived":false,"team":3}	\N	\N
126	167	reagents	10	{"name":"כדויות A, B","category":"beads","expiry_date":"2026-03-20","lot_number":"","received_date":null,"notes":"Gamma ","is_archived":false,"team":3}	{"name":"כדויות A, B","category":"beads","expiry_date":"2026-03-20","lot_number":"","received_date":null,"notes":"Gamma ","is_archived":false,"team":3}	\N	\N
127	168	reagents	11	{"name":"Affirm ","category":"reagents","expiry_date":"2026-03-31","lot_number":"","received_date":null,"notes":"כמות נמוכה סופקה - נא לבדוק המשך אספקה","is_archived":false,"team":3}	{"name":"Affirm ","category":"reagents","expiry_date":"2026-03-31","lot_number":"","received_date":null,"notes":"כמות נמוכה סופקה - נא לבדוק המשך אספקה","is_archived":false,"team":3}	\N	\N
128	169	reagents	12	{"name":"פנל c","category":"reagents","expiry_date":"2026-03-10","lot_number":"","received_date":null,"notes":"יתכן ויש כבר חדש ","is_archived":false,"team":3}	{"name":"פנל c","category":"reagents","expiry_date":"2026-03-10","lot_number":"","received_date":null,"notes":"יתכן ויש כבר חדש ","is_archived":false,"team":3}	\N	\N
129	170	reagents	12	{"name":"פנל c","cas_number":null,"expiry_date":"2026-03-10","location":null,"team":3,"notes":"יש כבר חדש - אורתו","quantity":null,"id":12,"category":"beads","lot_number":"","received_date":null,"is_archived":false,"snoozed_until":null,"dismissed_until":null}	{"name":"פנל c","expiry_date":"2026-03-10","notes":"יש כבר חדש - אורתו","category":"beads","lot_number":"","received_date":null}	\N	\N
130	171	teams	3	{"name":"Blood Bank Beilinson","owner":1,"id":3,"access_password_hash":"774cdaa9827fa7c7f545481be5f3764f:3532c4618244cf1796178939d3b8a847bcf783c8a495fab947f9522aab7118fb","password_reset_token":null,"password_reset_expires_at":null}	{"access_password_hash":"774cdaa9827fa7c7f545481be5f3764f:3532c4618244cf1796178939d3b8a847bcf783c8a495fab947f9522aab7118fb","password_reset_token":null,"password_reset_expires_at":null}	\N	\N
131	172	invites	1	{"team":3,"email":"glronit7@gmail.com","role":"member","status":"pending","code":"gopd94qb2xj","expires_at":"2026-03-15T11:40:21"}	{"team":3,"email":"glronit7@gmail.com","role":"member","status":"pending","code":"gopd94qb2xj","expires_at":"2026-03-15T11:40:21"}	\N	\N
132	173	app_users	1	{"google_id":"115590782165341616989","email":"coriatel@gmail.com","display_name":"אלרון קוריאט","avatar_url":"https://lh3.googleusercontent.com/a/ACg8ocJhYAoJQUmAtciQyRs0CKmLu8rO8n-0ETfYkuKGlO4-h29s11yp=s96-c","last_login":"2026-03-08T11:41:05","id":1,"name":"Coriatel Admin","password":"$2b$10$eof2sgEpLuGXt90ecxmXcuujsVUcS5.fvk4oOfcmlhljkQRHA4WP.","deviceFingerprint":null,"lastLoginAt":"2026-02-01T15:49:55","updatedAt":"2026-02-12T09:17:13","role":"ADMIN","isActive":true,"createdAt":"2026-02-02T14:45:11"}	{"display_name":"אלרון קוריאט","avatar_url":"https://lh3.googleusercontent.com/a/ACg8ocJhYAoJQUmAtciQyRs0CKmLu8rO8n-0ETfYkuKGlO4-h29s11yp=s96-c","last_login":"2026-03-08T11:41:05"}	\N	\N
133	174	reagents	13	{"name":"כדוריות a b, סקר, םנל וםנל אנזים - מכשירים ","category":"reagents","expiry_date":"2026-03-30","lot_number":"","received_date":null,"notes":"ביוראד","is_archived":false,"team":3}	{"name":"כדוריות a b, סקר, םנל וםנל אנזים - מכשירים ","category":"reagents","expiry_date":"2026-03-30","lot_number":"","received_date":null,"notes":"ביוראד","is_archived":false,"team":3}	\N	\N
134	175	reagents	14	{"name":"פנל c ","category":"reagents","expiry_date":"2026-04-07","lot_number":"","received_date":null,"notes":"אורת'ו","is_archived":false,"team":3}	{"name":"פנל c ","category":"reagents","expiry_date":"2026-04-07","lot_number":"","received_date":null,"notes":"אורת'ו","is_archived":false,"team":3}	\N	\N
135	176	reagents	15	{"name":"פנל 6","category":"reagents","expiry_date":"2026-04-27","lot_number":"","received_date":null,"notes":"ביוראד","is_archived":false,"team":3}	{"name":"פנל 6","category":"reagents","expiry_date":"2026-04-27","lot_number":"","received_date":null,"notes":"ביוראד","is_archived":false,"team":3}	\N	\N
136	177	reagents	10	{"name":"כדויות A, B, סקר ופנל מבחנות ","cas_number":null,"expiry_date":"2026-03-20","location":null,"team":3,"notes":"Gamma ","quantity":null,"id":10,"category":"beads","lot_number":"","received_date":null,"is_archived":false,"snoozed_until":null,"dismissed_until":null}	{"name":"כדויות A, B, סקר ופנל מבחנות ","expiry_date":"2026-03-20","notes":"Gamma ","category":"beads","lot_number":"","received_date":null}	\N	\N
137	178	reagents	16	{"name":"Qc של מכשירים","category":"reagents","expiry_date":"2026-03-16","lot_number":"","received_date":null,"notes":"ביוראד","is_archived":false,"team":3}	{"name":"Qc של מכשירים","category":"reagents","expiry_date":"2026-03-16","lot_number":"","received_date":null,"notes":"ביוראד","is_archived":false,"team":3}	\N	\N
138	179	reagents	12	{"name":"פנל c","cas_number":null,"expiry_date":"2026-03-10","location":null,"team":3,"notes":"יש כבר חדש - אורתו","quantity":null,"id":12,"category":"beads","lot_number":"","received_date":null,"is_archived":false,"snoozed_until":null,"dismissed_until":"2036-03-05T12:06:32"}	{"dismissed_until":"2036-03-05T12:06:32"}	\N	\N
139	180	reagents	17	{"name":"A2","category":"beads","expiry_date":"2026-03-13","lot_number":"","received_date":null,"notes":"Gamma ","is_archived":false,"team":3}	{"name":"A2","category":"beads","expiry_date":"2026-03-13","lot_number":"","received_date":null,"notes":"Gamma ","is_archived":false,"team":3}	\N	\N
140	181	reagents	18	{"name":"Surge","category":"beads","expiry_date":"2026-03-23","lot_number":"","received_date":null,"notes":"סקר אורתו","is_archived":false,"team":3}	{"name":"Surge","category":"beads","expiry_date":"2026-03-23","lot_number":"","received_date":null,"notes":"סקר אורתו","is_archived":false,"team":3}	\N	\N
\.


--
-- Data for Name: directus_roles; Type: TABLE DATA; Schema: public; Owner: postgres
--

COPY public.directus_roles (id, name, icon, description, parent) FROM stdin;
debc365a-7e1d-40c1-8357-4fe6cebd4248	Administrator	verified	$t:admin_description	\N
\.


--
-- Data for Name: directus_sessions; Type: TABLE DATA; Schema: public; Owner: postgres
--

COPY public.directus_sessions (token, "user", expires, ip, user_agent, share, origin, next_token) FROM stdin;
Q9LognBfhQ3wvsySUdz39GQAkSoHTn7oPdlKwNmxK_EUHLNgZyEcOdnUjCm72C-U	21572cc5-1e4a-461b-ac2a-4f9248e3abdd	2026-02-09 15:29:16.999+00	172.18.0.1	axios/1.13.4	\N	\N	\N
D9mXUEbM99oIAyTUv3lDm4SF_EemEoxTiHys8AK5ZE0-YvOsqz6uhEGpKIHdg5_F	21572cc5-1e4a-461b-ac2a-4f9248e3abdd	2026-02-09 15:29:28.745+00	172.18.0.1	axios/1.13.4	\N	\N	\N
_GWt330r4KzVeVfwhfHHpQ5r99YJwMYDwcYGjRT1GYLTKm0yvLX1d2OXre96WjH8	21572cc5-1e4a-461b-ac2a-4f9248e3abdd	2026-02-09 15:29:55.992+00	172.18.0.1	axios/1.13.4	\N	\N	\N
cv2NFKyVNEd6iQrcU7mLKlPuU3Rvw3wqpoz5wM0cj9mqL15y-TAWxm1hCKmHFiGS	22d4c7ba-704c-4f84-97f2-651220a231c0	2026-02-10 14:40:44.531+00	109.67.34.120	Mozilla/5.0 (Windows NT 10.0; Win64; x64) AppleWebKit/537.36 (KHTML, like Gecko) Chrome/143.0.0.0 Safari/537.36	\N	https://crm.coriathost.cloud	\N
rGJOtscfgG2zrrIahrDGMLIDjMX0ZUSTjAU-dkEGXpirP3Y_RyZf_OrN4pMrOFxP	21572cc5-1e4a-461b-ac2a-4f9248e3abdd	2026-02-11 09:45:00.59+00	172.18.0.1	axios/1.13.4	\N	\N	\N
QOIvHXjhG-IrZVEyHqSZ-fqdupLajF6F49Txw5SNdDbvlBOP72Kezy6As6gNo6Z9	21572cc5-1e4a-461b-ac2a-4f9248e3abdd	2026-02-11 09:52:00.185+00	172.18.0.1	axios/1.13.4	\N	\N	\N
5i9DvDK3fi6r676QVsP2-7I-GrY598o61_CsNE-cIMzlGtc2Y7Wr3kqNCl_UuNUS	22d4c7ba-704c-4f84-97f2-651220a231c0	2026-02-11 16:39:34.313+00	79.181.175.211	Mozilla/5.0 (Windows NT 10.0; Win64; x64) AppleWebKit/537.36 (KHTML, like Gecko) Chrome/143.0.0.0 Safari/537.36	\N	https://db.coriathost.cloud	\N
idcpa2sHM2DLvY733mNky0xQQXc6VK8BIxJ1eFsIcME8XWdRq24q0CrCNJSRUzuV	22d4c7ba-704c-4f84-97f2-651220a231c0	2026-02-08 12:39:46.67+00	2.54.144.92	Mozilla/5.0 (X11; Linux x86_64) AppleWebKit/537.36 (KHTML, like Gecko) Chrome/144.0.0.0 Safari/537.36	\N	https://db.coriathost.cloud	bzgrsdJrpX3gOo8vBXhY-zmAdh4780jWusb8wV8ToNORrejIW1MlwlmVuyYlkB5H
bzgrsdJrpX3gOo8vBXhY-zmAdh4780jWusb8wV8ToNORrejIW1MlwlmVuyYlkB5H	22d4c7ba-704c-4f84-97f2-651220a231c0	2026-02-09 12:39:36.67+00	2.54.144.92	Mozilla/5.0 (Linux; Android 10; K) AppleWebKit/537.36 (KHTML, like Gecko) Chrome/144.0.0.0 Mobile Safari/537.36	\N	https://db.coriathost.cloud	\N
\.


--
-- Data for Name: directus_settings; Type: TABLE DATA; Schema: public; Owner: postgres
--

COPY public.directus_settings (id, project_name, project_url, project_color, project_logo, public_foreground, public_background, public_note, auth_login_attempts, auth_password_policy, storage_asset_transform, storage_asset_presets, custom_css, storage_default_folder, basemaps, mapbox_key, module_bar, project_descriptor, default_language, custom_aspect_ratios, public_favicon, default_appearance, default_theme_light, theme_light_overrides, default_theme_dark, theme_dark_overrides, report_error_url, report_bug_url, report_feature_url, public_registration, public_registration_verify_email, public_registration_role, public_registration_email_filter, visual_editor_urls, project_id, mcp_enabled, mcp_allow_deletes, mcp_prompts_collection, mcp_system_prompt_enabled, mcp_system_prompt, project_owner, project_usage, org_name, product_updates, project_status, ai_openai_api_key, ai_anthropic_api_key, ai_system_prompt) FROM stdin;
1	Directus	\N	#6644FF	\N	\N	\N	\N	25	\N	all	\N	\N	\N	\N	\N	\N	\N	he-IL	\N	\N	auto	\N	\N	\N	\N	\N	\N	\N	f	t	\N	\N	\N	019c0a1f-8b85-7419-8960-6eb53dae8487	f	f	\N	t	\N	coriatel@gmail.com	commercial	חושן יהודה	f	\N	\N	\N	\N
\.


--
-- Data for Name: directus_shares; Type: TABLE DATA; Schema: public; Owner: postgres
--

COPY public.directus_shares (id, name, collection, item, role, password, user_created, date_created, date_start, date_end, times_used, max_uses) FROM stdin;
\.


--
-- Data for Name: directus_translations; Type: TABLE DATA; Schema: public; Owner: postgres
--

COPY public.directus_translations (id, language, key, value) FROM stdin;
\.


--
-- Data for Name: directus_users; Type: TABLE DATA; Schema: public; Owner: postgres
--

COPY public.directus_users (id, first_name, last_name, email, password, location, title, description, tags, avatar, language, tfa_secret, status, role, token, last_access, last_page, provider, external_identifier, auth_data, email_notifications, appearance, theme_dark, theme_light, theme_light_overrides, theme_dark_overrides, text_direction) FROM stdin;
21572cc5-1e4a-461b-ac2a-4f9248e3abdd	Admin	User	admin@coriathost.cloud	$argon2id$v=19$m=65536,t=3,p=4$O/9P6zxZ1AVoptQd83GvoQ$HI//iwo6hxFdX3jAYBtWv6G+j+5KHJO+TXB7doynfVw	\N	\N	\N	\N	\N	\N	\N	active	debc365a-7e1d-40c1-8357-4fe6cebd4248	7c8ff593c6c189952d61c4bf624a332b	2026-02-04 09:52:00.206+00	\N	default	\N	\N	t	\N	\N	\N	\N	\N	auto
22d4c7ba-704c-4f84-97f2-651220a231c0	Elron	Coriat	coriatel@gmail.com	$argon2id$v=19$m=65536,t=3,p=4$/YWgIjWli/Z9J+9KpImirQ$S3dtzlIKa1+0vv2yNIgr8zmZCm2bzLBHXdE4Lb5vfQQ	\N	\N	\N	\N	\N	\N	\N	active	debc365a-7e1d-40c1-8357-4fe6cebd4248	\N	2026-02-08 12:39:36.672+00	/content/Reagent	default	\N	\N	t	\N	\N	\N	\N	\N	auto
\.


--
-- Data for Name: directus_versions; Type: TABLE DATA; Schema: public; Owner: postgres
--

COPY public.directus_versions (id, key, name, collection, item, hash, date_created, date_updated, user_created, user_updated, delta) FROM stdin;
\.


--
-- Data for Name: invites; Type: TABLE DATA; Schema: public; Owner: directus
--

COPY public.invites (id, code, team, email, expires_at, role, status) FROM stdin;
1	gopd94qb2xj	3	glronit7@gmail.com	2026-03-15 11:40:21.944	member	pending
\.


--
-- Data for Name: memberships; Type: TABLE DATA; Schema: public; Owner: directus
--

COPY public.memberships (id, "user", team, role, email_alerts_enabled) FROM stdin;
1	1	1	owner	t
2	3	2	owner	t
3	3	1	admin	t
4	1	3	owner	t
5	3	3	admin	t
\.


--
-- Data for Name: notes; Type: TABLE DATA; Schema: public; Owner: directus
--

COPY public.notes (id, content, reagent, author, team) FROM stdin;
\.


--
-- Data for Name: oauth_accounts; Type: TABLE DATA; Schema: public; Owner: postgres
--

COPY public.oauth_accounts (id, user_id, provider, provider_account_id, created_at) FROM stdin;
b7b6cb92-e22d-4215-8465-d9e876430d03	45fbe88b-0b89-4be6-8118-36f1525b0ed2	google	115590782165341616989	2026-01-18 14:21:33.220271+00
\.


--
-- Data for Name: push_subscriptions; Type: TABLE DATA; Schema: public; Owner: directus
--

COPY public.push_subscriptions (id, "user", endpoint, keys) FROM stdin;
\.


--
-- Data for Name: reagents; Type: TABLE DATA; Schema: public; Owner: directus
--

COPY public.reagents (id, name, cas_number, expiry_date, location, team, notes, quantity, category, lot_number, received_date, is_archived, snoozed_until, dismissed_until) FROM stdin;
9	כדוריות qc	\N	2026-04-03	\N	3	Gamma	\N	beads		\N	f	\N	\N
11	Affirm 	\N	2026-03-31	\N	3	כמות נמוכה סופקה - נא לבדוק המשך אספקה	\N	reagents		\N	f	\N	\N
13	כדוריות a b, סקר, םנל וםנל אנזים - מכשירים 	\N	2026-03-30	\N	3	ביוראד	\N	reagents		\N	f	\N	\N
14	פנל c 	\N	2026-04-07	\N	3	אורת'ו	\N	reagents		\N	f	\N	\N
15	פנל 6	\N	2026-04-27	\N	3	ביוראד	\N	reagents		\N	f	\N	\N
10	כדויות A, B, סקר ופנל מבחנות 	\N	2026-03-20	\N	3	Gamma 	\N	beads		\N	f	\N	\N
16	Qc של מכשירים	\N	2026-03-16	\N	3	ביוראד	\N	reagents		\N	f	\N	\N
12	פנל c	\N	2026-03-10	\N	3	יש כבר חדש - אורתו	\N	beads		\N	f	\N	2036-03-05 12:06:32.164
17	A2	\N	2026-03-13	\N	3	Gamma 	\N	beads		\N	f	\N	\N
18	Surge	\N	2026-03-23	\N	3	סקר אורתו	\N	beads		\N	f	\N	\N
\.


--
-- Data for Name: session; Type: TABLE DATA; Schema: public; Owner: postgres
--

COPY public.session (sid, sess, expire) FROM stdin;
\.


--
-- Data for Name: settings; Type: TABLE DATA; Schema: public; Owner: directus
--

COPY public.settings (id, "user", key, value, team, enabled, remind_in_days, last_sent) FROM stdin;
1	\N	\N	\N	1	t	7	\N
2	\N	\N	\N	2	t	7	\N
3	\N	\N	\N	3	t	7	\N
\.


--
-- Data for Name: teams; Type: TABLE DATA; Schema: public; Owner: directus
--

COPY public.teams (id, name, owner, access_password_hash, password_reset_token, password_reset_expires_at) FROM stdin;
1	אלרון קוריאט's Team	1	\N	\N	\N
2	Heba Abumock's Team	3	\N	\N	\N
3	Blood Bank Beilinson	1	774cdaa9827fa7c7f545481be5f3764f:3532c4618244cf1796178939d3b8a847bcf783c8a495fab947f9522aab7118fb	\N	\N
\.


--
-- Data for Name: users; Type: TABLE DATA; Schema: public; Owner: postgres
--

COPY public.users (id, email, name, password_hash, created_at) FROM stdin;
45fbe88b-0b89-4be6-8118-36f1525b0ed2	coriatel@gmail.com	אלרון קוריאט	$2b$12$4GPrwy1dt1ig0xF33DM1euK1Z8GgWiIL54IA3HW3iRHkVwatK.8lm	2026-01-18 14:21:33.220271+00
\.


--
-- Data for Name: dead_letters; Type: TABLE DATA; Schema: second_brain; Owner: postgres
--

COPY second_brain.dead_letters (event_id, first_failed_at, last_failed_at, failure_count, last_error, envelope) FROM stdin;
\.


--
-- Data for Name: entities; Type: TABLE DATA; Schema: second_brain; Owner: postgres
--

COPY second_brain.entities (entity_id, entity_type, name, natural_key, external_ref, properties, status, created_at, updated_at) FROM stdin;
0e495eb0-c8fe-4387-833c-8e0c4458def6	service	example-api	service:manual:example-api	manual:example-api	{"env": "staging", "owner": "platform"}	deprecated	2026-02-27 09:51:46.365753+00	2026-02-27 10:12:25.957797+00
1e31a5eb-5432-468b-be46-f206c1aa0450	service	sb-accept-low-20260227101026	service:manual:sb-accept-low-20260227101026	manual:sb-accept-low-20260227101026	{"env": "staging", "gate": "acceptance", "owner": "platform"}	deprecated	2026-02-27 10:10:26.220642+00	2026-02-27 10:12:26.175329+00
b16a051b-f18b-4a9f-aeab-c9f959e28551	endpoint	sb-missing-from-sb-accept-low-20260308111708.internal	endpoint:sb-missing-from-sb-accept-low-20260308111708.internal	sb-missing-from-sb-accept-low-20260308111708.internal	{"source": "acceptance"}	deprecated	2026-03-08 11:17:09.298957+00	2026-03-08 11:17:13.432526+00
7c0c933c-0165-419e-82e9-376057fd6c24	endpoint	auto.coriathost.cloud	endpoint:auto.coriathost.cloud	caddy:auto.coriathost.cloud	{"proxy": "caddy", "proxy_target": "127.0.0.1:5678"}	active	2026-02-27 10:08:58.175571+00	2026-03-08 12:07:09.018756+00
37ef11a5-c1d6-4b9c-8709-57fd5a209e07	program	gemini-cli	program:gemini:cli	system:gemini:cli	{"mode": "FULL_AUTO_GLOBAL", "path": "/root/.gemini"}	active	2026-03-04 18:07:09.607019+00	2026-03-08 12:07:09.018756+00
ecb54414-b913-458f-ae2a-12862d79b0e2	service	sb-accept-low-20260306143014	service:sb-accept-low-20260306143014	\N	{"env": "staging", "gate": "acceptance", "owner": "platform"}	deprecated	2026-03-06 14:30:14.90005+00	2026-03-06 14:30:20.235947+00
8751f8fa-5552-469a-b205-c0f01977d0ec	program	Google Drive Watch Manager	program:n8n:google-drive-watch-manager	n8n:/home/elron/services/n8n/workflows/google-drive-watch-manager.json	{"path": "/home/elron/services/n8n/workflows/google-drive-watch-manager.json", "tags": "video-pipeline,webhook,google-drive", "platform": "n8n"}	active	2026-02-27 09:50:13.150645+00	2026-03-08 12:07:09.018756+00
1a609bee-6290-4f98-8d44-be801c4394a3	endpoint	sb-missing-from-sb-accept-low-20260227103700.internal	endpoint:sb-missing-from-sb-accept-low-20260227103700.internal	sb-missing-from-sb-accept-low-20260227103700.internal	{"source": "acceptance"}	deprecated	2026-02-27 10:37:02.325563+00	2026-02-27 10:37:06.632885+00
8254b08a-7eb2-4b3b-ad57-c9c79073e091	endpoint	sb-missing-to-sb-accept-low-20260227103826.internal	endpoint:sb-missing-to-sb-accept-low-20260227103826.internal	sb-missing-to-sb-accept-low-20260227103826.internal	{"source": "acceptance"}	deprecated	2026-02-27 10:38:27.710098+00	2026-02-27 10:38:31.508379+00
28b96265-b608-4aa5-a749-46deb8279384	program	Lesson Media Pipeline (Webhook) - v2	program:n8n:lesson-video-pipeline-v2	n8n:/home/elron/services/n8n/workflows/lesson-video-pipeline-v2.json	{"path": "/home/elron/services/n8n/workflows/lesson-video-pipeline-v2.json", "tags": "video-pipeline,webhook,production,contract:v1,owner:platform,env:prod,env:staging,v2", "platform": "n8n"}	active	2026-02-27 09:50:13.150645+00	2026-03-08 12:07:09.018756+00
0ad20d93-6817-47a0-bd9b-16367f064f48	program	HYCRM Takbul Webhook MVP	program:n8n:takbul-webhook-001	n8n:takbul-webhook-001	{"domain": "crm-accounting", "platform": "n8n", "workflow_id": "takbul-webhook-001"}	active	2026-03-04 11:52:37.219832+00	2026-03-04 11:52:37.219832+00
b5d15e53-c13d-49e5-9832-2f8974545ac3	program	Template - Webhook Intake - v1	program:n8n:template-webhook-intake-v1	n8n:/home/elron/services/n8n/workflows/templates/template-webhook-intake-v1.json	{"path": "/home/elron/services/n8n/workflows/templates/template-webhook-intake-v1.json", "tags": "template,contract:v1,owner:platform,env:staging", "platform": "n8n"}	active	2026-02-27 09:50:13.150645+00	2026-03-08 12:07:09.018756+00
a9f7d317-f906-4d4e-babc-edf01737cc34	service	contacthub_postgres	service:contacthub_postgres	docker:contacthub_postgres	{"image": "postgres:16", "ports": "5432/tcp", "status": "Up 3 weeks", "runtime": "docker"}	active	2026-02-27 09:50:13.150645+00	2026-03-08 12:07:09.018756+00
bfce08a7-d277-4f6d-8094-3288c14477a2	service	crmlite-web	service:crmlite-web	docker:crmlite-web	{"image": "caddy:2", "ports": "443/tcp, 2019/tcp, 443/udp, 127.0.0.1:8090->80/tcp", "status": "Up 9 days", "runtime": "docker"}	active	2026-02-27 09:50:13.150645+00	2026-03-08 12:07:09.018756+00
6630e557-bce2-4dd4-9635-cc7c3fb8be34	service	takbull-api	service:manual:https://api.takbull.co.il	manual:https://api.takbull.co.il	{"role": "receipt-and-document-api", "surface": "https://api.takbull.co.il/api/DocumentApi/Create", "provider": "takbull"}	active	2026-03-06 13:10:26.197692+00	2026-03-06 13:10:26.197692+00
a83fe9c0-7589-4266-a92c-b60ce4a022c7	service	expiry-alert-directus-1	service:expiry-alert-directus-1	docker:expiry-alert-directus-1	{"image": "directus/directus:latest", "ports": "0.0.0.0:8055->8055/tcp, [::]:8055->8055/tcp", "status": "Up 3 weeks", "runtime": "docker"}	active	2026-02-27 09:50:13.150645+00	2026-03-08 12:07:09.018756+00
1424382d-f5d9-4f21-b28c-63ab23a236ea	service	flow-auth	service:flow-auth	docker:flow-auth	{"image": "flow-auth-flow-auth", "ports": "127.0.0.1:8081->3000/tcp", "status": "Up 3 weeks", "runtime": "docker"}	active	2026-02-27 09:50:13.150645+00	2026-03-08 12:07:09.018756+00
87f2d74d-23da-432f-8c70-de1babbad277	service	flow-control-db	service:flow-control-db	docker:flow-control-db	{"image": "postgres:15-alpine", "ports": "5432/tcp", "status": "Up 3 weeks (healthy)", "runtime": "docker"}	active	2026-02-27 09:50:13.150645+00	2026-03-08 12:07:09.018756+00
8f5b67c2-0c8f-4c2f-a843-5dbf955c6ae3	endpoint	sb-missing-to-sb-accept-low-20260227101026.internal	endpoint:sb-missing-to-sb-accept-low-20260227101026-internal	\N	{"source": "acceptance"}	deprecated	2026-02-27 10:10:27.361014+00	2026-02-27 10:12:25.645332+00
29d50b80-d87f-4d5d-81c7-9f80c4eede48	service	sb-accept-low-20260227101243	service:sb-accept-low-20260227101243	\N	{"env": "staging", "gate": "acceptance", "owner": "platform"}	deprecated	2026-02-27 10:12:43.867473+00	2026-02-27 10:12:48.618105+00
814260cd-778f-4e15-bd4c-6cce957661f0	service	sb-accept-low-20260306132612	service:sb-accept-low-20260306132612	\N	{"env": "staging", "gate": "acceptance", "owner": "platform"}	deprecated	2026-03-06 13:26:12.550874+00	2026-03-06 13:26:18.408701+00
8ec61a81-ab81-4b01-9206-7602b792c477	service	sb-accept-low-20260306103315	service:sb-accept-low-20260306103315	\N	{"env": "staging", "gate": "acceptance", "owner": "platform"}	deprecated	2026-03-06 10:33:15.767223+00	2026-03-06 10:33:21.595652+00
4c6ca5cd-5634-4754-91dd-51a45ac13009	endpoint	sb-missing-to-sb-accept-low-20260308111708.internal	endpoint:sb-missing-to-sb-accept-low-20260308111708.internal	sb-missing-to-sb-accept-low-20260308111708.internal	{"source": "acceptance"}	deprecated	2026-03-08 11:17:09.388159+00	2026-03-08 11:17:13.645085+00
b4db7973-bf9a-4854-9cb1-ce4ebc789048	program	Super Team - Tool Calling Specialist - v1	program:n8n:06-super-team-tool-calling-specialist-v1	n8n:/home/elron/services/n8n/workflows/super-team/06-super-team-tool-calling-specialist-v1.json	{"path": "/home/elron/services/n8n/workflows/super-team/06-super-team-tool-calling-specialist-v1.json", "tags": "contract:v1,owner:super-team,env:staging,agent-super-team,role:tool-calling", "platform": "n8n"}	active	2026-02-27 09:50:13.150645+00	2026-03-08 12:07:09.018756+00
d27679b9-3972-45e0-b905-d98df396a5cd	endpoint	sb-missing-to-sb-accept-low-20260227103700.internal	endpoint:sb-missing-to-sb-accept-low-20260227103700.internal	sb-missing-to-sb-accept-low-20260227103700.internal	{"source": "acceptance"}	deprecated	2026-02-27 10:37:02.427445+00	2026-02-27 10:37:06.834177+00
7ca12bb6-dde8-4ac4-8c12-64927eda3f99	endpoint	sb-missing-from-sb-accept-low-20260306143014.internal	endpoint:sb-missing-from-sb-accept-low-20260306143014.internal	sb-missing-from-sb-accept-low-20260306143014.internal	{"source": "acceptance"}	deprecated	2026-03-06 14:30:16.177407+00	2026-03-06 14:30:20.430017+00
27e656a3-d2ce-4239-9d23-171a70a375c2	program	Super Team - Integrations Specialist - v1	program:n8n:11-super-team-integrations-specialist-v1	n8n:/home/elron/services/n8n/workflows/super-team/11-super-team-integrations-specialist-v1.json	{"path": "/home/elron/services/n8n/workflows/super-team/11-super-team-integrations-specialist-v1.json", "tags": "contract:v1,owner:super-team,env:staging,agent-super-team,role:integrations", "platform": "n8n"}	active	2026-02-27 09:50:13.150645+00	2026-03-08 12:07:09.018756+00
e6135613-3794-4b57-92eb-a03037e5cc2c	program	Super Team - Observability SLO Agent - v1	program:n8n:14-super-team-observability-slo-agent-v1	n8n:/home/elron/services/n8n/workflows/super-team/14-super-team-observability-slo-agent-v1.json	{"path": "/home/elron/services/n8n/workflows/super-team/14-super-team-observability-slo-agent-v1.json", "tags": "contract:v1,owner:super-team,env:staging,agent-super-team,role:observability", "platform": "n8n"}	active	2026-02-27 09:50:13.150645+00	2026-03-08 12:07:09.018756+00
434ce289-119b-4657-869a-7846612fd7c6	service	sb-accept-low-20260227103610	service:sb-accept-low-20260227103610	\N	{"env": "staging", "gate": "acceptance", "owner": "platform"}	deprecated	2026-02-27 10:36:10.702712+00	2026-02-27 10:36:16.644041+00
9c5f4644-a1f3-4903-bc6a-35de34051b1d	skill	crm-accounting-compliance-orchestrator	skill:/root/policies-repo/skills/external-ecc/crm-accounting-compliance-orchestrator/skill.md	/root/policies-repo/skills/external-ecc/crm-accounting-compliance-orchestrator/SKILL.md	{"scope": "crm-accounting", "compliance": "nihul-takin+mas-hachnasa"}	active	2026-03-04 11:52:37.408633+00	2026-03-04 11:52:37.408633+00
55600813-5f96-4d39-94b9-b3ce8693c40a	program	Agent Reference - Async Long-Run Assistant - v1	program:n8n:agent-async-longrun-assistant-v1	n8n:/home/elron/services/n8n/workflows/agents/agent-async-longrun-assistant-v1.json	{"path": "/home/elron/services/n8n/workflows/agents/agent-async-longrun-assistant-v1.json", "tags": "reference,agent,async,contract:v1", "platform": "n8n"}	active	2026-02-27 09:50:13.150645+00	2026-03-08 12:07:09.018756+00
65573218-10e6-4eaf-ab56-9f20a9b93a59	program	Agent Reference - RAG Assistant - v1	program:n8n:agent-rag-assistant-v1	n8n:/home/elron/services/n8n/workflows/agents/agent-rag-assistant-v1.json	{"path": "/home/elron/services/n8n/workflows/agents/agent-rag-assistant-v1.json", "tags": "reference,agent,rag,contract:v1", "platform": "n8n"}	active	2026-02-27 09:50:13.150645+00	2026-03-08 12:07:09.018756+00
6acf1e93-bcdc-4755-9b90-3616062c0978	service	caddy	service:caddy	system:caddy	{"runtime": "systemd", "service": "caddy"}	active	2026-02-27 09:57:56.312107+00	2026-03-08 12:07:09.018756+00
924fffa6-2622-4755-9b9a-b21af66232b4	endpoint	sb-missing-from-sb-accept-low-20260227101026.internal	endpoint:sb-missing-from-sb-accept-low-20260227101026.internal	sb-missing-from-sb-accept-low-20260227101026.internal	{"source": "manual-recovery"}	deprecated	2026-02-27 10:10:47.168568+00	2026-02-27 10:12:25.407337+00
d093f997-c2b8-4ad3-96b8-44361e359b73	endpoint	sb-missing-to-sb-accept-low-20260227101026.internal	endpoint:sb-missing-to-sb-accept-low-20260227101026.internal	sb-missing-to-sb-accept-low-20260227101026.internal	{"source": "manual-recovery"}	deprecated	2026-02-27 10:10:47.168568+00	2026-02-27 10:12:25.74978+00
e7fdc31d-af4a-4245-ac5a-17bb1a437863	service	sb-accept-low-20260227100927	service:manual:sb-accept-low-20260227100927	manual:sb-accept-low-20260227100927	{"env": "staging", "gate": "acceptance", "owner": "platform"}	deprecated	2026-02-27 10:09:27.290609+00	2026-02-27 10:12:26.07283+00
889d70f7-6a45-45d0-befd-e0d994ff0367	endpoint	sb-missing-from-sb-accept-low-20260227101243.internal	endpoint:sb-missing-from-sb-accept-low-20260227101243.internal	sb-missing-from-sb-accept-low-20260227101243.internal	{"source": "acceptance"}	deprecated	2026-02-27 10:12:45.015292+00	2026-02-27 10:12:48.791021+00
00498146-1a29-443f-a39f-5ba19fe1e660	agent	crm-accounting-compliance-manager	agent:/root/policies-repo/skills/external-ecc/agents/crm-accounting-compliance-manager.md	/root/policies-repo/skills/external-ecc/agents/crm-accounting-compliance-manager.md	{"role": "orchestrator", "domain": "crm-accounting"}	active	2026-03-04 11:52:37.593484+00	2026-03-04 11:52:37.593484+00
183e8a5b-350a-4ead-b6a0-1c2c7332597f	endpoint	handle	endpoint:handle	caddy:handle	{"proxy": "caddy", "proxy_target": "127.0.0.1:8080"}	deprecated	2026-02-27 09:50:13.150645+00	2026-02-27 10:08:59.104347+00
27d9e704-ceb3-4e67-a662-6539e9861435	endpoint	sb-missing-from-sb-accept-low-20260306132612.internal	endpoint:sb-missing-from-sb-accept-low-20260306132612.internal	sb-missing-from-sb-accept-low-20260306132612.internal	{"source": "acceptance"}	deprecated	2026-03-06 13:26:14.087663+00	2026-03-06 13:26:18.581648+00
31f134a2-8aab-4d29-bc7a-dea39718f1e8	program	Second Brain - Intake Normalizer - v1	program:n8n:01-second-brain-intake-normalizer-v1	n8n:/home/elron/services/n8n/workflows/second-brain/01-second-brain-intake-normalizer-v1.json	{"path": "/home/elron/services/n8n/workflows/second-brain/01-second-brain-intake-normalizer-v1.json", "tags": "contract:v1,env:staging,memory:second-brain,owner:platform,template", "platform": "n8n"}	active	2026-02-27 09:57:56.312107+00	2026-03-08 12:07:09.018756+00
6a157917-6a0e-4edb-97a8-6cbfdb85aa6b	program	Second Brain - Relationship Extractor - v1	program:n8n:02-second-brain-relationship-extractor-v1	n8n:/home/elron/services/n8n/workflows/second-brain/02-second-brain-relationship-extractor-v1.json	{"path": "/home/elron/services/n8n/workflows/second-brain/02-second-brain-relationship-extractor-v1.json", "tags": "agent,contract:v1,env:staging,memory:second-brain,owner:platform,template", "platform": "n8n"}	active	2026-02-27 09:57:56.312107+00	2026-03-08 12:07:09.018756+00
bb09f462-1a80-4566-a13f-8c2cf9942b94	program	Second Brain - Apply Update Gate - v1	program:n8n:03-second-brain-apply-update-gate-v1	n8n:/home/elron/services/n8n/workflows/second-brain/03-second-brain-apply-update-gate-v1.json	{"path": "/home/elron/services/n8n/workflows/second-brain/03-second-brain-apply-update-gate-v1.json", "tags": "api-sync,contract:v1,env:staging,memory:second-brain,owner:platform,template", "platform": "n8n"}	active	2026-02-27 09:57:56.312107+00	2026-03-08 12:07:09.018756+00
a0cdc745-a35f-4442-9e60-5f015512cfdd	skill	amuta-governance-implementation	skill:/root/policies-repo/skills/external-ecc/amuta-governance-implementation/skill.md	/root/policies-repo/skills/external-ecc/amuta-governance-implementation/SKILL.md	{"env": "prod", "owner": "platform", "domain": "israel-amutot"}	active	2026-02-27 14:19:42.756815+00	2026-02-27 14:19:42.756815+00
3f7ce1a8-55b1-4189-bb71-3086de431c69	endpoint	sb-missing-from-sb-accept-low-20260227103610.internal	endpoint:sb-missing-from-sb-accept-low-20260227103610.internal	sb-missing-from-sb-accept-low-20260227103610.internal	{"source": "acceptance"}	deprecated	2026-02-27 10:36:12.197402+00	2026-02-27 10:36:16.921578+00
da71652d-4e86-4105-8d50-2f8a31282d55	endpoint	route	endpoint:route	caddy:route	{"proxy": "caddy", "proxy_target": "127.0.0.1:5678"}	deprecated	2026-02-27 09:50:13.150645+00	2026-02-27 10:08:59.235708+00
16ac6481-0541-4c05-90f5-aa93e57e07a8	service	sb-accept-low-20260227103826	service:sb-accept-low-20260227103826	\N	{"env": "staging", "gate": "acceptance", "owner": "platform"}	deprecated	2026-02-27 10:38:26.535241+00	2026-02-27 10:38:31.134141+00
5e683b4d-7868-451f-8310-1dc2d9b8a3c7	endpoint	sb-missing-from-sb-accept-low-20260306103315.internal	endpoint:sb-missing-from-sb-accept-low-20260306103315.internal	sb-missing-from-sb-accept-low-20260306103315.internal	{"source": "acceptance"}	deprecated	2026-03-06 10:33:17.069338+00	2026-03-06 10:33:21.757796+00
e1e2f779-cc22-42c3-9d6c-d23152caab7e	endpoint	sb-missing-to-sb-accept-low-20260306143014.internal	endpoint:sb-missing-to-sb-accept-low-20260306143014.internal	sb-missing-to-sb-accept-low-20260306143014.internal	{"source": "acceptance"}	deprecated	2026-03-06 14:30:16.293145+00	2026-03-06 14:30:20.617285+00
fcb7af9a-a299-4390-a953-91040d4aaac9	program	Super Team - Error Manager - v1	program:n8n:04-super-team-error-manager-v1	n8n:/home/elron/services/n8n/workflows/super-team/04-super-team-error-manager-v1.json	{"path": "/home/elron/services/n8n/workflows/super-team/04-super-team-error-manager-v1.json", "tags": "contract:v1,owner:super-team,env:staging,agent-super-team,role:error-manager", "platform": "n8n"}	active	2026-02-27 09:50:13.150645+00	2026-03-08 12:07:09.018756+00
596c28bf-5832-4b4d-bcf3-9c092a9b1dcc	program	Agent Reference - Tool Calling Assistant - v1	program:n8n:agent-tool-calling-assistant-v1	n8n:/home/elron/services/n8n/workflows/agents/agent-tool-calling-assistant-v1.json	{"path": "/home/elron/services/n8n/workflows/agents/agent-tool-calling-assistant-v1.json", "tags": "reference,agent,tool-calling,contract:v1", "platform": "n8n"}	active	2026-02-27 09:50:13.150645+00	2026-03-08 12:07:09.018756+00
f1b8728b-5efa-4968-913f-f005a8c715d4	endpoint	sb-missing-from-sb-accept-low-20260227100927	endpoint:manual:sb-missing-from-sb-accept-low-20260227100927	manual:sb-missing-from-sb-accept-low-20260227100927	{"source": "acceptance"}	deprecated	2026-02-27 10:09:28.377833+00	2026-02-27 10:10:14.235239+00
259f7adb-1ac3-43ad-bacf-83ac60e4bbc0	service	sb-accept-low-20260227101050	service:manual:sb-accept-low-20260227101050	manual:sb-accept-low-20260227101050	{"env": "staging", "gate": "acceptance", "owner": "platform"}	deprecated	2026-02-27 10:10:51.194041+00	2026-02-27 10:12:26.282396+00
e8dc3859-ac78-4cc0-b6e6-d7ca88917c3b	endpoint	sb-missing-to-sb-accept-low-20260227101243.internal	endpoint:sb-missing-to-sb-accept-low-20260227101243.internal	sb-missing-to-sb-accept-low-20260227101243.internal	{"source": "acceptance"}	deprecated	2026-02-27 10:12:45.107801+00	2026-02-27 10:12:48.97808+00
edb363e8-7b07-4e5d-8ec6-096c60c5c5f2	endpoint	sb-missing-to-sb-accept-low-20260227103610.internal	endpoint:sb-missing-to-sb-accept-low-20260227103610.internal	sb-missing-to-sb-accept-low-20260227103610.internal	{"source": "acceptance"}	deprecated	2026-02-27 10:36:12.333307+00	2026-02-27 10:36:17.293709+00
233ebbd8-b614-4823-a5c7-11962aec7401	endpoint	sb-missing-from-sb-accept-low-20260227103826.internal	endpoint:sb-missing-from-sb-accept-low-20260227103826.internal	sb-missing-from-sb-accept-low-20260227103826.internal	{"source": "acceptance"}	deprecated	2026-02-27 10:38:27.620136+00	2026-02-27 10:38:31.312391+00
05cd6be0-c536-4183-89ac-926aa71be1c7	endpoint	sb-missing-to-sb-accept-low-20260306132612.internal	endpoint:sb-missing-to-sb-accept-low-20260306132612.internal	sb-missing-to-sb-accept-low-20260306132612.internal	{"source": "acceptance"}	deprecated	2026-03-06 13:26:14.201502+00	2026-03-06 13:26:18.777788+00
3feca2a7-8577-414d-a14a-9660df4d266a	program	Lesson Media Pipeline (Webhook)	program:n8n:lesson-video-pipeline	n8n:/home/elron/services/n8n/workflows/lesson-video-pipeline.json	{"path": "/home/elron/services/n8n/workflows/lesson-video-pipeline.json", "tags": "video-pipeline,webhook,production", "platform": "n8n"}	active	2026-02-27 09:50:13.150645+00	2026-03-08 12:07:09.018756+00
609f14f6-1cd4-486e-b91c-26138e107cde	program	Template - API Sync - v1	program:n8n:template-api-sync-v1	n8n:/home/elron/services/n8n/workflows/templates/template-api-sync-v1.json	{"path": "/home/elron/services/n8n/workflows/templates/template-api-sync-v1.json", "tags": "template,api-sync,contract:v1,owner:platform", "platform": "n8n"}	active	2026-02-27 09:50:13.150645+00	2026-03-08 12:07:09.018756+00
87cd24cb-626f-494d-8b66-08a02d9c3912	program	Template - Error Handler - v1	program:n8n:template-error-handler-v1	n8n:/home/elron/services/n8n/workflows/templates/template-error-handler-v1.json	{"path": "/home/elron/services/n8n/workflows/templates/template-error-handler-v1.json", "tags": "template,error-handler,contract:v1,owner:platform", "platform": "n8n"}	active	2026-02-27 09:50:13.150645+00	2026-03-08 12:07:09.018756+00
55f3a078-cbc9-46ee-a1e4-fee8857fcd12	program	Template - LLM Agent - v1	program:n8n:template-llm-agent-v1	n8n:/home/elron/services/n8n/workflows/templates/template-llm-agent-v1.json	{"path": "/home/elron/services/n8n/workflows/templates/template-llm-agent-v1.json", "tags": "template,agent,contract:v1,owner:platform", "platform": "n8n"}	active	2026-02-27 09:50:13.150645+00	2026-03-08 12:07:09.018756+00
72f6560c-22b7-485b-8206-e36d38c73dc7	service	expiry-alert-expiryalert-api-1	service:expiry-alert-expiryalert-api-1	docker:expiry-alert-expiryalert-api-1	{"image": "expiry-alert-expiryalert-api", "ports": "0.0.0.0:3011->3001/tcp, [::]:3011->3001/tcp", "status": "Up 3 weeks", "runtime": "docker"}	active	2026-02-27 09:50:13.150645+00	2026-03-08 12:07:09.018756+00
9b425099-1a3c-4652-8d60-80e5a485a3a9	endpoint	sb-missing-to-sb-accept-low-20260306103315.internal	endpoint:sb-missing-to-sb-accept-low-20260306103315.internal	sb-missing-to-sb-accept-low-20260306103315.internal	{"source": "acceptance"}	deprecated	2026-03-06 10:33:17.154902+00	2026-03-06 10:33:21.94027+00
183b8ddd-3e4b-4465-af5c-efd5027c8416	service	sb-accept-low-20260306143505	service:sb-accept-low-20260306143505	\N	{"env": "staging", "gate": "acceptance", "owner": "platform"}	deprecated	2026-03-06 14:35:05.95499+00	2026-03-06 14:35:12.224206+00
79659ec0-9a94-4a30-988a-3f8f5493fa7c	service	sb-accept-low-20260304115255	service:sb-accept-low-20260304115255	\N	{"env": "staging", "gate": "acceptance", "owner": "platform"}	deprecated	2026-03-04 11:52:56.154906+00	2026-03-04 11:53:01.511084+00
2a368fa0-fa2b-46dc-ae36-2033ecedb925	service	flow-control-frontend	service:flow-control-frontend	docker:flow-control-frontend	{"image": "app-frontend", "ports": "127.0.0.1:8080->80/tcp", "status": "Up 3 weeks", "runtime": "docker"}	active	2026-02-27 09:50:13.150645+00	2026-03-08 12:07:09.018756+00
d353283c-d571-4cc6-bc3d-3c5e5cc1d9ce	service	hoshen-yehuda-db-1	service:hoshen-yehuda-db-1	docker:hoshen-yehuda-db-1	{"image": "mariadb:10.11", "ports": "3306/tcp", "status": "Up 3 weeks (healthy)", "runtime": "docker"}	active	2026-02-27 09:50:13.150645+00	2026-03-08 12:07:09.018756+00
60986f5c-f506-4924-a669-e75a12c0b217	service	hoshen-yehuda-redis-1	service:hoshen-yehuda-redis-1	docker:hoshen-yehuda-redis-1	{"image": "redis:7-alpine", "ports": "6379/tcp", "status": "Up 3 weeks (healthy)", "runtime": "docker"}	active	2026-02-27 09:50:13.150645+00	2026-03-08 12:07:09.018756+00
fad8cc13-ec29-4a04-9bba-c8a7b58836c2	service	hoshen-yehuda-wordpress-1	service:hoshen-yehuda-wordpress-1	docker:hoshen-yehuda-wordpress-1	{"image": "wordpress:6.6-php8.2-apache", "ports": "127.0.0.1:8091->80/tcp", "status": "Up 3 weeks (healthy)", "runtime": "docker"}	active	2026-02-27 09:50:13.150645+00	2026-03-08 12:07:09.018756+00
18ece66b-b629-4e19-bee1-bb288a29426b	endpoint	sb-missing-from-sb-accept-low-20260227101050.internal	endpoint:sb-missing-from-sb-accept-low-20260227101050.internal	sb-missing-from-sb-accept-low-20260227101050.internal	{"source": "acceptance"}	deprecated	2026-02-27 10:10:52.310456+00	2026-02-27 10:12:25.52971+00
97737c9d-3b56-4add-86ae-7e553e6241a0	endpoint	sb-missing-to-sb-accept-low-20260227100927	endpoint:manual:sb-missing-to-sb-accept-low-20260227100927	manual:sb-missing-to-sb-accept-low-20260227100927	{"source": "acceptance"}	deprecated	2026-02-27 10:09:28.473424+00	2026-02-27 10:10:14.350847+00
5660cf15-9db6-4dcc-ab40-ecde80312287	endpoint	sb-missing-from-sb-accept-low-20260306143505.internal	endpoint:sb-missing-from-sb-accept-low-20260306143505.internal	sb-missing-from-sb-accept-low-20260306143505.internal	{"source": "acceptance"}	deprecated	2026-03-06 14:35:07.446583+00	2026-03-06 14:35:12.418748+00
9ce7926b-9f3d-4232-b3ab-4ecedeb5616a	endpoint	sb-missing-from-sb-accept-low-20260304115255.internal	endpoint:sb-missing-from-sb-accept-low-20260304115255.internal	sb-missing-from-sb-accept-low-20260304115255.internal	{"source": "acceptance"}	deprecated	2026-03-04 11:52:57.34885+00	2026-03-04 11:53:01.715947+00
00af116e-9b4f-476c-9b8e-31c1e9ecd5d6	endpoint	db.coriathost.cloud	endpoint:db.coriathost.cloud	caddy:db.coriathost.cloud	{"proxy": "caddy", "proxy_target": "127.0.0.1:8055"}	active	2026-02-27 10:08:58.175571+00	2026-03-08 12:07:09.018756+00
03078fb8-c8c5-471c-af78-4a0d18117f09	endpoint	dev.flow.coriathost.cloud	endpoint:dev.flow.coriathost.cloud	caddy:dev.flow.coriathost.cloud	{"proxy": "caddy", "proxy_target": "127.0.0.1:5173"}	active	2026-02-27 10:08:58.175571+00	2026-03-08 12:07:09.018756+00
eb2c40df-8110-4042-99c8-f7501c2ffd49	endpoint	eshet-chayil.merkazneshama.co.il	endpoint:eshet-chayil.merkazneshama.co.il	caddy:eshet-chayil.merkazneshama.co.il	{"proxy": "caddy", "proxy_target": "127.0.0.1:3444"}	active	2026-02-27 10:08:58.175571+00	2026-03-08 12:07:09.018756+00
4f043947-e061-4439-9016-d6eb261d30eb	endpoint	expiryalert.coriathost.cloud	endpoint:expiryalert.coriathost.cloud	caddy:expiryalert.coriathost.cloud	{"proxy": "caddy", "proxy_target": "127.0.0.1:3011"}	active	2026-02-27 09:50:13.150645+00	2026-03-08 12:07:09.018756+00
da9ab684-f8d0-4f3d-838c-a4f0b5264f43	endpoint	flow.coriathost.cloud	endpoint:flow.coriathost.cloud	caddy:flow.coriathost.cloud	{"proxy": "caddy", "proxy_target": "127.0.0.1:4000"}	active	2026-02-27 10:08:58.175571+00	2026-03-08 12:07:09.018756+00
7f3c27b4-9cb3-4b4e-92c5-9d4fff013694	endpoint	hycrm.coriathost.cloud	endpoint:hycrm.coriathost.cloud	caddy:hycrm.coriathost.cloud	{"proxy": "caddy", "proxy_target": "127.0.0.1:8091"}	active	2026-02-27 10:08:58.175571+00	2026-03-08 12:07:09.018756+00
84ab4f68-3ab6-45b8-9d35-8e9987509b50	endpoint	nocodb.coriathost.cloud	endpoint:nocodb.coriathost.cloud	caddy:nocodb.coriathost.cloud	{"proxy": "caddy", "proxy_target": "127.0.0.1:8086"}	active	2026-02-27 10:08:58.175571+00	2026-03-08 12:07:09.018756+00
b1155788-45e5-4f93-b26b-fbddde4f4a26	endpoint	uptime.coriathost.cloud	endpoint:uptime.coriathost.cloud	caddy:uptime.coriathost.cloud	{"proxy": "caddy", "proxy_target": "127.0.0.1:3002"}	active	2026-02-27 10:08:58.175571+00	2026-03-08 12:07:09.018756+00
ca85a51f-885a-4031-a1da-833db401a09d	endpoint	welcome.merkazneshama.co.il	endpoint:welcome.merkazneshama.co.il	caddy:welcome.merkazneshama.co.il	{"proxy": "caddy", "proxy_target": "127.0.0.1:3444"}	active	2026-02-27 10:08:58.175571+00	2026-03-08 12:07:09.018756+00
1d62fd9d-d433-412b-aa89-035b319ac4c4	program	Second Brain - Error Manager - v1	program:n8n:04-second-brain-error-manager-v1	n8n:/home/elron/services/n8n/workflows/second-brain/04-second-brain-error-manager-v1.json	{"path": "/home/elron/services/n8n/workflows/second-brain/04-second-brain-error-manager-v1.json", "tags": "contract:v1,env:staging,error-handler,memory:second-brain,owner:platform,template", "platform": "n8n"}	active	2026-02-27 09:57:56.312107+00	2026-03-08 12:07:09.018756+00
b61c3220-1369-445e-af16-5fef54d8865e	program	Second Brain - Dead Letter Replay - v1	program:n8n:05-second-brain-dead-letter-replay-v1	n8n:/home/elron/services/n8n/workflows/second-brain/05-second-brain-dead-letter-replay-v1.json	{"path": "/home/elron/services/n8n/workflows/second-brain/05-second-brain-dead-letter-replay-v1.json", "tags": "contract:v1,dead-letter,env:staging,memory:second-brain,owner:platform,template", "platform": "n8n"}	active	2026-02-27 09:57:56.312107+00	2026-03-08 12:07:09.018756+00
53d6b1f5-79d5-45c5-8f85-495d1b44cbc7	program	Super Team - Dead Letter Replay - v1	program:n8n:05-super-team-dead-letter-replay-v1	n8n:/home/elron/services/n8n/workflows/super-team/05-super-team-dead-letter-replay-v1.json	{"path": "/home/elron/services/n8n/workflows/super-team/05-super-team-dead-letter-replay-v1.json", "tags": "contract:v1,owner:super-team,env:staging,agent-super-team,role:dead-letter-replay", "platform": "n8n"}	active	2026-02-27 09:50:13.150645+00	2026-03-08 12:07:09.018756+00
3b59cd00-0b13-49d4-a1ca-6db0c830dd4d	endpoint	sb-missing-to-sb-accept-low-20260227101050.internal	endpoint:sb-missing-to-sb-accept-low-20260227101050.internal	sb-missing-to-sb-accept-low-20260227101050.internal	{"source": "acceptance"}	deprecated	2026-02-27 10:10:52.414501+00	2026-02-27 10:12:25.857323+00
5a0a7f4b-6323-4350-a638-db9825ad76e8	endpoint	sb-missing-to-sb-accept-low-20260304115255.internal	endpoint:sb-missing-to-sb-accept-low-20260304115255.internal	sb-missing-to-sb-accept-low-20260304115255.internal	{"source": "acceptance"}	deprecated	2026-03-04 11:52:57.472353+00	2026-03-04 11:53:01.954695+00
c3cdbd89-8a57-4c61-b396-da236e27455b	program	Super Team - Intake Normalizer - v1	program:n8n:02-super-team-intake-normalizer-v1	n8n:/home/elron/services/n8n/workflows/super-team/02-super-team-intake-normalizer-v1.json	{"path": "/home/elron/services/n8n/workflows/super-team/02-super-team-intake-normalizer-v1.json", "tags": "contract:v1,owner:super-team,env:staging,agent-super-team,role:intake-normalizer", "platform": "n8n"}	active	2026-02-27 09:50:13.150645+00	2026-03-08 12:07:09.018756+00
6cee415b-9735-4557-8164-b297fed6ac1c	endpoint	sb-missing-from-sb-accept-low-20260227100927	endpoint:sb-missing-from-sb-accept-low-20260227100927	\N	{"source": "manual-recovery"}	deprecated	2026-02-27 10:09:56.16226+00	2026-02-27 10:10:14.452706+00
a772426e-12f1-43e1-b9e5-6239c1e04ecc	endpoint	sb-missing-to-sb-accept-low-20260306143505.internal	endpoint:sb-missing-to-sb-accept-low-20260306143505.internal	sb-missing-to-sb-accept-low-20260306143505.internal	{"source": "acceptance"}	deprecated	2026-03-06 14:35:07.643684+00	2026-03-06 14:35:12.617042+00
ac198a6a-c11a-4063-a5de-f27796ae3320	program	Super Team - Contract Validator - v1	program:n8n:03-super-team-contract-validator-v1	n8n:/home/elron/services/n8n/workflows/super-team/03-super-team-contract-validator-v1.json	{"path": "/home/elron/services/n8n/workflows/super-team/03-super-team-contract-validator-v1.json", "tags": "contract:v1,owner:super-team,env:staging,agent-super-team,role:contract-validator", "platform": "n8n"}	active	2026-02-27 09:50:13.150645+00	2026-03-08 12:07:09.018756+00
65ffab58-5018-4600-866e-2b1f1fdbfb9e	program	Super Team - RAG Specialist - v1	program:n8n:07-super-team-rag-specialist-v1	n8n:/home/elron/services/n8n/workflows/super-team/07-super-team-rag-specialist-v1.json	{"path": "/home/elron/services/n8n/workflows/super-team/07-super-team-rag-specialist-v1.json", "tags": "contract:v1,owner:super-team,env:staging,agent-super-team,role:rag", "platform": "n8n"}	active	2026-02-27 09:50:13.150645+00	2026-03-08 12:07:09.018756+00
f3291c77-6d32-4eba-a896-4ad2fa2cd7be	program	Super Team - Async Long-Run Specialist - v1	program:n8n:08-super-team-async-longrun-specialist-v1	n8n:/home/elron/services/n8n/workflows/super-team/08-super-team-async-longrun-specialist-v1.json	{"path": "/home/elron/services/n8n/workflows/super-team/08-super-team-async-longrun-specialist-v1.json", "tags": "contract:v1,owner:super-team,env:staging,agent-super-team,role:async-longrun", "platform": "n8n"}	active	2026-02-27 09:50:13.150645+00	2026-03-08 12:07:09.018756+00
89f50d5b-54fc-4b3b-ac7e-a3fb534d349f	program	Super Team - CRM Specialist - v1	program:n8n:09-super-team-crm-specialist-v1	n8n:/home/elron/services/n8n/workflows/super-team/09-super-team-crm-specialist-v1.json	{"path": "/home/elron/services/n8n/workflows/super-team/09-super-team-crm-specialist-v1.json", "tags": "contract:v1,owner:super-team,env:staging,agent-super-team,role:crm", "platform": "n8n"}	active	2026-02-27 09:50:13.150645+00	2026-03-08 12:07:09.018756+00
61e4b337-f7e7-419b-8631-a5a75e1fcf52	endpoint	sb-missing-to-sb-accept-low-20260227100927	endpoint:sb-missing-to-sb-accept-low-20260227100927	\N	{"source": "manual-recovery"}	deprecated	2026-02-27 10:09:56.16226+00	2026-02-27 10:10:14.570174+00
537368b2-7b4a-444b-8a9b-9e81e1f25495	agent	amuta-compliance-manager	agent:/root/policies-repo/skills/external-ecc/agents/amuta-compliance-manager.md	/root/policies-repo/skills/external-ecc/agents/amuta-compliance-manager.md	{"env": "prod", "owner": "platform", "domain": "israel-amutot"}	active	2026-02-27 14:19:42.255102+00	2026-02-27 14:19:42.255102+00
95bd1e25-ad5c-465f-8cde-7624467ec5f0	service	hoshen-yehuda-wp-cron-1	service:hoshen-yehuda-wp-cron-1	docker:hoshen-yehuda-wp-cron-1	{"image": "wordpress:cli", "ports": "", "status": "Up 3 weeks", "runtime": "docker"}	active	2026-02-27 09:50:13.150645+00	2026-03-08 12:07:09.018756+00
6979ee89-ce73-4420-a28a-2ea66fb29840	program	Super Team - Master Orchestrator - v1	program:n8n:01-super-team-master-orchestrator-v1	n8n:/home/elron/services/n8n/workflows/super-team/01-super-team-master-orchestrator-v1.json	{"path": "/home/elron/services/n8n/workflows/super-team/01-super-team-master-orchestrator-v1.json", "tags": "contract:v1,owner:super-team,env:staging,agent-super-team,role:master-orchestrator", "platform": "n8n"}	active	2026-02-27 09:50:13.150645+00	2026-03-08 12:07:09.018756+00
20090ea8-932a-43bf-b6c5-7af81693e4a8	service	hycrm-directus	service:hycrm-directus	docker:hycrm-directus	{"image": "directus/directus:11.14.1", "ports": "127.0.0.1:18055->8055/tcp", "status": "Up About an hour", "runtime": "docker"}	active	2026-02-27 09:50:13.150645+00	2026-03-08 12:07:09.018756+00
00ed78c3-08f2-4de1-bb9a-945ef32a3ba3	skill	amuta-nihul-takin	skill:/root/policies-repo/skills/external-ecc/amuta-nihul-takin/skill.md	/root/policies-repo/skills/external-ecc/amuta-nihul-takin/SKILL.md	{"env": "prod", "owner": "platform", "domain": "israel-amutot"}	active	2026-02-27 14:19:42.416836+00	2026-02-27 14:19:42.416836+00
876ea516-a414-4da8-82ea-66e6a1faa03a	program	Video Pipeline - Error Handler	program:n8n:error-handler	n8n:/home/elron/services/n8n/workflows/error-handler.json	{"path": "/home/elron/services/n8n/workflows/error-handler.json", "tags": "video-pipeline,error-handler,contract:v1,owner:platform,env:prod", "platform": "n8n"}	active	2026-02-27 09:50:13.150645+00	2026-03-08 12:07:09.018756+00
5f6468e8-e2bf-41e4-80c9-e9676f54e644	program	Template - Dead Letter Retry - v1	program:n8n:template-dead-letter-retry-v1	n8n:/home/elron/services/n8n/workflows/templates/template-dead-letter-retry-v1.json	{"path": "/home/elron/services/n8n/workflows/templates/template-dead-letter-retry-v1.json", "tags": "template,dead-letter,contract:v1,owner:platform", "platform": "n8n"}	active	2026-02-27 09:50:13.150645+00	2026-03-08 12:07:09.018756+00
da64444e-d99b-4596-8921-d8479df733e3	service	hycrm-directus-db	service:hycrm-directus-db	docker:hycrm-directus-db	{"image": "postgres:15", "ports": "5432/tcp", "status": "Up About an hour (healthy)", "runtime": "docker"}	active	2026-02-27 09:50:13.150645+00	2026-03-08 12:07:09.018756+00
96b47118-0681-4256-a0f5-284c6f9eb292	service	n8n-postgres	service:n8n-postgres	docker:n8n-postgres	{"image": "postgres:15-alpine", "ports": "5432/tcp", "status": "Up 2 weeks (healthy)", "runtime": "docker"}	active	2026-02-27 09:50:13.150645+00	2026-03-08 12:07:09.018756+00
715c482e-0da3-48bb-ab83-af3fc3925bf4	service	ngo-crm-db	service:ngo-crm-db	docker:ngo-crm-db	{"image": "mariadb:10.11", "ports": "3306/tcp", "status": "Up 3 weeks (healthy)", "runtime": "docker"}	active	2026-02-27 09:50:13.150645+00	2026-03-08 12:07:09.018756+00
05480623-854c-4474-ba61-c979da1250e2	service	ngo-crm-wp	service:ngo-crm-wp	docker:ngo-crm-wp	{"image": "wordpress:6.5.5-php8.2-apache", "ports": "127.0.0.1:8088->80/tcp", "status": "Up 3 weeks", "runtime": "docker"}	active	2026-02-27 09:50:13.150645+00	2026-03-08 12:07:09.018756+00
85c08760-cebd-45da-8be1-78dfccfdcafd	service	uptime-kuma	service:uptime-kuma	docker:uptime-kuma	{"image": "louislam/uptime-kuma:latest", "ports": "127.0.0.1:3002->3001/tcp", "status": "Up 3 weeks (healthy)", "runtime": "docker"}	active	2026-02-27 09:50:13.150645+00	2026-03-08 12:07:09.018756+00
60fa3e4c-367b-4dab-84f9-9261005242f8	service	sb-accept-low-20260227103700	service:sb-accept-low-20260227103700	\N	{"env": "staging", "gate": "acceptance", "owner": "platform"}	deprecated	2026-02-27 10:37:01.019491+00	2026-02-27 10:37:06.441862+00
a4928a9d-c99a-4afd-b245-19f4cce75cff	endpoint	crm.merkazneshama.co.il	endpoint:crm.merkazneshama.co.il	caddy:crm.merkazneshama.co.il	{"proxy": "caddy", "proxy_target": "127.0.0.1:18055"}	active	2026-02-27 10:08:58.175571+00	2026-03-08 12:07:09.018756+00
f2da5d79-3d44-4a4f-a849-37a55df340c5	endpoint	crmphone.merkazneshama.co.il	endpoint:crmphone.merkazneshama.co.il	caddy:crmphone.merkazneshama.co.il	{"proxy": "caddy", "proxy_target": "127.0.0.1:8090"}	active	2026-02-27 10:08:58.175571+00	2026-03-08 12:07:09.018756+00
879099d6-0f1e-4487-857a-644445b72f52	program	Super Team - Media Specialist - v1	program:n8n:10-super-team-media-specialist-v1	n8n:/home/elron/services/n8n/workflows/super-team/10-super-team-media-specialist-v1.json	{"path": "/home/elron/services/n8n/workflows/super-team/10-super-team-media-specialist-v1.json", "tags": "contract:v1,owner:super-team,env:staging,agent-super-team,role:media", "platform": "n8n"}	active	2026-02-27 09:50:13.150645+00	2026-03-08 12:07:09.018756+00
f77ec33f-f107-4a8a-a074-113087e5054f	workflow	Lesson Media Pipeline (Webhook) - v2	workflow:psi1hjqzw7zpr1mn	Psi1HjqZw7Zpr1MN	{"env": "prod", "path": "/home/elron/services/n8n/workflows/lesson-video-pipeline-v2.json", "contract": "v1", "platform": "n8n"}	active	2026-03-06 14:29:02.75068+00	2026-03-06 14:29:02.75068+00
5b99f397-775f-49bd-9063-15889fe95cae	program	gemini-cli	program:system:gemini:cli	system:gemini:cli	{"mode": "FULL_AUTO_GLOBAL", "path": "/root/.gemini"}	active	2026-03-04 17:36:50.243829+00	2026-03-04 17:36:50.243829+00
76545b74-5516-49d9-8c32-fc41d1362ba9	service	hycrm-directus	service:manual:hycrm-directus	manual:hycrm-directus	{"role": "canonical-crm-accounting-store", "domain": "hoshen-yehuda", "platform": "directus"}	deprecated	2026-03-06 13:10:26.117821+00	2026-03-06 13:11:50.405577+00
22962aa2-28da-4f7b-8345-771bf31fd359	endpoint	sb-missing-from-sb-accept-low-20260227101026.internal	endpoint:sb-missing-from-sb-accept-low-20260227101026-internal	\N	{"source": "acceptance"}	deprecated	2026-02-27 10:10:27.275235+00	2026-02-27 10:12:25.294528+00
5e1713f9-d9e3-40d1-943e-968bd475a22f	service	sb-accept-low-20260308111708	service:sb-accept-low-20260308111708	\N	{"env": "staging", "gate": "acceptance", "owner": "platform"}	deprecated	2026-03-08 11:17:08.331433+00	2026-03-08 11:17:13.248356+00
c3ee7528-e45e-4b5a-b772-ac344381b21f	program	Super Team - QA Test Orchestrator Agent - v1	program:n8n:12-super-team-qa-test-orchestrator-agent-v1	n8n:/home/elron/services/n8n/workflows/super-team/12-super-team-qa-test-orchestrator-agent-v1.json	{"path": "/home/elron/services/n8n/workflows/super-team/12-super-team-qa-test-orchestrator-agent-v1.json", "tags": "contract:v1,owner:super-team,env:staging,agent-super-team,role:qa-orchestrator", "platform": "n8n"}	active	2026-02-27 09:50:13.150645+00	2026-03-08 12:07:09.018756+00
b50d4508-f886-4593-9238-01576496e26e	program	Super Team - Debug Failure Analysis Agent - v1	program:n8n:13-super-team-debug-failure-analysis-agent-v1	n8n:/home/elron/services/n8n/workflows/super-team/13-super-team-debug-failure-analysis-agent-v1.json	{"path": "/home/elron/services/n8n/workflows/super-team/13-super-team-debug-failure-analysis-agent-v1.json", "tags": "contract:v1,owner:super-team,env:staging,agent-super-team,role:debug-analysis", "platform": "n8n"}	active	2026-02-27 09:50:13.150645+00	2026-03-08 12:07:09.018756+00
d327fbcb-c734-458b-9571-da459aadc929	skill	amuta-rasham-amutot-filings	skill:/root/policies-repo/skills/external-ecc/amuta-rasham-amutot-filings/skill.md	/root/policies-repo/skills/external-ecc/amuta-rasham-amutot-filings/SKILL.md	{"env": "prod", "owner": "platform", "domain": "israel-amutot"}	active	2026-02-27 14:19:42.593929+00	2026-02-27 14:19:42.593929+00
c3c64d2f-2d2f-4486-b950-8921082642b2	program	Google Drive Watch Manager	program:n8n:google-drive-watch-manager-live	n8n:/home/elron/services/n8n/workflows/exports/google-drive-watch-manager-live.json	{"path": "/home/elron/services/n8n/workflows/exports/google-drive-watch-manager-live.json", "tags": "video-pipeline,webhook,google-drive,contract:v1,owner:platform,env:prod", "platform": "n8n"}	active	2026-02-27 09:50:13.150645+00	2026-03-08 12:07:09.018756+00
43ab2dfd-4403-4f54-bfed-090e48de0891	program	Google Drive Watch Manager - v2	program:n8n:google-drive-watch-manager-v2	n8n:/home/elron/services/n8n/workflows/google-drive-watch-manager-v2.json	{"path": "/home/elron/services/n8n/workflows/google-drive-watch-manager-v2.json", "tags": "video-pipeline,webhook,google-drive,contract:v1,owner:platform,env:prod,env:staging,v2", "platform": "n8n"}	active	2026-02-27 09:50:13.150645+00	2026-03-08 12:07:09.018756+00
248fce47-05f9-41e0-9bcd-2d97cc4299c4	program	Lesson Media Pipeline (Webhook)	program:n8n:lesson-media-pipeline-live	n8n:/home/elron/services/n8n/workflows/exports/lesson-media-pipeline-live.json	{"path": "/home/elron/services/n8n/workflows/exports/lesson-media-pipeline-live.json", "tags": "video-pipeline,webhook,production,contract:v1,owner:platform,env:prod", "platform": "n8n"}	active	2026-02-27 09:50:13.150645+00	2026-03-08 12:07:09.018756+00
797c375d-1bc3-4e16-819b-41914b459cc2	program	Lesson Media Pipeline - Regression Gate - v1	program:n8n:lesson-media-pipeline-regression-gate-v1	n8n:/home/elron/services/n8n/workflows/regression/lesson-media-pipeline-regression-gate-v1.json	{"path": "/home/elron/services/n8n/workflows/regression/lesson-media-pipeline-regression-gate-v1.json", "tags": "contract:v1,owner:platform,env:staging,regression,media-pipeline", "platform": "n8n"}	active	2026-02-27 09:50:13.150645+00	2026-03-08 12:07:09.018756+00
4e4e0a73-4579-4dfa-ba33-a04f3a29d605	service	n8n	service:n8n	docker:n8n	{"image": "n8n-n8n", "ports": "127.0.0.1:5678->5678/tcp", "status": "Up 13 minutes", "runtime": "docker"}	active	2026-02-27 09:50:13.150645+00	2026-03-08 12:07:09.018756+00
\.


--
-- Data for Name: import_entities; Type: TABLE DATA; Schema: second_brain; Owner: postgres
--

COPY second_brain.import_entities (raw, imported_at) FROM stdin;
{"entity_type":"service","name":"n8n","natural_key":"service:n8n","external_ref":"docker:n8n","properties":{"runtime":"docker","image":"n8n-n8n","status":"Up 13 minutes","ports":"127.0.0.1:5678->5678/tcp"}}	2026-03-08 12:07:03.884727+00
{"entity_type":"service","name":"hycrm-directus","natural_key":"service:hycrm-directus","external_ref":"docker:hycrm-directus","properties":{"runtime":"docker","image":"directus/directus:11.14.1","status":"Up About an hour","ports":"127.0.0.1:18055->8055/tcp"}}	2026-03-08 12:07:03.884727+00
{"entity_type":"service","name":"hycrm-directus-db","natural_key":"service:hycrm-directus-db","external_ref":"docker:hycrm-directus-db","properties":{"runtime":"docker","image":"postgres:15","status":"Up About an hour (healthy)","ports":"5432/tcp"}}	2026-03-08 12:07:03.884727+00
{"entity_type":"service","name":"n8n-postgres","natural_key":"service:n8n-postgres","external_ref":"docker:n8n-postgres","properties":{"runtime":"docker","image":"postgres:15-alpine","status":"Up 2 weeks (healthy)","ports":"5432/tcp"}}	2026-03-08 12:07:03.884727+00
{"entity_type":"service","name":"flow-control-frontend","natural_key":"service:flow-control-frontend","external_ref":"docker:flow-control-frontend","properties":{"runtime":"docker","image":"app-frontend","status":"Up 3 weeks","ports":"127.0.0.1:8080->80/tcp"}}	2026-03-08 12:07:03.884727+00
{"entity_type":"service","name":"expiry-alert-expiryalert-api-1","natural_key":"service:expiry-alert-expiryalert-api-1","external_ref":"docker:expiry-alert-expiryalert-api-1","properties":{"runtime":"docker","image":"expiry-alert-expiryalert-api","status":"Up 3 weeks","ports":"0.0.0.0:3011->3001/tcp, [::]:3011->3001/tcp"}}	2026-03-08 12:07:03.884727+00
{"entity_type":"service","name":"expiry-alert-directus-1","natural_key":"service:expiry-alert-directus-1","external_ref":"docker:expiry-alert-directus-1","properties":{"runtime":"docker","image":"directus/directus:latest","status":"Up 3 weeks","ports":"0.0.0.0:8055->8055/tcp, [::]:8055->8055/tcp"}}	2026-03-08 12:07:03.884727+00
{"entity_type":"service","name":"hoshen-yehuda-wp-cron-1","natural_key":"service:hoshen-yehuda-wp-cron-1","external_ref":"docker:hoshen-yehuda-wp-cron-1","properties":{"runtime":"docker","image":"wordpress:cli","status":"Up 3 weeks","ports":""}}	2026-03-08 12:07:03.884727+00
{"entity_type":"service","name":"hoshen-yehuda-wordpress-1","natural_key":"service:hoshen-yehuda-wordpress-1","external_ref":"docker:hoshen-yehuda-wordpress-1","properties":{"runtime":"docker","image":"wordpress:6.6-php8.2-apache","status":"Up 3 weeks (healthy)","ports":"127.0.0.1:8091->80/tcp"}}	2026-03-08 12:07:03.884727+00
{"entity_type":"service","name":"hoshen-yehuda-redis-1","natural_key":"service:hoshen-yehuda-redis-1","external_ref":"docker:hoshen-yehuda-redis-1","properties":{"runtime":"docker","image":"redis:7-alpine","status":"Up 3 weeks (healthy)","ports":"6379/tcp"}}	2026-03-08 12:07:03.884727+00
{"entity_type":"service","name":"hoshen-yehuda-db-1","natural_key":"service:hoshen-yehuda-db-1","external_ref":"docker:hoshen-yehuda-db-1","properties":{"runtime":"docker","image":"mariadb:10.11","status":"Up 3 weeks (healthy)","ports":"3306/tcp"}}	2026-03-08 12:07:03.884727+00
{"entity_type":"service","name":"ngo-crm-wp","natural_key":"service:ngo-crm-wp","external_ref":"docker:ngo-crm-wp","properties":{"runtime":"docker","image":"wordpress:6.5.5-php8.2-apache","status":"Up 3 weeks","ports":"127.0.0.1:8088->80/tcp"}}	2026-03-08 12:07:03.884727+00
{"entity_type":"service","name":"ngo-crm-db","natural_key":"service:ngo-crm-db","external_ref":"docker:ngo-crm-db","properties":{"runtime":"docker","image":"mariadb:10.11","status":"Up 3 weeks (healthy)","ports":"3306/tcp"}}	2026-03-08 12:07:03.884727+00
{"entity_type":"service","name":"contacthub_postgres","natural_key":"service:contacthub_postgres","external_ref":"docker:contacthub_postgres","properties":{"runtime":"docker","image":"postgres:16","status":"Up 3 weeks","ports":"5432/tcp"}}	2026-03-08 12:07:03.884727+00
{"entity_type":"service","name":"flow-auth","natural_key":"service:flow-auth","external_ref":"docker:flow-auth","properties":{"runtime":"docker","image":"flow-auth-flow-auth","status":"Up 3 weeks","ports":"127.0.0.1:8081->3000/tcp"}}	2026-03-08 12:07:03.884727+00
{"entity_type":"service","name":"crmlite-web","natural_key":"service:crmlite-web","external_ref":"docker:crmlite-web","properties":{"runtime":"docker","image":"caddy:2","status":"Up 9 days","ports":"443/tcp, 2019/tcp, 443/udp, 127.0.0.1:8090->80/tcp"}}	2026-03-08 12:07:03.884727+00
{"entity_type":"service","name":"uptime-kuma","natural_key":"service:uptime-kuma","external_ref":"docker:uptime-kuma","properties":{"runtime":"docker","image":"louislam/uptime-kuma:latest","status":"Up 3 weeks (healthy)","ports":"127.0.0.1:3002->3001/tcp"}}	2026-03-08 12:07:03.884727+00
{"entity_type":"service","name":"flow-control-db","natural_key":"service:flow-control-db","external_ref":"docker:flow-control-db","properties":{"runtime":"docker","image":"postgres:15-alpine","status":"Up 3 weeks (healthy)","ports":"5432/tcp"}}	2026-03-08 12:07:03.884727+00
{"entity_type":"service","name":"caddy","natural_key":"service:caddy","external_ref":"system:caddy","properties":{"runtime":"systemd","service":"caddy"}}	2026-03-08 12:07:03.884727+00
{"entity_type":"endpoint","name":"dev.flow.coriathost.cloud","natural_key":"endpoint:dev.flow.coriathost.cloud","external_ref":"caddy:dev.flow.coriathost.cloud","properties":{"proxy_target":"127.0.0.1:4000","proxy":"caddy"}}	2026-03-08 12:07:03.884727+00
{"entity_type":"endpoint","name":"dev.flow.coriathost.cloud","natural_key":"endpoint:dev.flow.coriathost.cloud","external_ref":"caddy:dev.flow.coriathost.cloud","properties":{"proxy_target":"127.0.0.1:4000","proxy":"caddy"}}	2026-03-08 12:07:03.884727+00
{"entity_type":"endpoint","name":"dev.flow.coriathost.cloud","natural_key":"endpoint:dev.flow.coriathost.cloud","external_ref":"caddy:dev.flow.coriathost.cloud","properties":{"proxy_target":"127.0.0.1:5173","proxy":"caddy"}}	2026-03-08 12:07:03.884727+00
{"entity_type":"endpoint","name":"flow.coriathost.cloud","natural_key":"endpoint:flow.coriathost.cloud","external_ref":"caddy:flow.coriathost.cloud","properties":{"proxy_target":"127.0.0.1:4000","proxy":"caddy"}}	2026-03-08 12:07:03.884727+00
{"entity_type":"endpoint","name":"flow.coriathost.cloud","natural_key":"endpoint:flow.coriathost.cloud","external_ref":"caddy:flow.coriathost.cloud","properties":{"proxy_target":"127.0.0.1:4000","proxy":"caddy"}}	2026-03-08 12:07:03.884727+00
{"entity_type":"endpoint","name":"flow.coriathost.cloud","natural_key":"endpoint:flow.coriathost.cloud","external_ref":"caddy:flow.coriathost.cloud","properties":{"proxy_target":"127.0.0.1:8080","proxy":"caddy"}}	2026-03-08 12:07:03.884727+00
{"entity_type":"endpoint","name":"auto.coriathost.cloud","natural_key":"endpoint:auto.coriathost.cloud","external_ref":"caddy:auto.coriathost.cloud","properties":{"proxy_target":"127.0.0.1:5678","proxy":"caddy"}}	2026-03-08 12:07:03.884727+00
{"entity_type":"endpoint","name":"auto.coriathost.cloud","natural_key":"endpoint:auto.coriathost.cloud","external_ref":"caddy:auto.coriathost.cloud","properties":{"proxy_target":"127.0.0.1:5678","proxy":"caddy"}}	2026-03-08 12:07:03.884727+00
{"entity_type":"endpoint","name":"auto.coriathost.cloud","natural_key":"endpoint:auto.coriathost.cloud","external_ref":"caddy:auto.coriathost.cloud","properties":{"proxy_target":"127.0.0.1:5678","proxy":"caddy"}}	2026-03-08 12:07:03.884727+00
{"entity_type":"endpoint","name":"crmphone.merkazneshama.co.il","natural_key":"endpoint:crmphone.merkazneshama.co.il","external_ref":"caddy:crmphone.merkazneshama.co.il","properties":{"proxy_target":"127.0.0.1:8090","proxy":"caddy"}}	2026-03-08 12:07:03.884727+00
{"entity_type":"endpoint","name":"hycrm.coriathost.cloud","natural_key":"endpoint:hycrm.coriathost.cloud","external_ref":"caddy:hycrm.coriathost.cloud","properties":{"proxy_target":"127.0.0.1:8091","proxy":"caddy"}}	2026-03-08 12:07:03.884727+00
{"entity_type":"endpoint","name":"db.coriathost.cloud","natural_key":"endpoint:db.coriathost.cloud","external_ref":"caddy:db.coriathost.cloud","properties":{"proxy_target":"127.0.0.1:8055","proxy":"caddy"}}	2026-03-08 12:07:03.884727+00
{"entity_type":"endpoint","name":"expiryalert.coriathost.cloud","natural_key":"endpoint:expiryalert.coriathost.cloud","external_ref":"caddy:expiryalert.coriathost.cloud","properties":{"proxy_target":"127.0.0.1:3011","proxy":"caddy"}}	2026-03-08 12:07:03.884727+00
{"entity_type":"endpoint","name":"uptime.coriathost.cloud","natural_key":"endpoint:uptime.coriathost.cloud","external_ref":"caddy:uptime.coriathost.cloud","properties":{"proxy_target":"127.0.0.1:3002","proxy":"caddy"}}	2026-03-08 12:07:03.884727+00
{"entity_type":"endpoint","name":"nocodb.coriathost.cloud","natural_key":"endpoint:nocodb.coriathost.cloud","external_ref":"caddy:nocodb.coriathost.cloud","properties":{"proxy_target":"127.0.0.1:8086","proxy":"caddy"}}	2026-03-08 12:07:03.884727+00
{"entity_type":"endpoint","name":"eshet-chayil.merkazneshama.co.il","natural_key":"endpoint:eshet-chayil.merkazneshama.co.il","external_ref":"caddy:eshet-chayil.merkazneshama.co.il","properties":{"proxy_target":"127.0.0.1:3444","proxy":"caddy"}}	2026-03-08 12:07:03.884727+00
{"entity_type":"endpoint","name":"welcome.merkazneshama.co.il","natural_key":"endpoint:welcome.merkazneshama.co.il","external_ref":"caddy:welcome.merkazneshama.co.il","properties":{"proxy_target":"127.0.0.1:3444","proxy":"caddy"}}	2026-03-08 12:07:03.884727+00
{"entity_type":"endpoint","name":"crm.merkazneshama.co.il","natural_key":"endpoint:crm.merkazneshama.co.il","external_ref":"caddy:crm.merkazneshama.co.il","properties":{"proxy_target":"127.0.0.1:18055","proxy":"caddy"}}	2026-03-08 12:07:03.884727+00
{"entity_type":"program","name":"Agent Reference - Async Long-Run Assistant - v1","natural_key":"program:n8n:agent-async-longrun-assistant-v1","external_ref":"n8n:/home/elron/services/n8n/workflows/agents/agent-async-longrun-assistant-v1.json","properties":{"platform":"n8n","path":"/home/elron/services/n8n/workflows/agents/agent-async-longrun-assistant-v1.json","tags":"reference,agent,async,contract:v1"}}	2026-03-08 12:07:03.884727+00
{"entity_type":"program","name":"Agent Reference - RAG Assistant - v1","natural_key":"program:n8n:agent-rag-assistant-v1","external_ref":"n8n:/home/elron/services/n8n/workflows/agents/agent-rag-assistant-v1.json","properties":{"platform":"n8n","path":"/home/elron/services/n8n/workflows/agents/agent-rag-assistant-v1.json","tags":"reference,agent,rag,contract:v1"}}	2026-03-08 12:07:03.884727+00
{"entity_type":"program","name":"Agent Reference - Tool Calling Assistant - v1","natural_key":"program:n8n:agent-tool-calling-assistant-v1","external_ref":"n8n:/home/elron/services/n8n/workflows/agents/agent-tool-calling-assistant-v1.json","properties":{"platform":"n8n","path":"/home/elron/services/n8n/workflows/agents/agent-tool-calling-assistant-v1.json","tags":"reference,agent,tool-calling,contract:v1"}}	2026-03-08 12:07:03.884727+00
{"entity_type":"program","name":"Video Pipeline - Error Handler","natural_key":"program:n8n:error-handler","external_ref":"n8n:/home/elron/services/n8n/workflows/error-handler.json","properties":{"platform":"n8n","path":"/home/elron/services/n8n/workflows/error-handler.json","tags":"video-pipeline,error-handler,contract:v1,owner:platform,env:prod"}}	2026-03-08 12:07:03.884727+00
{"entity_type":"program","name":"Google Drive Watch Manager","natural_key":"program:n8n:google-drive-watch-manager-live","external_ref":"n8n:/home/elron/services/n8n/workflows/exports/google-drive-watch-manager-live.json","properties":{"platform":"n8n","path":"/home/elron/services/n8n/workflows/exports/google-drive-watch-manager-live.json","tags":"video-pipeline,webhook,google-drive,contract:v1,owner:platform,env:prod"}}	2026-03-08 12:07:03.884727+00
{"entity_type":"program","name":"Lesson Media Pipeline (Webhook)","natural_key":"program:n8n:lesson-media-pipeline-live","external_ref":"n8n:/home/elron/services/n8n/workflows/exports/lesson-media-pipeline-live.json","properties":{"platform":"n8n","path":"/home/elron/services/n8n/workflows/exports/lesson-media-pipeline-live.json","tags":"video-pipeline,webhook,production,contract:v1,owner:platform,env:prod"}}	2026-03-08 12:07:03.884727+00
{"entity_type":"program","name":"Google Drive Watch Manager - v2","natural_key":"program:n8n:google-drive-watch-manager-v2","external_ref":"n8n:/home/elron/services/n8n/workflows/google-drive-watch-manager-v2.json","properties":{"platform":"n8n","path":"/home/elron/services/n8n/workflows/google-drive-watch-manager-v2.json","tags":"video-pipeline,webhook,google-drive,contract:v1,owner:platform,env:prod,env:staging,v2"}}	2026-03-08 12:07:03.884727+00
{"entity_type":"program","name":"Google Drive Watch Manager","natural_key":"program:n8n:google-drive-watch-manager","external_ref":"n8n:/home/elron/services/n8n/workflows/google-drive-watch-manager.json","properties":{"platform":"n8n","path":"/home/elron/services/n8n/workflows/google-drive-watch-manager.json","tags":"video-pipeline,webhook,google-drive"}}	2026-03-08 12:07:03.884727+00
{"entity_type":"program","name":"Lesson Media Pipeline (Webhook) - v2","natural_key":"program:n8n:lesson-video-pipeline-v2","external_ref":"n8n:/home/elron/services/n8n/workflows/lesson-video-pipeline-v2.json","properties":{"platform":"n8n","path":"/home/elron/services/n8n/workflows/lesson-video-pipeline-v2.json","tags":"video-pipeline,webhook,production,contract:v1,owner:platform,env:prod,env:staging,v2"}}	2026-03-08 12:07:03.884727+00
{"entity_type":"program","name":"Lesson Media Pipeline (Webhook)","natural_key":"program:n8n:lesson-video-pipeline","external_ref":"n8n:/home/elron/services/n8n/workflows/lesson-video-pipeline.json","properties":{"platform":"n8n","path":"/home/elron/services/n8n/workflows/lesson-video-pipeline.json","tags":"video-pipeline,webhook,production"}}	2026-03-08 12:07:03.884727+00
{"entity_type":"program","name":"Lesson Media Pipeline - Regression Gate - v1","natural_key":"program:n8n:lesson-media-pipeline-regression-gate-v1","external_ref":"n8n:/home/elron/services/n8n/workflows/regression/lesson-media-pipeline-regression-gate-v1.json","properties":{"platform":"n8n","path":"/home/elron/services/n8n/workflows/regression/lesson-media-pipeline-regression-gate-v1.json","tags":"contract:v1,owner:platform,env:staging,regression,media-pipeline"}}	2026-03-08 12:07:03.884727+00
{"entity_type":"program","name":"Second Brain - Intake Normalizer - v1","natural_key":"program:n8n:01-second-brain-intake-normalizer-v1","external_ref":"n8n:/home/elron/services/n8n/workflows/second-brain/01-second-brain-intake-normalizer-v1.json","properties":{"platform":"n8n","path":"/home/elron/services/n8n/workflows/second-brain/01-second-brain-intake-normalizer-v1.json","tags":"contract:v1,env:staging,memory:second-brain,owner:platform,template"}}	2026-03-08 12:07:03.884727+00
{"entity_type":"program","name":"Second Brain - Relationship Extractor - v1","natural_key":"program:n8n:02-second-brain-relationship-extractor-v1","external_ref":"n8n:/home/elron/services/n8n/workflows/second-brain/02-second-brain-relationship-extractor-v1.json","properties":{"platform":"n8n","path":"/home/elron/services/n8n/workflows/second-brain/02-second-brain-relationship-extractor-v1.json","tags":"agent,contract:v1,env:staging,memory:second-brain,owner:platform,template"}}	2026-03-08 12:07:03.884727+00
{"entity_type":"program","name":"Second Brain - Apply Update Gate - v1","natural_key":"program:n8n:03-second-brain-apply-update-gate-v1","external_ref":"n8n:/home/elron/services/n8n/workflows/second-brain/03-second-brain-apply-update-gate-v1.json","properties":{"platform":"n8n","path":"/home/elron/services/n8n/workflows/second-brain/03-second-brain-apply-update-gate-v1.json","tags":"api-sync,contract:v1,env:staging,memory:second-brain,owner:platform,template"}}	2026-03-08 12:07:03.884727+00
{"entity_type":"program","name":"Second Brain - Error Manager - v1","natural_key":"program:n8n:04-second-brain-error-manager-v1","external_ref":"n8n:/home/elron/services/n8n/workflows/second-brain/04-second-brain-error-manager-v1.json","properties":{"platform":"n8n","path":"/home/elron/services/n8n/workflows/second-brain/04-second-brain-error-manager-v1.json","tags":"contract:v1,env:staging,error-handler,memory:second-brain,owner:platform,template"}}	2026-03-08 12:07:03.884727+00
{"entity_type":"program","name":"Second Brain - Dead Letter Replay - v1","natural_key":"program:n8n:05-second-brain-dead-letter-replay-v1","external_ref":"n8n:/home/elron/services/n8n/workflows/second-brain/05-second-brain-dead-letter-replay-v1.json","properties":{"platform":"n8n","path":"/home/elron/services/n8n/workflows/second-brain/05-second-brain-dead-letter-replay-v1.json","tags":"contract:v1,dead-letter,env:staging,memory:second-brain,owner:platform,template"}}	2026-03-08 12:07:03.884727+00
{"entity_type":"program","name":"Super Team - Master Orchestrator - v1","natural_key":"program:n8n:01-super-team-master-orchestrator-v1","external_ref":"n8n:/home/elron/services/n8n/workflows/super-team/01-super-team-master-orchestrator-v1.json","properties":{"platform":"n8n","path":"/home/elron/services/n8n/workflows/super-team/01-super-team-master-orchestrator-v1.json","tags":"contract:v1,owner:super-team,env:staging,agent-super-team,role:master-orchestrator"}}	2026-03-08 12:07:03.884727+00
{"entity_type":"program","name":"Super Team - Intake Normalizer - v1","natural_key":"program:n8n:02-super-team-intake-normalizer-v1","external_ref":"n8n:/home/elron/services/n8n/workflows/super-team/02-super-team-intake-normalizer-v1.json","properties":{"platform":"n8n","path":"/home/elron/services/n8n/workflows/super-team/02-super-team-intake-normalizer-v1.json","tags":"contract:v1,owner:super-team,env:staging,agent-super-team,role:intake-normalizer"}}	2026-03-08 12:07:03.884727+00
{"entity_type":"program","name":"Super Team - Contract Validator - v1","natural_key":"program:n8n:03-super-team-contract-validator-v1","external_ref":"n8n:/home/elron/services/n8n/workflows/super-team/03-super-team-contract-validator-v1.json","properties":{"platform":"n8n","path":"/home/elron/services/n8n/workflows/super-team/03-super-team-contract-validator-v1.json","tags":"contract:v1,owner:super-team,env:staging,agent-super-team,role:contract-validator"}}	2026-03-08 12:07:03.884727+00
{"entity_type":"program","name":"Super Team - Error Manager - v1","natural_key":"program:n8n:04-super-team-error-manager-v1","external_ref":"n8n:/home/elron/services/n8n/workflows/super-team/04-super-team-error-manager-v1.json","properties":{"platform":"n8n","path":"/home/elron/services/n8n/workflows/super-team/04-super-team-error-manager-v1.json","tags":"contract:v1,owner:super-team,env:staging,agent-super-team,role:error-manager"}}	2026-03-08 12:07:03.884727+00
{"entity_type":"program","name":"Super Team - Dead Letter Replay - v1","natural_key":"program:n8n:05-super-team-dead-letter-replay-v1","external_ref":"n8n:/home/elron/services/n8n/workflows/super-team/05-super-team-dead-letter-replay-v1.json","properties":{"platform":"n8n","path":"/home/elron/services/n8n/workflows/super-team/05-super-team-dead-letter-replay-v1.json","tags":"contract:v1,owner:super-team,env:staging,agent-super-team,role:dead-letter-replay"}}	2026-03-08 12:07:03.884727+00
{"entity_type":"program","name":"Super Team - Tool Calling Specialist - v1","natural_key":"program:n8n:06-super-team-tool-calling-specialist-v1","external_ref":"n8n:/home/elron/services/n8n/workflows/super-team/06-super-team-tool-calling-specialist-v1.json","properties":{"platform":"n8n","path":"/home/elron/services/n8n/workflows/super-team/06-super-team-tool-calling-specialist-v1.json","tags":"contract:v1,owner:super-team,env:staging,agent-super-team,role:tool-calling"}}	2026-03-08 12:07:03.884727+00
{"entity_type":"program","name":"Super Team - RAG Specialist - v1","natural_key":"program:n8n:07-super-team-rag-specialist-v1","external_ref":"n8n:/home/elron/services/n8n/workflows/super-team/07-super-team-rag-specialist-v1.json","properties":{"platform":"n8n","path":"/home/elron/services/n8n/workflows/super-team/07-super-team-rag-specialist-v1.json","tags":"contract:v1,owner:super-team,env:staging,agent-super-team,role:rag"}}	2026-03-08 12:07:03.884727+00
{"entity_type":"program","name":"Super Team - Async Long-Run Specialist - v1","natural_key":"program:n8n:08-super-team-async-longrun-specialist-v1","external_ref":"n8n:/home/elron/services/n8n/workflows/super-team/08-super-team-async-longrun-specialist-v1.json","properties":{"platform":"n8n","path":"/home/elron/services/n8n/workflows/super-team/08-super-team-async-longrun-specialist-v1.json","tags":"contract:v1,owner:super-team,env:staging,agent-super-team,role:async-longrun"}}	2026-03-08 12:07:03.884727+00
{"entity_type":"program","name":"Super Team - CRM Specialist - v1","natural_key":"program:n8n:09-super-team-crm-specialist-v1","external_ref":"n8n:/home/elron/services/n8n/workflows/super-team/09-super-team-crm-specialist-v1.json","properties":{"platform":"n8n","path":"/home/elron/services/n8n/workflows/super-team/09-super-team-crm-specialist-v1.json","tags":"contract:v1,owner:super-team,env:staging,agent-super-team,role:crm"}}	2026-03-08 12:07:03.884727+00
{"entity_type":"program","name":"Super Team - Media Specialist - v1","natural_key":"program:n8n:10-super-team-media-specialist-v1","external_ref":"n8n:/home/elron/services/n8n/workflows/super-team/10-super-team-media-specialist-v1.json","properties":{"platform":"n8n","path":"/home/elron/services/n8n/workflows/super-team/10-super-team-media-specialist-v1.json","tags":"contract:v1,owner:super-team,env:staging,agent-super-team,role:media"}}	2026-03-08 12:07:03.884727+00
{"entity_type":"program","name":"Super Team - Integrations Specialist - v1","natural_key":"program:n8n:11-super-team-integrations-specialist-v1","external_ref":"n8n:/home/elron/services/n8n/workflows/super-team/11-super-team-integrations-specialist-v1.json","properties":{"platform":"n8n","path":"/home/elron/services/n8n/workflows/super-team/11-super-team-integrations-specialist-v1.json","tags":"contract:v1,owner:super-team,env:staging,agent-super-team,role:integrations"}}	2026-03-08 12:07:03.884727+00
{"entity_type":"program","name":"Super Team - QA Test Orchestrator Agent - v1","natural_key":"program:n8n:12-super-team-qa-test-orchestrator-agent-v1","external_ref":"n8n:/home/elron/services/n8n/workflows/super-team/12-super-team-qa-test-orchestrator-agent-v1.json","properties":{"platform":"n8n","path":"/home/elron/services/n8n/workflows/super-team/12-super-team-qa-test-orchestrator-agent-v1.json","tags":"contract:v1,owner:super-team,env:staging,agent-super-team,role:qa-orchestrator"}}	2026-03-08 12:07:03.884727+00
{"entity_type":"program","name":"Super Team - Debug Failure Analysis Agent - v1","natural_key":"program:n8n:13-super-team-debug-failure-analysis-agent-v1","external_ref":"n8n:/home/elron/services/n8n/workflows/super-team/13-super-team-debug-failure-analysis-agent-v1.json","properties":{"platform":"n8n","path":"/home/elron/services/n8n/workflows/super-team/13-super-team-debug-failure-analysis-agent-v1.json","tags":"contract:v1,owner:super-team,env:staging,agent-super-team,role:debug-analysis"}}	2026-03-08 12:07:03.884727+00
{"entity_type":"program","name":"Super Team - Observability SLO Agent - v1","natural_key":"program:n8n:14-super-team-observability-slo-agent-v1","external_ref":"n8n:/home/elron/services/n8n/workflows/super-team/14-super-team-observability-slo-agent-v1.json","properties":{"platform":"n8n","path":"/home/elron/services/n8n/workflows/super-team/14-super-team-observability-slo-agent-v1.json","tags":"contract:v1,owner:super-team,env:staging,agent-super-team,role:observability"}}	2026-03-08 12:07:03.884727+00
{"entity_type":"program","name":"Template - API Sync - v1","natural_key":"program:n8n:template-api-sync-v1","external_ref":"n8n:/home/elron/services/n8n/workflows/templates/template-api-sync-v1.json","properties":{"platform":"n8n","path":"/home/elron/services/n8n/workflows/templates/template-api-sync-v1.json","tags":"template,api-sync,contract:v1,owner:platform"}}	2026-03-08 12:07:03.884727+00
{"entity_type":"program","name":"Template - Dead Letter Retry - v1","natural_key":"program:n8n:template-dead-letter-retry-v1","external_ref":"n8n:/home/elron/services/n8n/workflows/templates/template-dead-letter-retry-v1.json","properties":{"platform":"n8n","path":"/home/elron/services/n8n/workflows/templates/template-dead-letter-retry-v1.json","tags":"template,dead-letter,contract:v1,owner:platform"}}	2026-03-08 12:07:03.884727+00
{"entity_type":"program","name":"Template - Error Handler - v1","natural_key":"program:n8n:template-error-handler-v1","external_ref":"n8n:/home/elron/services/n8n/workflows/templates/template-error-handler-v1.json","properties":{"platform":"n8n","path":"/home/elron/services/n8n/workflows/templates/template-error-handler-v1.json","tags":"template,error-handler,contract:v1,owner:platform"}}	2026-03-08 12:07:03.884727+00
{"entity_type":"program","name":"Template - LLM Agent - v1","natural_key":"program:n8n:template-llm-agent-v1","external_ref":"n8n:/home/elron/services/n8n/workflows/templates/template-llm-agent-v1.json","properties":{"platform":"n8n","path":"/home/elron/services/n8n/workflows/templates/template-llm-agent-v1.json","tags":"template,agent,contract:v1,owner:platform"}}	2026-03-08 12:07:03.884727+00
{"entity_type":"program","name":"Template - Webhook Intake - v1","natural_key":"program:n8n:template-webhook-intake-v1","external_ref":"n8n:/home/elron/services/n8n/workflows/templates/template-webhook-intake-v1.json","properties":{"platform":"n8n","path":"/home/elron/services/n8n/workflows/templates/template-webhook-intake-v1.json","tags":"template,contract:v1,owner:platform,env:staging"}}	2026-03-08 12:07:03.884727+00
{"entity_type":"program","name":"gemini-cli","natural_key":"program:gemini:cli","external_ref":"system:gemini:cli","properties":{"path":"/root/.gemini","mode":"FULL_AUTO_GLOBAL"}}	2026-03-08 12:07:03.884727+00
\.


--
-- Data for Name: import_memories; Type: TABLE DATA; Schema: second_brain; Owner: postgres
--

COPY second_brain.import_memories (raw, imported_at) FROM stdin;
{"title":"Agent Reference - Async Long-Run Assistant - v1","content":"Workflow metadata captured from n8n export.","source_path_or_url":"/home/elron/services/n8n/workflows/agents/agent-async-longrun-assistant-v1.json","entity_natural_keys":["program:n8n:agent-async-longrun-assistant-v1"],"tags":["memory:second-brain","source:n8n","contract:v1","reference,agent,async,contract:v1"],"confidence_score":0.85,"ttl_policy":"review_30d","change_origin":"importer"}	2026-03-08 12:07:04.116291+00
{"title":"Agent Reference - RAG Assistant - v1","content":"Workflow metadata captured from n8n export.","source_path_or_url":"/home/elron/services/n8n/workflows/agents/agent-rag-assistant-v1.json","entity_natural_keys":["program:n8n:agent-rag-assistant-v1"],"tags":["memory:second-brain","source:n8n","contract:v1","reference,agent,rag,contract:v1"],"confidence_score":0.85,"ttl_policy":"review_30d","change_origin":"importer"}	2026-03-08 12:07:04.219782+00
{"title":"Agent Reference - Tool Calling Assistant - v1","content":"Workflow metadata captured from n8n export.","source_path_or_url":"/home/elron/services/n8n/workflows/agents/agent-tool-calling-assistant-v1.json","entity_natural_keys":["program:n8n:agent-tool-calling-assistant-v1"],"tags":["memory:second-brain","source:n8n","contract:v1","reference,agent,tool-calling,contract:v1"],"confidence_score":0.85,"ttl_policy":"review_30d","change_origin":"importer"}	2026-03-08 12:07:04.328809+00
{"title":"Video Pipeline - Error Handler","content":"Workflow metadata captured from n8n export.","source_path_or_url":"/home/elron/services/n8n/workflows/error-handler.json","entity_natural_keys":["program:n8n:error-handler"],"tags":["memory:second-brain","source:n8n","contract:v1","video-pipeline,error-handler,contract:v1,owner:platform,env:prod"],"confidence_score":0.85,"ttl_policy":"review_30d","change_origin":"importer"}	2026-03-08 12:07:04.452887+00
{"title":"Google Drive Watch Manager","content":"Workflow metadata captured from n8n export.","source_path_or_url":"/home/elron/services/n8n/workflows/exports/google-drive-watch-manager-live.json","entity_natural_keys":["program:n8n:google-drive-watch-manager-live"],"tags":["memory:second-brain","source:n8n","contract:v1","video-pipeline,webhook,google-drive,contract:v1,owner:platform,env:prod"],"confidence_score":0.85,"ttl_policy":"review_30d","change_origin":"importer"}	2026-03-08 12:07:04.55524+00
{"title":"Lesson Media Pipeline (Webhook)","content":"Workflow metadata captured from n8n export.","source_path_or_url":"/home/elron/services/n8n/workflows/exports/lesson-media-pipeline-live.json","entity_natural_keys":["program:n8n:lesson-media-pipeline-live"],"tags":["memory:second-brain","source:n8n","contract:v1","video-pipeline,webhook,production,contract:v1,owner:platform,env:prod"],"confidence_score":0.85,"ttl_policy":"review_30d","change_origin":"importer"}	2026-03-08 12:07:04.650202+00
{"title":"Google Drive Watch Manager - v2","content":"Workflow metadata captured from n8n export.","source_path_or_url":"/home/elron/services/n8n/workflows/google-drive-watch-manager-v2.json","entity_natural_keys":["program:n8n:google-drive-watch-manager-v2"],"tags":["memory:second-brain","source:n8n","contract:v1","video-pipeline,webhook,google-drive,contract:v1,owner:platform,env:prod,env:staging,v2"],"confidence_score":0.85,"ttl_policy":"review_30d","change_origin":"importer"}	2026-03-08 12:07:04.76607+00
{"title":"Google Drive Watch Manager","content":"Workflow metadata captured from n8n export.","source_path_or_url":"/home/elron/services/n8n/workflows/google-drive-watch-manager.json","entity_natural_keys":["program:n8n:google-drive-watch-manager"],"tags":["memory:second-brain","source:n8n","contract:v1","video-pipeline,webhook,google-drive"],"confidence_score":0.85,"ttl_policy":"review_30d","change_origin":"importer"}	2026-03-08 12:07:04.880723+00
{"title":"Lesson Media Pipeline (Webhook) - v2","content":"Workflow metadata captured from n8n export.","source_path_or_url":"/home/elron/services/n8n/workflows/lesson-video-pipeline-v2.json","entity_natural_keys":["program:n8n:lesson-video-pipeline-v2"],"tags":["memory:second-brain","source:n8n","contract:v1","video-pipeline,webhook,production,contract:v1,owner:platform,env:prod,env:staging,v2"],"confidence_score":0.85,"ttl_policy":"review_30d","change_origin":"importer"}	2026-03-08 12:07:05.034738+00
{"title":"Lesson Media Pipeline (Webhook)","content":"Workflow metadata captured from n8n export.","source_path_or_url":"/home/elron/services/n8n/workflows/lesson-video-pipeline.json","entity_natural_keys":["program:n8n:lesson-video-pipeline"],"tags":["memory:second-brain","source:n8n","contract:v1","video-pipeline,webhook,production"],"confidence_score":0.85,"ttl_policy":"review_30d","change_origin":"importer"}	2026-03-08 12:07:05.15668+00
{"title":"Lesson Media Pipeline - Regression Gate - v1","content":"Workflow metadata captured from n8n export.","source_path_or_url":"/home/elron/services/n8n/workflows/regression/lesson-media-pipeline-regression-gate-v1.json","entity_natural_keys":["program:n8n:lesson-media-pipeline-regression-gate-v1"],"tags":["memory:second-brain","source:n8n","contract:v1","contract:v1,owner:platform,env:staging,regression,media-pipeline"],"confidence_score":0.85,"ttl_policy":"review_30d","change_origin":"importer"}	2026-03-08 12:07:05.272732+00
{"title":"Second Brain - Intake Normalizer - v1","content":"Workflow metadata captured from n8n export.","source_path_or_url":"/home/elron/services/n8n/workflows/second-brain/01-second-brain-intake-normalizer-v1.json","entity_natural_keys":["program:n8n:01-second-brain-intake-normalizer-v1"],"tags":["memory:second-brain","source:n8n","contract:v1","contract:v1,env:staging,memory:second-brain,owner:platform,template"],"confidence_score":0.85,"ttl_policy":"review_30d","change_origin":"importer"}	2026-03-08 12:07:05.391819+00
{"title":"Second Brain - Relationship Extractor - v1","content":"Workflow metadata captured from n8n export.","source_path_or_url":"/home/elron/services/n8n/workflows/second-brain/02-second-brain-relationship-extractor-v1.json","entity_natural_keys":["program:n8n:02-second-brain-relationship-extractor-v1"],"tags":["memory:second-brain","source:n8n","contract:v1","agent,contract:v1,env:staging,memory:second-brain,owner:platform,template"],"confidence_score":0.85,"ttl_policy":"review_30d","change_origin":"importer"}	2026-03-08 12:07:05.560072+00
{"title":"Second Brain - Apply Update Gate - v1","content":"Workflow metadata captured from n8n export.","source_path_or_url":"/home/elron/services/n8n/workflows/second-brain/03-second-brain-apply-update-gate-v1.json","entity_natural_keys":["program:n8n:03-second-brain-apply-update-gate-v1"],"tags":["memory:second-brain","source:n8n","contract:v1","api-sync,contract:v1,env:staging,memory:second-brain,owner:platform,template"],"confidence_score":0.85,"ttl_policy":"review_30d","change_origin":"importer"}	2026-03-08 12:07:05.678105+00
{"title":"Second Brain - Error Manager - v1","content":"Workflow metadata captured from n8n export.","source_path_or_url":"/home/elron/services/n8n/workflows/second-brain/04-second-brain-error-manager-v1.json","entity_natural_keys":["program:n8n:04-second-brain-error-manager-v1"],"tags":["memory:second-brain","source:n8n","contract:v1","contract:v1,env:staging,error-handler,memory:second-brain,owner:platform,template"],"confidence_score":0.85,"ttl_policy":"review_30d","change_origin":"importer"}	2026-03-08 12:07:05.810984+00
{"title":"Second Brain - Dead Letter Replay - v1","content":"Workflow metadata captured from n8n export.","source_path_or_url":"/home/elron/services/n8n/workflows/second-brain/05-second-brain-dead-letter-replay-v1.json","entity_natural_keys":["program:n8n:05-second-brain-dead-letter-replay-v1"],"tags":["memory:second-brain","source:n8n","contract:v1","contract:v1,dead-letter,env:staging,memory:second-brain,owner:platform,template"],"confidence_score":0.85,"ttl_policy":"review_30d","change_origin":"importer"}	2026-03-08 12:07:05.935392+00
{"title":"Super Team - Master Orchestrator - v1","content":"Workflow metadata captured from n8n export.","source_path_or_url":"/home/elron/services/n8n/workflows/super-team/01-super-team-master-orchestrator-v1.json","entity_natural_keys":["program:n8n:01-super-team-master-orchestrator-v1"],"tags":["memory:second-brain","source:n8n","contract:v1","contract:v1,owner:super-team,env:staging,agent-super-team,role:master-orchestrator"],"confidence_score":0.85,"ttl_policy":"review_30d","change_origin":"importer"}	2026-03-08 12:07:06.05037+00
{"title":"Super Team - Intake Normalizer - v1","content":"Workflow metadata captured from n8n export.","source_path_or_url":"/home/elron/services/n8n/workflows/super-team/02-super-team-intake-normalizer-v1.json","entity_natural_keys":["program:n8n:02-super-team-intake-normalizer-v1"],"tags":["memory:second-brain","source:n8n","contract:v1","contract:v1,owner:super-team,env:staging,agent-super-team,role:intake-normalizer"],"confidence_score":0.85,"ttl_policy":"review_30d","change_origin":"importer"}	2026-03-08 12:07:06.179835+00
{"title":"Super Team - Contract Validator - v1","content":"Workflow metadata captured from n8n export.","source_path_or_url":"/home/elron/services/n8n/workflows/super-team/03-super-team-contract-validator-v1.json","entity_natural_keys":["program:n8n:03-super-team-contract-validator-v1"],"tags":["memory:second-brain","source:n8n","contract:v1","contract:v1,owner:super-team,env:staging,agent-super-team,role:contract-validator"],"confidence_score":0.85,"ttl_policy":"review_30d","change_origin":"importer"}	2026-03-08 12:07:06.276699+00
{"title":"Super Team - Error Manager - v1","content":"Workflow metadata captured from n8n export.","source_path_or_url":"/home/elron/services/n8n/workflows/super-team/04-super-team-error-manager-v1.json","entity_natural_keys":["program:n8n:04-super-team-error-manager-v1"],"tags":["memory:second-brain","source:n8n","contract:v1","contract:v1,owner:super-team,env:staging,agent-super-team,role:error-manager"],"confidence_score":0.85,"ttl_policy":"review_30d","change_origin":"importer"}	2026-03-08 12:07:06.386994+00
{"title":"Super Team - Dead Letter Replay - v1","content":"Workflow metadata captured from n8n export.","source_path_or_url":"/home/elron/services/n8n/workflows/super-team/05-super-team-dead-letter-replay-v1.json","entity_natural_keys":["program:n8n:05-super-team-dead-letter-replay-v1"],"tags":["memory:second-brain","source:n8n","contract:v1","contract:v1,owner:super-team,env:staging,agent-super-team,role:dead-letter-replay"],"confidence_score":0.85,"ttl_policy":"review_30d","change_origin":"importer"}	2026-03-08 12:07:06.511614+00
{"title":"Super Team - Tool Calling Specialist - v1","content":"Workflow metadata captured from n8n export.","source_path_or_url":"/home/elron/services/n8n/workflows/super-team/06-super-team-tool-calling-specialist-v1.json","entity_natural_keys":["program:n8n:06-super-team-tool-calling-specialist-v1"],"tags":["memory:second-brain","source:n8n","contract:v1","contract:v1,owner:super-team,env:staging,agent-super-team,role:tool-calling"],"confidence_score":0.85,"ttl_policy":"review_30d","change_origin":"importer"}	2026-03-08 12:07:06.655849+00
{"title":"Super Team - RAG Specialist - v1","content":"Workflow metadata captured from n8n export.","source_path_or_url":"/home/elron/services/n8n/workflows/super-team/07-super-team-rag-specialist-v1.json","entity_natural_keys":["program:n8n:07-super-team-rag-specialist-v1"],"tags":["memory:second-brain","source:n8n","contract:v1","contract:v1,owner:super-team,env:staging,agent-super-team,role:rag"],"confidence_score":0.85,"ttl_policy":"review_30d","change_origin":"importer"}	2026-03-08 12:07:06.773384+00
{"title":"Super Team - Async Long-Run Specialist - v1","content":"Workflow metadata captured from n8n export.","source_path_or_url":"/home/elron/services/n8n/workflows/super-team/08-super-team-async-longrun-specialist-v1.json","entity_natural_keys":["program:n8n:08-super-team-async-longrun-specialist-v1"],"tags":["memory:second-brain","source:n8n","contract:v1","contract:v1,owner:super-team,env:staging,agent-super-team,role:async-longrun"],"confidence_score":0.85,"ttl_policy":"review_30d","change_origin":"importer"}	2026-03-08 12:07:06.902878+00
{"title":"Super Team - CRM Specialist - v1","content":"Workflow metadata captured from n8n export.","source_path_or_url":"/home/elron/services/n8n/workflows/super-team/09-super-team-crm-specialist-v1.json","entity_natural_keys":["program:n8n:09-super-team-crm-specialist-v1"],"tags":["memory:second-brain","source:n8n","contract:v1","contract:v1,owner:super-team,env:staging,agent-super-team,role:crm"],"confidence_score":0.85,"ttl_policy":"review_30d","change_origin":"importer"}	2026-03-08 12:07:07.013258+00
{"title":"Super Team - Media Specialist - v1","content":"Workflow metadata captured from n8n export.","source_path_or_url":"/home/elron/services/n8n/workflows/super-team/10-super-team-media-specialist-v1.json","entity_natural_keys":["program:n8n:10-super-team-media-specialist-v1"],"tags":["memory:second-brain","source:n8n","contract:v1","contract:v1,owner:super-team,env:staging,agent-super-team,role:media"],"confidence_score":0.85,"ttl_policy":"review_30d","change_origin":"importer"}	2026-03-08 12:07:07.110432+00
{"title":"Super Team - Integrations Specialist - v1","content":"Workflow metadata captured from n8n export.","source_path_or_url":"/home/elron/services/n8n/workflows/super-team/11-super-team-integrations-specialist-v1.json","entity_natural_keys":["program:n8n:11-super-team-integrations-specialist-v1"],"tags":["memory:second-brain","source:n8n","contract:v1","contract:v1,owner:super-team,env:staging,agent-super-team,role:integrations"],"confidence_score":0.85,"ttl_policy":"review_30d","change_origin":"importer"}	2026-03-08 12:07:07.205623+00
{"title":"Super Team - QA Test Orchestrator Agent - v1","content":"Workflow metadata captured from n8n export.","source_path_or_url":"/home/elron/services/n8n/workflows/super-team/12-super-team-qa-test-orchestrator-agent-v1.json","entity_natural_keys":["program:n8n:12-super-team-qa-test-orchestrator-agent-v1"],"tags":["memory:second-brain","source:n8n","contract:v1","contract:v1,owner:super-team,env:staging,agent-super-team,role:qa-orchestrator"],"confidence_score":0.85,"ttl_policy":"review_30d","change_origin":"importer"}	2026-03-08 12:07:07.326049+00
{"title":"Super Team - Debug Failure Analysis Agent - v1","content":"Workflow metadata captured from n8n export.","source_path_or_url":"/home/elron/services/n8n/workflows/super-team/13-super-team-debug-failure-analysis-agent-v1.json","entity_natural_keys":["program:n8n:13-super-team-debug-failure-analysis-agent-v1"],"tags":["memory:second-brain","source:n8n","contract:v1","contract:v1,owner:super-team,env:staging,agent-super-team,role:debug-analysis"],"confidence_score":0.85,"ttl_policy":"review_30d","change_origin":"importer"}	2026-03-08 12:07:07.404996+00
{"title":"Super Team - Observability SLO Agent - v1","content":"Workflow metadata captured from n8n export.","source_path_or_url":"/home/elron/services/n8n/workflows/super-team/14-super-team-observability-slo-agent-v1.json","entity_natural_keys":["program:n8n:14-super-team-observability-slo-agent-v1"],"tags":["memory:second-brain","source:n8n","contract:v1","contract:v1,owner:super-team,env:staging,agent-super-team,role:observability"],"confidence_score":0.85,"ttl_policy":"review_30d","change_origin":"importer"}	2026-03-08 12:07:07.499767+00
{"title":"Template - API Sync - v1","content":"Workflow metadata captured from n8n export.","source_path_or_url":"/home/elron/services/n8n/workflows/templates/template-api-sync-v1.json","entity_natural_keys":["program:n8n:template-api-sync-v1"],"tags":["memory:second-brain","source:n8n","contract:v1","template,api-sync,contract:v1,owner:platform"],"confidence_score":0.85,"ttl_policy":"review_30d","change_origin":"importer"}	2026-03-08 12:07:07.621366+00
{"title":"Template - Dead Letter Retry - v1","content":"Workflow metadata captured from n8n export.","source_path_or_url":"/home/elron/services/n8n/workflows/templates/template-dead-letter-retry-v1.json","entity_natural_keys":["program:n8n:template-dead-letter-retry-v1"],"tags":["memory:second-brain","source:n8n","contract:v1","template,dead-letter,contract:v1,owner:platform"],"confidence_score":0.85,"ttl_policy":"review_30d","change_origin":"importer"}	2026-03-08 12:07:07.717594+00
{"title":"Template - Error Handler - v1","content":"Workflow metadata captured from n8n export.","source_path_or_url":"/home/elron/services/n8n/workflows/templates/template-error-handler-v1.json","entity_natural_keys":["program:n8n:template-error-handler-v1"],"tags":["memory:second-brain","source:n8n","contract:v1","template,error-handler,contract:v1,owner:platform"],"confidence_score":0.85,"ttl_policy":"review_30d","change_origin":"importer"}	2026-03-08 12:07:07.840407+00
{"title":"Template - LLM Agent - v1","content":"Workflow metadata captured from n8n export.","source_path_or_url":"/home/elron/services/n8n/workflows/templates/template-llm-agent-v1.json","entity_natural_keys":["program:n8n:template-llm-agent-v1"],"tags":["memory:second-brain","source:n8n","contract:v1","template,agent,contract:v1,owner:platform"],"confidence_score":0.85,"ttl_policy":"review_30d","change_origin":"importer"}	2026-03-08 12:07:07.966286+00
{"title":"Template - Webhook Intake - v1","content":"Workflow metadata captured from n8n export.","source_path_or_url":"/home/elron/services/n8n/workflows/templates/template-webhook-intake-v1.json","entity_natural_keys":["program:n8n:template-webhook-intake-v1"],"tags":["memory:second-brain","source:n8n","contract:v1","template,contract:v1,owner:platform,env:staging"],"confidence_score":0.85,"ttl_policy":"review_30d","change_origin":"importer"}	2026-03-08 12:07:08.166474+00
{"title":"GLOBAL_RULES.md","content":"# Global Rules for AI Agents\\n\\n**Applies to:** Claude, Codex, Gemini\\n**VPS:** Hostinger (72.62.59.160)\\n**Last Updated:** 2026-01-20\\n\\n---\\n\\n## Session Start Protocol\\n\\nEvery session, perform these steps:\\n\\n1. **Read shared context:**\\n   ```\\n   /root/policies-repo/shared-context/GLOBAL_RULES.md (this file)\\n   /root/policies-repo/shared-context/general-second-brain.md\\n   /root/policies-repo/shared-context/VPS_STRUCTURE.md\\n   /root/policies-repo/shared-context/progress/WEEKLY_PROGRESS.md\\n   /root/policies-repo/shared-context/progress/ERROR_LOG.md\\n   ```\\n\\n2. **Check pending work:**\\n   ```\\n   /root/AI_JOBS.md\\n   /root/manual_jobs.md\\n   ```\\n\\n3. **Verify container health:**\\n   ```bash\\n   docker ps --format \\"table {{.Names}}\\\\t{{.Status}}\\"\\n   ```\\n\\n4. **Check for active errors:** Review ERROR_LOG.md for unresolved issues\\n\\n5. **Identify scope:** Determine which container(s) your task affects\\n6. **Run second-brain pre-flight:** `sbctl status` + scoped `sbctl query`\\n\\nFor detailed workflow instructions, see **WORKFLOW_GUIDE.md**.\\n\\n---\\n\\n## Update Protocol\\n\\n### During Work\\n- Update `/root/AI_JOBS.md` when starting or completing tasks\\n- Log significant findings in `progress/WEEKLY_PROGRESS.md`\\n- **Log errors IMMEDIATELY** in `progress/ERROR_LOG.md` when encountered\\n- Document issues encountered\\n- Record second-brain graph/memory deltas when topology or workflow relationships change\\n\\n### Every 10 Minutes (Automated)\\n- Cron job updates `WEEKLY_PROGRESS.md` timestamp\\n- Creates checkpoint in `/root/ai-progress/checkpoints/`\\n\\n### At Session End\\n- Mark completed tasks in AI_JOBS.md\\n- Note any handoff items in WEEKLY_PROGRESS.md\\n- Update ERROR_LOG.md with resolution status for any errors worked on\\n- Run second-brain post-flight checks (`reconcile_snapshot.sh`, `kpi_report.sh`)","source_path_or_url":"/root/policies-repo/shared-context/GLOBAL_RULES.md","entity_natural_keys":[],"tags":["memory:second-brain","source:shared_context","contract:v1"],"confidence_score":0.80,"ttl_policy":"review_30d","change_origin":"importer"}	2026-03-08 12:07:08.266058+00
{"title":"VPS_STRUCTURE.md","content":"# VPS Structure Documentation\\n\\n**Provider:** Hostinger VPS\\n**OS:** Ubuntu 24.04.3 LTS\\n**IP:** 72.62.59.160\\n**Reverse Proxy:** Caddy\\n**Last Updated:** 2026-02-02 (Unified Architecture)\\n\\n---\\n\\n## Container Map\\n\\n### Production Services\\n\\n| Service | Container | Image | Port | Domain |\\n|---------|-----------|-------|------|--------|\\n| **Directus (Unified)** | `expiry-alert-directus-1` | `directus/directus:latest` | 8055 | `db.coriathost.cloud`, `crm.coriathost.cloud` |\\n| **Central DB** | `flow-control-db` | `postgres:15` | 5432 | (Internal) |\\n| Flow Control API | `flow-api` (PM2) | Node.js | 4000 | `flow.coriathost.cloud` |\\n| Flow Control Frontend | `flow-control-frontend` | `app-frontend` | 8080 | `flow.coriathost.cloud` |\\n| Flow Auth | `flow-auth` | `flow-auth-flow-auth` | 8081 | - |\\n| Expiry Alert API | `expiry-alert-expiryalert-api-1` | Node.js | 3011 | `expiryalert.coriathost.cloud` |\\n| n8n | `n8n` | `n8nio/n8n:latest` | 5678 | `n8n.coriathost.cloud` |\\n| CRM Lite | `crmlite-web` | `caddy:2` | 8090 | `crmlite.coriathost.cloud` |\\n| Uptime Kuma | `uptime-kuma` | `louislam/uptime-kuma:latest` | 3002 | `uptime.coriathost.cloud` |\\n\\n### Database Schemas (In `flow-control-db`)\\n\\n| Schema | Application | Description |\\n|--------|-------------|-------------|\\n| `public` | Directus / Expiry / Auth | System tables, Expiry App, Auth Service |\\n| `inventory` | Flow Control | Blood Bank Inventory System |\\n| `crm` | Hoshen Yehuda CRM | CRM App Data |\\n\\n---\\n\\n## Directory Structure\\n\\n### /root/ (AI Agent Workspace)\\n\\n```\\n/root/\\n├── AI_JOBS.md              # Central job tracker\\n├── policies-repo/          # Git: Policies & Skills\\n│   ├── plans/              # Architecture Plans\\n│   └── shared-context/     # Context\\n├── flow-auth/              # Auth service\\n├── expiry-alert/           # Expiry alert app (Docker Compose)\\n└── ...\\n```\\n\\n### /opt/ (System Services)\\n\\n```\\n/opt/\\n├── flow-control/           # Flow Control application\\n│   └── app/server/         # API (PM2), Prisma (Postgres)\\n└── hoshen-yehuda/          # (Legacy CRM files)\\n```","source_path_or_url":"/root/policies-repo/shared-context/VPS_STRUCTURE.md","entity_natural_keys":[],"tags":["memory:second-brain","source:shared_context","contract:v1"],"confidence_score":0.80,"ttl_policy":"review_30d","change_origin":"importer"}	2026-03-08 12:07:08.378953+00
{"title":"WORKFLOW_GUIDE.md","content":"# Workflow Guide for AI Agents\\n\\n**Purpose:** Comprehensive guide on exactly how and when to use each file in the shared-context system\\n**Applies to:** Claude, Codex, Gemini\\n**Location:** `/root/policies-repo/shared-context/WORKFLOW_GUIDE.md`\\n**Last Updated:** 2026-01-20\\n\\n---\\n\\n## Table of Contents\\n\\n1. [Session Start Workflow](#session-start-workflow)\\n2. [Per-Prompt Workflow](#per-prompt-workflow)\\n3. [Session End Workflow](#session-end-workflow)\\n4. [File Responsibility Matrix](#file-responsibility-matrix)\\n5. [Update Frequency Rules](#update-frequency-rules)\\n6. [Cross-Agent Coordination](#cross-agent-coordination)\\n7. [Decision Flowcharts](#decision-flowcharts)\\n8. [Archival System](#archival-system)\\n\\n---\\n\\n## Session Start Workflow\\n\\n```\\n+-------------------------------------------------------------+\\n|                      SESSION START                           |\\n+-------------------------------------------------------------+\\n| 1. READ (in order):                                         |\\n|    +-- GLOBAL_RULES.md (rules & safety)                     |\\n|    +-- VPS_STRUCTURE.md (container map)                     |\\n|    +-- WORKFLOW_GUIDE.md (this file - first time only)      |\\n|    +-- WEEKLY_PROGRESS.md (recent activity)                 |\\n|    +-- ERROR_LOG.md (recent errors to avoid)                |\\n|    +-- AI_JOBS.md (pending tasks)                           |\\n|                                                              |\\n| 2. CHECK:                                                    |\\n|    +-- docker ps (container health)                         |\\n|                                                              |\\n| 3. IDENTIFY:                                                 |\\n|    +-- Which containers does my task affect?                |\\n|    +-- Read relevant containers/*.md                        |\\n|                                                              |\\n| 4. VERIFY:                                                   |\\n|    +-- Any blocking errors in ERROR_LOG.md?                 |\\n|    +-- Any in-progress work I should know about?            |\\n+-------------------------------------------------------------+\\n```\\n\\n### Session Start Checklist\\n\\n- [ ] Read GLOBAL_RULES.md\\n- [ ] Read VPS_STRUCTURE.md\\n- [ ] Check WEEKLY_PROGRESS.md for recent activity\\n- [ ] Check ERROR_LOG.md for active errors\\n- [ ] Review AI_JOBS.md for pending tasks\\n- [ ] Run `docker ps` to verify container health\\n- [ ] Identify which containers my work affects\\n\\n---","source_path_or_url":"/root/policies-repo/shared-context/WORKFLOW_GUIDE.md","entity_natural_keys":[],"tags":["memory:second-brain","source:shared_context","contract:v1"],"confidence_score":0.80,"ttl_policy":"review_30d","change_origin":"importer"}	2026-03-08 12:07:08.481634+00
{"title":"WEEKLY_PROGRESS.md","content":"# Bi-Weekly Progress Report\\n\\n**Period:** 2026-P (2025-12-18 to 2025-12-31)\\n**Last Updated:** 2026-03-01 03:00:02 UTC\\n**Auto-Update:** Every 10 minutes via cron\\n\\n---\\n\\n## Previous Period Summary\\n\\n**Archived Period:** 2026-W05 (Jan 27 - Feb 2)\\n- Tasks completed: ~0\\n0\\n- Sessions recorded: ~187\\n- Containers healthy: 11\\n\\n*Full archive: `/root/ai-progress/progress-history/`*\\n\\n---\\n\\n## Active Sessions\\n\\n| Agent | Started | Last Activity | Working On |\\n|-------|---------|---------------|------------|\\n| - | - | - | - |\\n\\n---\\n\\n## Session Summaries\\n\\n| Date | Agent | Summary File | Description |\\n|------|-------|--------------|-------------|\\n| - | - | - | - |\\n\\n---\\n\\n## This Period's Activity\\n\\n### Week 09 (2026-03-01 - 2026-03-07)\\n\\n*No activity logged yet*\\n\\n---\\n\\n## Container Health Summary\\n\\n```\\nContainer               Status          Last Checked\\n---------               ------          ------------\\n(run docker ps to update)\\n```\\n\\n---\\n\\n## System Health\\n\\n| Metric | Value | Status |\\n|--------|-------|--------|\\n| Disk Usage | - | - |\\n| Memory | - | - |","source_path_or_url":"/root/policies-repo/shared-context/progress/WEEKLY_PROGRESS.md","entity_natural_keys":[],"tags":["memory:second-brain","source:shared_context","contract:v1"],"confidence_score":0.80,"ttl_policy":"review_30d","change_origin":"importer"}	2026-03-08 12:07:08.586637+00
{"title":"ERROR_LOG.md","content":"# Error Log\\n\\n**Purpose:** Track all errors encountered across all AI agent sessions\\n**Location:** `/root/policies-repo/shared-context/progress/ERROR_LOG.md`\\n**Last Updated:** 2026-01-20\\n\\n---\\n\\n## Why This File Exists\\n\\n1. **Prevent repeating mistakes** - Document errors so no agent makes the same mistake twice\\n2. **Document solutions** - Record what worked so future agents can reference it\\n3. **Enable cross-agent learning** - All agents share this knowledge base\\n4. **Provide troubleshooting reference** - Quick lookup for common issues\\n\\n---\\n\\n## Active Errors (Unresolved)\\n\\n| ID | Date | Agent | Container | Error Summary | Status |\\n|----|------|-------|-----------|---------------|--------|\\n| — | — | — | — | No active errors | — |\\n\\n---\\n\\n## How to Log Errors\\n\\nWhen you encounter an error:\\n\\n1. **Add to Active Errors table** with a new ID (ERR-XXX)\\n2. **Create a detailed entry** below using the template\\n3. **Update status** when resolved or if you find more information\\n4. **Move to Resolved Archive** when fully fixed\\n\\n### Error ID Format\\n- Use sequential numbering: ERR-001, ERR-002, etc.\\n- Check the highest existing ID and increment\\n\\n---\\n\\n## Error Details\\n\\n### Template for New Errors\\n\\n```markdown\\n### [ERR-XXX] Error Title\\n- **Date:** YYYY-MM-DD\\n- **Agent:** Claude/Codex/Gemini\\n- **Container:** affected-container (or \\"System\\" or \\"None\\")\\n- **Category:** Container | System | Code | Network | Database | Permission | Config\\n- **Severity:** Critical | High | Medium | Low\\n- **Error Message:**\\n  ```\\n  Exact error text here\\n  ```\\n- **Context:** What was being attempted when this occurred\\n- **Root Cause:** Why it happened (if known)\\n- **Solution:** How it was fixed (if resolved)\\n- **Prevention:** How to avoid this in future\\n- **Status:** Resolved | In Progress | Needs Human | Blocked","source_path_or_url":"/root/policies-repo/shared-context/progress/ERROR_LOG.md","entity_natural_keys":[],"tags":["memory:second-brain","source:shared_context","contract:v1"],"confidence_score":0.80,"ttl_policy":"review_30d","change_origin":"importer"}	2026-03-08 12:07:08.690482+00
{"title":"AI_JOBS Snapshot","content":"Last Updated: 2026-03-08 11:54 UTC\\n# AI Agent Job Tracker\\n\\n**Location:** `/root/AI_JOBS.md` (VPS-specific, not in git)\\n**Purpose:** Centralized task tracking for all AI agents working on this VPS\\n**Template:** `/root/policies-repo/AI_JOBS_TEMPLATE.md` (in git)\\n**Sync Script:** `/root/sync-jobs.sh` (use `./sync-jobs.sh status`)\\n**Last Updated:** 2026-03-08 09:57 UTC\\n**File Size:** 29KB+ (975+ lines)\\n**Total Tasks:** 18 (16 completed, 2 remaining)\\n**Shared Context:** `/root/policies-repo/shared-context/` (NEW - see below)\\n\\n---\\n\\n## 📋 Instructions for AI Agents\\n\\n### How to Use This Document\\n\\n1. **READ this document** at the start of your session to understand pending work\\n2. **READ any `general*.*` files** at the start of each conversation in:\\n   - `/root/.codex/skills/`\\n   - `/root/policies-repo/skills/`\\n   - `/root/policies-repo/shared-context/` (if applicable)\\n3. **UPDATE this document** when you:\\n   - Complete a job (move to \\"Completed\\" section)\\n   - Discover new jobs (add to appropriate section)\\n   - Change job status or priority\\n   - Find important information/conclusions\\n4. **LOG your work** in the \\"Agent Activity Log\\" section at the bottom\\n5. **ALWAYS** update the \\"Last Updated\\" date at the top\\n\\n### Update Format\\n\\nWhen you complete a job:\\n```markdown\\n## Completed Jobs\\n- ✅ [Date] Job description\\n  - **Agent:** Your identifier (Claude/Gemini/Codex)\\n  - **Conclusions:** Key findings, decisions made, issues encountered\\n  - **Related files:** Paths to files created/modified\\n```\\n\\nWhen you discover a new job:\\n```markdown\\n## [Appropriate Section]\\n- ⚠️ **[PRIORITY]** Job description\\n  - **Context:** Why this is needed\\n  - **Estimated effort:** Small/Medium/Large\\n```\\n\\n---\\n\\n## 🎯 MASTER ACTION PLAN & CHECKLIST\\n\\n### 🔗 Active Major Plan: Unified Data Architecture\\n**File:** `/root/policies-repo/plans/UNIFIED_ARCHITECTURE_PLAN.md`\\n**Goal:** Migrate Flow Control to Postgres, Consolidate Databases, Unified Directus Backend.\\n\\n### 📅 PHASE 1: Immediate (Do This Week)\\n\\n#### Context\\nFix broken services and critical security issues that pose immediate risk.\\n\\n#### Checklist\\n\\n- [x] **TASK 1.0: Unified Architecture - Phase 1-4 (Complete Migration)** ✅ COMPLETED\\n  - **Why:** Essential preparation for merging databases and migrating Flow Control.\\n  - **Plan:** See `/root/policies-repo/plans/UNIFIED_ARCHITECTURE_PLAN.md`\\n  - **Achievements:**\\n    1.  **Flow Control:** Migrated from SQLite to Postgres (Schema: `inventory`).\\n    2.  **Databases:** Consolidated `expiry-alert` and `hycrm` into `flow-control-db` (Postgres 15).\\n    3.  **Directus:** Unified instance on Port 8055 serving `db`, `crm`, and `expiryalert`.\\n    4.  **CRM:** Migrated to `crm` schema.\\n  - **Status:** ✅ COMPLETED (2026-02-02)\\n\\n- [x] **TASK 1.4: Troubleshoot Flow Control Dashboard & Remove 'base44'** ✅ COMPLETED\\n  - **Why:** User reports dashboard not loading; Caddy shows \\"stream closed\\" errors. Also needs branding cleanup.\\n  - **Impact:** HIGH - Production service degraded/down.\\n  - **Root Cause:** Backend API server was not running. The TypeScript server needed to be built and started, and Caddy needed API proxy configuration.\\n  - **Solution:**\\n    1. Built TypeScript server (`npm run build` in /opt/flow-control/app/server/)\\n    2. Started API with PM2 (`pm2 start dist/src/server.js --name flow-api`)\\n    3. Added API proxy to Caddy (`/api/*` → 127.0.0.1:4000)\\n    4. Removed base44 URLs from CSP headers and Layout.jsx\\n    5. Created new favicon.svg, rebuilt frontend container\\n  - **Status:** ✅ COMPLETED (2026-01-21)\\n\\n- [x] **TASK 1.1: Build & Deploy CRM-Lite** [30 minutes] ✅ COMPLETED\\n  - **Why:** Site is configured but returning 404 errors, affecting user experience\\n  - **Impact:** HIGH - User-facing service is down\\n  - **Risk:** LOW - Read-only build process\\n  - **Steps:**\\n    ```bash\\n    # 1. Navigate to project\\n    cd /home/elron/services/crm-lite/crm-app\\n\\n    # 2. Check current state\\n    ls -la dist/  # Should not exist or be empty\\n    cat package.json | grep scripts  # Verify build command exists\\n\\n    # 3. Install dependencies if needed\\n    npm install\\n\\n    # 4. Run production build\\n    npm run build\\n\\n    # 5. Verify dist/ directory created\\n    ls -la dist/\\n    du -sh dist/\\n\\n    # 6. Test site access\\n    curl -I https://crmlite.coriathost.cloud\\n    ```\\n  - **Success Criteria:**\\n    - `dist/` directory exists with HTML/JS/CSS files\\n    - Site loads in browser at crmlite.coriathost.cloud\\n    - No 404 errors\\n  - **Log Results:** Update \\"Completed Jobs\\" section with findings\\n\\n- [x] **TASK 1.2: Change n8n Default Password** [15 minutes] ✅ COMPLETED","source_path_or_url":"/root/AI_JOBS.md","entity_natural_keys":[],"tags":["memory:second-brain","source:ai_jobs","contract:v1"],"confidence_score":0.90,"ttl_policy":"review_30d","change_origin":"importer"}	2026-03-08 12:07:08.800243+00
{"title":"Gemini CLI and Agent Skills","content":"Gemini CLI is installed with skills: 00-template,add-api-route,add-react-page,claude-agent-amuta-compliance-manager,claude-agent-architect,claude-agent-build-error-resolver,claude-agent-cloudflare-dns,claude-agent-code-reviewer,claude-agent-crm-accounting-compliance-manager,claude-agent-design-master,claude-agent-doc-updater,claude-agent-e2e-runner,claude-agent-gcloud-cli,claude-agent-n8n-automation,claude-agent-n8n-backup,claude-agent-n8n-credentials,claude-agent-n8n-doc-gen,claude-agent-n8n-monitor,claude-agent-n8n-node-builder,claude-agent-n8n-perf,claude-agent-n8n-resilience,claude-agent-n8n-security,claude-agent-n8n-test-runner,claude-agent-n8n-vcs,claude-agent-planner,claude-agent-refactor-cleaner,claude-agent-script-maker,claude-agent-second-brain-keeper,claude-agent-security-reviewer,claude-agent-takbull,claude-agent-tdd-guide,claude-skill-amuta-governance-implementation,claude-skill-amuta-nihul-takin,claude-skill-amuta-rasham-amutot-filings,claude-skill-backend-patterns,claude-skill-crm-accounting-compliance-orchestrator,claude-skill-frontend-patterns,claude-skill-gcloud-patterns,claude-skill-iterative-retrieval,claude-skill-n8n-node-builder-patterns,claude-skill-n8n-perf-patterns,claude-skill-n8n-resilience-patterns,claude-skill-n8n-security-patterns,claude-skill-n8n-testing-patterns,claude-skill-postgres-patterns,claude-skill-second-brain-ops,claude-skill-security-review,claude-skill-tdd-workflow,claude-skill-verification-loop,database-migration,deployment,directus-migration,getting-started,hostinger-vps-ops,n8n-automation,prd-creator,rbac-setup,script-runner,skill-maker,tables,terminal-ssh-vps,testing,ui","source_path_or_url":"/root/.gemini/skills/","entity_natural_keys":["program:gemini:cli"],"tags":["memory:second-brain","source:gemini","contract:v1","skills"],"confidence_score":0.95,"ttl_policy":"review_30d","change_origin":"importer"}	2026-03-08 12:07:08.912014+00
\.


--
-- Data for Name: import_relationships; Type: TABLE DATA; Schema: second_brain; Owner: postgres
--

COPY second_brain.import_relationships (raw, imported_at) FROM stdin;
{"from_natural_key":"endpoint:dev.flow.coriathost.cloud","relation_type":"EXPOSES","to_natural_key":"service:caddy","confidence_score":0.60,"properties":{"source":"caddy","note":"Endpoint defined in Caddy"}}	2026-03-08 12:07:03.996012+00
{"from_natural_key":"endpoint:dev.flow.coriathost.cloud","relation_type":"EXPOSES","to_natural_key":"service:caddy","confidence_score":0.60,"properties":{"source":"caddy","note":"Endpoint defined in Caddy"}}	2026-03-08 12:07:03.996012+00
{"from_natural_key":"endpoint:dev.flow.coriathost.cloud","relation_type":"EXPOSES","to_natural_key":"service:caddy","confidence_score":0.60,"properties":{"source":"caddy","note":"Endpoint defined in Caddy"}}	2026-03-08 12:07:03.996012+00
{"from_natural_key":"endpoint:flow.coriathost.cloud","relation_type":"EXPOSES","to_natural_key":"service:caddy","confidence_score":0.60,"properties":{"source":"caddy","note":"Endpoint defined in Caddy"}}	2026-03-08 12:07:03.996012+00
{"from_natural_key":"endpoint:flow.coriathost.cloud","relation_type":"EXPOSES","to_natural_key":"service:caddy","confidence_score":0.60,"properties":{"source":"caddy","note":"Endpoint defined in Caddy"}}	2026-03-08 12:07:03.996012+00
{"from_natural_key":"endpoint:flow.coriathost.cloud","relation_type":"EXPOSES","to_natural_key":"service:caddy","confidence_score":0.60,"properties":{"source":"caddy","note":"Endpoint defined in Caddy"}}	2026-03-08 12:07:03.996012+00
{"from_natural_key":"endpoint:flow.coriathost.cloud","relation_type":"DEPENDS_ON","to_natural_key":"service:flow-control-frontend","confidence_score":0.95,"properties":{"source":"caddy","target":"127.0.0.1:8080"}}	2026-03-08 12:07:03.996012+00
{"from_natural_key":"service:flow-control-frontend","relation_type":"EXPOSES","to_natural_key":"endpoint:flow.coriathost.cloud","confidence_score":0.95,"properties":{"source":"caddy"}}	2026-03-08 12:07:03.996012+00
{"from_natural_key":"endpoint:auto.coriathost.cloud","relation_type":"EXPOSES","to_natural_key":"service:caddy","confidence_score":0.60,"properties":{"source":"caddy","note":"Endpoint defined in Caddy"}}	2026-03-08 12:07:03.996012+00
{"from_natural_key":"endpoint:auto.coriathost.cloud","relation_type":"DEPENDS_ON","to_natural_key":"service:n8n","confidence_score":0.95,"properties":{"source":"caddy","target":"127.0.0.1:5678"}}	2026-03-08 12:07:03.996012+00
{"from_natural_key":"service:n8n","relation_type":"EXPOSES","to_natural_key":"endpoint:auto.coriathost.cloud","confidence_score":0.95,"properties":{"source":"caddy"}}	2026-03-08 12:07:03.996012+00
{"from_natural_key":"endpoint:auto.coriathost.cloud","relation_type":"EXPOSES","to_natural_key":"service:caddy","confidence_score":0.60,"properties":{"source":"caddy","note":"Endpoint defined in Caddy"}}	2026-03-08 12:07:03.996012+00
{"from_natural_key":"endpoint:auto.coriathost.cloud","relation_type":"DEPENDS_ON","to_natural_key":"service:n8n","confidence_score":0.95,"properties":{"source":"caddy","target":"127.0.0.1:5678"}}	2026-03-08 12:07:03.996012+00
{"from_natural_key":"service:n8n","relation_type":"EXPOSES","to_natural_key":"endpoint:auto.coriathost.cloud","confidence_score":0.95,"properties":{"source":"caddy"}}	2026-03-08 12:07:03.996012+00
{"from_natural_key":"endpoint:auto.coriathost.cloud","relation_type":"EXPOSES","to_natural_key":"service:caddy","confidence_score":0.60,"properties":{"source":"caddy","note":"Endpoint defined in Caddy"}}	2026-03-08 12:07:03.996012+00
{"from_natural_key":"endpoint:auto.coriathost.cloud","relation_type":"DEPENDS_ON","to_natural_key":"service:n8n","confidence_score":0.95,"properties":{"source":"caddy","target":"127.0.0.1:5678"}}	2026-03-08 12:07:03.996012+00
{"from_natural_key":"service:n8n","relation_type":"EXPOSES","to_natural_key":"endpoint:auto.coriathost.cloud","confidence_score":0.95,"properties":{"source":"caddy"}}	2026-03-08 12:07:03.996012+00
{"from_natural_key":"endpoint:crmphone.merkazneshama.co.il","relation_type":"EXPOSES","to_natural_key":"service:caddy","confidence_score":0.60,"properties":{"source":"caddy","note":"Endpoint defined in Caddy"}}	2026-03-08 12:07:03.996012+00
{"from_natural_key":"endpoint:crmphone.merkazneshama.co.il","relation_type":"DEPENDS_ON","to_natural_key":"service:crmlite-web","confidence_score":0.95,"properties":{"source":"caddy","target":"127.0.0.1:8090"}}	2026-03-08 12:07:03.996012+00
{"from_natural_key":"service:crmlite-web","relation_type":"EXPOSES","to_natural_key":"endpoint:crmphone.merkazneshama.co.il","confidence_score":0.95,"properties":{"source":"caddy"}}	2026-03-08 12:07:03.996012+00
{"from_natural_key":"endpoint:hycrm.coriathost.cloud","relation_type":"EXPOSES","to_natural_key":"service:caddy","confidence_score":0.60,"properties":{"source":"caddy","note":"Endpoint defined in Caddy"}}	2026-03-08 12:07:03.996012+00
{"from_natural_key":"endpoint:hycrm.coriathost.cloud","relation_type":"DEPENDS_ON","to_natural_key":"service:hoshen-yehuda-wordpress-1","confidence_score":0.95,"properties":{"source":"caddy","target":"127.0.0.1:8091"}}	2026-03-08 12:07:03.996012+00
{"from_natural_key":"service:hoshen-yehuda-wordpress-1","relation_type":"EXPOSES","to_natural_key":"endpoint:hycrm.coriathost.cloud","confidence_score":0.95,"properties":{"source":"caddy"}}	2026-03-08 12:07:03.996012+00
{"from_natural_key":"endpoint:db.coriathost.cloud","relation_type":"EXPOSES","to_natural_key":"service:caddy","confidence_score":0.60,"properties":{"source":"caddy","note":"Endpoint defined in Caddy"}}	2026-03-08 12:07:03.996012+00
{"from_natural_key":"endpoint:db.coriathost.cloud","relation_type":"DEPENDS_ON","to_natural_key":"service:expiry-alert-directus-1","confidence_score":0.95,"properties":{"source":"caddy","target":"127.0.0.1:8055"}}	2026-03-08 12:07:03.996012+00
{"from_natural_key":"service:expiry-alert-directus-1","relation_type":"EXPOSES","to_natural_key":"endpoint:db.coriathost.cloud","confidence_score":0.95,"properties":{"source":"caddy"}}	2026-03-08 12:07:03.996012+00
{"from_natural_key":"endpoint:expiryalert.coriathost.cloud","relation_type":"EXPOSES","to_natural_key":"service:caddy","confidence_score":0.60,"properties":{"source":"caddy","note":"Endpoint defined in Caddy"}}	2026-03-08 12:07:03.996012+00
{"from_natural_key":"endpoint:expiryalert.coriathost.cloud","relation_type":"DEPENDS_ON","to_natural_key":"service:expiry-alert-expiryalert-api-1","confidence_score":0.95,"properties":{"source":"caddy","target":"127.0.0.1:3011"}}	2026-03-08 12:07:03.996012+00
{"from_natural_key":"service:expiry-alert-expiryalert-api-1","relation_type":"EXPOSES","to_natural_key":"endpoint:expiryalert.coriathost.cloud","confidence_score":0.95,"properties":{"source":"caddy"}}	2026-03-08 12:07:03.996012+00
{"from_natural_key":"endpoint:uptime.coriathost.cloud","relation_type":"EXPOSES","to_natural_key":"service:caddy","confidence_score":0.60,"properties":{"source":"caddy","note":"Endpoint defined in Caddy"}}	2026-03-08 12:07:03.996012+00
{"from_natural_key":"endpoint:uptime.coriathost.cloud","relation_type":"DEPENDS_ON","to_natural_key":"service:uptime-kuma","confidence_score":0.95,"properties":{"source":"caddy","target":"127.0.0.1:3002"}}	2026-03-08 12:07:03.996012+00
{"from_natural_key":"service:uptime-kuma","relation_type":"EXPOSES","to_natural_key":"endpoint:uptime.coriathost.cloud","confidence_score":0.95,"properties":{"source":"caddy"}}	2026-03-08 12:07:03.996012+00
{"from_natural_key":"endpoint:nocodb.coriathost.cloud","relation_type":"EXPOSES","to_natural_key":"service:caddy","confidence_score":0.60,"properties":{"source":"caddy","note":"Endpoint defined in Caddy"}}	2026-03-08 12:07:03.996012+00
{"from_natural_key":"endpoint:eshet-chayil.merkazneshama.co.il","relation_type":"EXPOSES","to_natural_key":"service:caddy","confidence_score":0.60,"properties":{"source":"caddy","note":"Endpoint defined in Caddy"}}	2026-03-08 12:07:03.996012+00
{"from_natural_key":"endpoint:welcome.merkazneshama.co.il","relation_type":"EXPOSES","to_natural_key":"service:caddy","confidence_score":0.60,"properties":{"source":"caddy","note":"Endpoint defined in Caddy"}}	2026-03-08 12:07:03.996012+00
{"from_natural_key":"endpoint:crm.merkazneshama.co.il","relation_type":"EXPOSES","to_natural_key":"service:caddy","confidence_score":0.60,"properties":{"source":"caddy","note":"Endpoint defined in Caddy"}}	2026-03-08 12:07:03.996012+00
{"from_natural_key":"endpoint:crm.merkazneshama.co.il","relation_type":"DEPENDS_ON","to_natural_key":"service:hycrm-directus","confidence_score":0.95,"properties":{"source":"caddy","target":"127.0.0.1:18055"}}	2026-03-08 12:07:03.996012+00
{"from_natural_key":"service:hycrm-directus","relation_type":"EXPOSES","to_natural_key":"endpoint:crm.merkazneshama.co.il","confidence_score":0.95,"properties":{"source":"caddy"}}	2026-03-08 12:07:03.996012+00
{"from_natural_key":"program:n8n:agent-async-longrun-assistant-v1","relation_type":"DEPLOYED_IN","to_natural_key":"service:n8n","confidence_score":0.90,"properties":{"source":"n8n"}}	2026-03-08 12:07:03.996012+00
{"from_natural_key":"program:n8n:agent-rag-assistant-v1","relation_type":"DEPLOYED_IN","to_natural_key":"service:n8n","confidence_score":0.90,"properties":{"source":"n8n"}}	2026-03-08 12:07:03.996012+00
{"from_natural_key":"program:n8n:agent-tool-calling-assistant-v1","relation_type":"DEPLOYED_IN","to_natural_key":"service:n8n","confidence_score":0.90,"properties":{"source":"n8n"}}	2026-03-08 12:07:03.996012+00
{"from_natural_key":"program:n8n:error-handler","relation_type":"DEPLOYED_IN","to_natural_key":"service:n8n","confidence_score":0.90,"properties":{"source":"n8n"}}	2026-03-08 12:07:03.996012+00
{"from_natural_key":"program:n8n:google-drive-watch-manager-live","relation_type":"DEPLOYED_IN","to_natural_key":"service:n8n","confidence_score":0.90,"properties":{"source":"n8n"}}	2026-03-08 12:07:03.996012+00
{"from_natural_key":"program:n8n:lesson-media-pipeline-live","relation_type":"DEPLOYED_IN","to_natural_key":"service:n8n","confidence_score":0.90,"properties":{"source":"n8n"}}	2026-03-08 12:07:03.996012+00
{"from_natural_key":"program:n8n:google-drive-watch-manager-v2","relation_type":"DEPLOYED_IN","to_natural_key":"service:n8n","confidence_score":0.90,"properties":{"source":"n8n"}}	2026-03-08 12:07:03.996012+00
{"from_natural_key":"program:n8n:google-drive-watch-manager","relation_type":"DEPLOYED_IN","to_natural_key":"service:n8n","confidence_score":0.90,"properties":{"source":"n8n"}}	2026-03-08 12:07:03.996012+00
{"from_natural_key":"program:n8n:lesson-video-pipeline-v2","relation_type":"DEPLOYED_IN","to_natural_key":"service:n8n","confidence_score":0.90,"properties":{"source":"n8n"}}	2026-03-08 12:07:03.996012+00
{"from_natural_key":"program:n8n:lesson-video-pipeline","relation_type":"DEPLOYED_IN","to_natural_key":"service:n8n","confidence_score":0.90,"properties":{"source":"n8n"}}	2026-03-08 12:07:03.996012+00
{"from_natural_key":"program:n8n:lesson-media-pipeline-regression-gate-v1","relation_type":"DEPLOYED_IN","to_natural_key":"service:n8n","confidence_score":0.90,"properties":{"source":"n8n"}}	2026-03-08 12:07:03.996012+00
{"from_natural_key":"program:n8n:01-second-brain-intake-normalizer-v1","relation_type":"DEPLOYED_IN","to_natural_key":"service:n8n","confidence_score":0.90,"properties":{"source":"n8n"}}	2026-03-08 12:07:03.996012+00
{"from_natural_key":"program:n8n:02-second-brain-relationship-extractor-v1","relation_type":"DEPLOYED_IN","to_natural_key":"service:n8n","confidence_score":0.90,"properties":{"source":"n8n"}}	2026-03-08 12:07:03.996012+00
{"from_natural_key":"program:n8n:03-second-brain-apply-update-gate-v1","relation_type":"DEPLOYED_IN","to_natural_key":"service:n8n","confidence_score":0.90,"properties":{"source":"n8n"}}	2026-03-08 12:07:03.996012+00
{"from_natural_key":"program:n8n:04-second-brain-error-manager-v1","relation_type":"DEPLOYED_IN","to_natural_key":"service:n8n","confidence_score":0.90,"properties":{"source":"n8n"}}	2026-03-08 12:07:03.996012+00
{"from_natural_key":"program:n8n:05-second-brain-dead-letter-replay-v1","relation_type":"DEPLOYED_IN","to_natural_key":"service:n8n","confidence_score":0.90,"properties":{"source":"n8n"}}	2026-03-08 12:07:03.996012+00
{"from_natural_key":"program:n8n:01-super-team-master-orchestrator-v1","relation_type":"DEPLOYED_IN","to_natural_key":"service:n8n","confidence_score":0.90,"properties":{"source":"n8n"}}	2026-03-08 12:07:03.996012+00
{"from_natural_key":"program:n8n:02-super-team-intake-normalizer-v1","relation_type":"DEPLOYED_IN","to_natural_key":"service:n8n","confidence_score":0.90,"properties":{"source":"n8n"}}	2026-03-08 12:07:03.996012+00
{"from_natural_key":"program:n8n:03-super-team-contract-validator-v1","relation_type":"DEPLOYED_IN","to_natural_key":"service:n8n","confidence_score":0.90,"properties":{"source":"n8n"}}	2026-03-08 12:07:03.996012+00
{"from_natural_key":"program:n8n:04-super-team-error-manager-v1","relation_type":"DEPLOYED_IN","to_natural_key":"service:n8n","confidence_score":0.90,"properties":{"source":"n8n"}}	2026-03-08 12:07:03.996012+00
{"from_natural_key":"program:n8n:05-super-team-dead-letter-replay-v1","relation_type":"DEPLOYED_IN","to_natural_key":"service:n8n","confidence_score":0.90,"properties":{"source":"n8n"}}	2026-03-08 12:07:03.996012+00
{"from_natural_key":"program:n8n:06-super-team-tool-calling-specialist-v1","relation_type":"DEPLOYED_IN","to_natural_key":"service:n8n","confidence_score":0.90,"properties":{"source":"n8n"}}	2026-03-08 12:07:03.996012+00
{"from_natural_key":"program:n8n:07-super-team-rag-specialist-v1","relation_type":"DEPLOYED_IN","to_natural_key":"service:n8n","confidence_score":0.90,"properties":{"source":"n8n"}}	2026-03-08 12:07:03.996012+00
{"from_natural_key":"program:n8n:08-super-team-async-longrun-specialist-v1","relation_type":"DEPLOYED_IN","to_natural_key":"service:n8n","confidence_score":0.90,"properties":{"source":"n8n"}}	2026-03-08 12:07:03.996012+00
{"from_natural_key":"program:n8n:09-super-team-crm-specialist-v1","relation_type":"DEPLOYED_IN","to_natural_key":"service:n8n","confidence_score":0.90,"properties":{"source":"n8n"}}	2026-03-08 12:07:03.996012+00
{"from_natural_key":"program:n8n:10-super-team-media-specialist-v1","relation_type":"DEPLOYED_IN","to_natural_key":"service:n8n","confidence_score":0.90,"properties":{"source":"n8n"}}	2026-03-08 12:07:03.996012+00
{"from_natural_key":"program:n8n:11-super-team-integrations-specialist-v1","relation_type":"DEPLOYED_IN","to_natural_key":"service:n8n","confidence_score":0.90,"properties":{"source":"n8n"}}	2026-03-08 12:07:03.996012+00
{"from_natural_key":"program:n8n:12-super-team-qa-test-orchestrator-agent-v1","relation_type":"DEPLOYED_IN","to_natural_key":"service:n8n","confidence_score":0.90,"properties":{"source":"n8n"}}	2026-03-08 12:07:03.996012+00
{"from_natural_key":"program:n8n:13-super-team-debug-failure-analysis-agent-v1","relation_type":"DEPLOYED_IN","to_natural_key":"service:n8n","confidence_score":0.90,"properties":{"source":"n8n"}}	2026-03-08 12:07:03.996012+00
{"from_natural_key":"program:n8n:14-super-team-observability-slo-agent-v1","relation_type":"DEPLOYED_IN","to_natural_key":"service:n8n","confidence_score":0.90,"properties":{"source":"n8n"}}	2026-03-08 12:07:03.996012+00
{"from_natural_key":"program:n8n:template-api-sync-v1","relation_type":"DEPLOYED_IN","to_natural_key":"service:n8n","confidence_score":0.90,"properties":{"source":"n8n"}}	2026-03-08 12:07:03.996012+00
{"from_natural_key":"program:n8n:template-dead-letter-retry-v1","relation_type":"DEPLOYED_IN","to_natural_key":"service:n8n","confidence_score":0.90,"properties":{"source":"n8n"}}	2026-03-08 12:07:03.996012+00
{"from_natural_key":"program:n8n:template-error-handler-v1","relation_type":"DEPLOYED_IN","to_natural_key":"service:n8n","confidence_score":0.90,"properties":{"source":"n8n"}}	2026-03-08 12:07:03.996012+00
{"from_natural_key":"program:n8n:template-llm-agent-v1","relation_type":"DEPLOYED_IN","to_natural_key":"service:n8n","confidence_score":0.90,"properties":{"source":"n8n"}}	2026-03-08 12:07:03.996012+00
{"from_natural_key":"program:n8n:template-webhook-intake-v1","relation_type":"DEPLOYED_IN","to_natural_key":"service:n8n","confidence_score":0.90,"properties":{"source":"n8n"}}	2026-03-08 12:07:03.996012+00
\.


--
-- Data for Name: memory_records; Type: TABLE DATA; Schema: second_brain; Owner: postgres
--

COPY second_brain.memory_records (memory_id, title, content, source_path_or_url, entity_refs, tags, confidence_score, ttl_policy, approval_state, change_origin, is_deprecated, created_at, updated_at) FROM stdin;
ea141661-1238-4545-86fa-cd2970941617	Second Brain - Intake Normalizer - v1	Workflow metadata captured from n8n export.	/home/elron/services/n8n/workflows/second-brain/01-second-brain-intake-normalizer-v1.json	{31f134a2-8aab-4d29-bc7a-dea39718f1e8}	{memory:second-brain,source:n8n,contract:v1,"contract:v1,env:staging,memory:second-brain,owner:platform,template"}	0.850	review_30d	applied	importer	f	2026-02-27 09:58:19.692288+00	2026-02-27 09:58:19.692288+00
b9799353-91ff-4893-b115-46adf5fd344a	Second Brain - Relationship Extractor - v1	Workflow metadata captured from n8n export.	/home/elron/services/n8n/workflows/second-brain/02-second-brain-relationship-extractor-v1.json	{6a157917-6a0e-4edb-97a8-6cbfdb85aa6b}	{memory:second-brain,source:n8n,contract:v1,"agent,contract:v1,env:staging,memory:second-brain,owner:platform,template"}	0.850	review_30d	applied	importer	f	2026-02-27 09:58:19.692288+00	2026-02-27 09:58:19.692288+00
fe7c4d6f-929e-4cb4-bd68-c496718b6903	Second Brain - Apply Update Gate - v1	Workflow metadata captured from n8n export.	/home/elron/services/n8n/workflows/second-brain/03-second-brain-apply-update-gate-v1.json	{bb09f462-1a80-4566-a13f-8c2cf9942b94}	{memory:second-brain,source:n8n,contract:v1,"api-sync,contract:v1,env:staging,memory:second-brain,owner:platform,template"}	0.850	review_30d	applied	importer	f	2026-02-27 09:58:19.692288+00	2026-02-27 09:58:19.692288+00
a46ff083-c049-41ce-a81f-5845d54504b9	Second Brain - Error Manager - v1	Workflow metadata captured from n8n export.	/home/elron/services/n8n/workflows/second-brain/04-second-brain-error-manager-v1.json	{1d62fd9d-d433-412b-aa89-035b319ac4c4}	{memory:second-brain,source:n8n,contract:v1,"contract:v1,env:staging,error-handler,memory:second-brain,owner:platform,template"}	0.850	review_30d	applied	importer	f	2026-02-27 09:58:19.692288+00	2026-02-27 09:58:19.692288+00
77b5a265-c987-4ab5-aa8d-9f3f39af8d08	Second Brain - Dead Letter Replay - v1	Workflow metadata captured from n8n export.	/home/elron/services/n8n/workflows/second-brain/05-second-brain-dead-letter-replay-v1.json	{b61c3220-1369-445e-af16-5fef54d8865e}	{memory:second-brain,source:n8n,contract:v1,"contract:v1,dead-letter,env:staging,memory:second-brain,owner:platform,template"}	0.850	review_30d	applied	importer	f	2026-02-27 09:58:19.692288+00	2026-02-27 09:58:19.692288+00
282a4f86-94ff-4fa5-ae09-8fea2efceedb	AI_JOBS Snapshot	Last Updated: 2026-02-27 09:57 UTC\n# AI Agent Job Tracker\n\n**Location:** `/root/AI_JOBS.md` (VPS-specific, not in git)\n**Purpose:** Centralized task tracking for all AI agents working on this VPS\n**Template:** `/root/policies-repo/AI_JOBS_TEMPLATE.md` (in git)\n**Sync Script:** `/root/sync-jobs.sh` (use `./sync-jobs.sh status`)\n**Last Updated:** 2026-02-27 09:57 UTC\n**File Size:** 29KB+ (975+ lines)\n**Total Tasks:** 18 (15 completed, 3 remaining)\n**Shared Context:** `/root/policies-repo/shared-context/` (NEW - see below)\n\n---\n\n## 📋 Instructions for AI Agents\n\n### How to Use This Document\n\n1. **READ this document** at the start of your session to understand pending work\n2. **READ any `general*.*` files** at the start of each conversation in:\n   - `/root/.codex/skills/`\n   - `/root/policies-repo/skills/`\n   - `/root/policies-repo/shared-context/` (if applicable)\n3. **UPDATE this document** when you:\n   - Complete a job (move to "Completed" section)\n   - Discover new jobs (add to appropriate section)\n   - Change job status or priority\n   - Find important information/conclusions\n4. **LOG your work** in the "Agent Activity Log" section at the bottom\n5. **ALWAYS** update the "Last Updated" date at the top\n\n### Update Format\n\nWhen you complete a job:\n```markdown\n## Completed Jobs\n- ✅ [Date] Job description\n  - **Agent:** Your identifier (Claude/Gemini/Codex)\n  - **Conclusions:** Key findings, decisions made, issues encountered\n  - **Related files:** Paths to files created/modified\n```\n\nWhen you discover a new job:\n```markdown\n## [Appropriate Section]\n- ⚠️ **[PRIORITY]** Job description\n  - **Context:** Why this is needed\n  - **Estimated effort:** Small/Medium/Large\n```\n\n---\n\n## 🎯 MASTER ACTION PLAN & CHECKLIST\n\n### 🔗 Active Major Plan: Unified Data Architecture\n**File:** `/root/policies-repo/plans/UNIFIED_ARCHITECTURE_PLAN.md`\n**Goal:** Migrate Flow Control to Postgres, Consolidate Databases, Unified Directus Backend.\n\n### 📅 PHASE 1: Immediate (Do This Week)\n\n#### Context\nFix broken services and critical security issues that pose immediate risk.\n\n#### Checklist\n\n- [x] **TASK 1.0: Unified Architecture - Phase 1-4 (Complete Migration)** ✅ COMPLETED\n  - **Why:** Essential preparation for merging databases and migrating Flow Control.\n  - **Plan:** See `/root/policies-repo/plans/UNIFIED_ARCHITECTURE_PLAN.md`\n  - **Achievements:**\n    1.  **Flow Control:** Migrated from SQLite to Postgres (Schema: `inventory`).\n    2.  **Databases:** Consolidated `expiry-alert` and `hycrm` into `flow-control-db` (Postgres 15).\n    3.  **Directus:** Unified instance on Port 8055 serving `db`, `crm`, and `expiryalert`.\n    4.  **CRM:** Migrated to `crm` schema.\n  - **Status:** ✅ COMPLETED (2026-02-02)\n\n- [x] **TASK 1.4: Troubleshoot Flow Control Dashboard & Remove 'base44'** ✅ COMPLETED\n  - **Why:** User reports dashboard not loading; Caddy shows "stream closed" errors. Also needs branding cleanup.\n  - **Impact:** HIGH - Production service degraded/down.\n  - **Root Cause:** Backend API server was not running. The TypeScript server needed to be built and started, and Caddy needed API proxy configuration.\n  - **Solution:**\n    1. Built TypeScript server (`npm run build` in /opt/flow-control/app/server/)\n    2. Started API with PM2 (`pm2 start dist/src/server.js --name flow-api`)\n    3. Added API proxy to Caddy (`/api/*` → 127.0.0.1:4000)\n    4. Removed base44 URLs from CSP headers and Layout.jsx\n    5. Created new favicon.svg, rebuilt frontend container\n  - **Status:** ✅ COMPLETED (2026-01-21)\n\n- [x] **TASK 1.1: Build & Deploy CRM-Lite** [30 minutes] ✅ COMPLETED\n  - **Why:** Site is configured but returning 404 errors, affecting user experience\n  - **Impact:** HIGH - User-facing service is down\n  - **Risk:** LOW - Read-only build process\n  - **Steps:**\n    ```bash\n    # 1. Navigate to project\n    cd /home/elron/services/crm-lite/crm-app\n\n    # 2. Check current state\n    ls -la dist/  # Should not exist or be empty\n    cat package.json | grep scripts  # Verify build command exists\n\n    # 3. Install dependencies if needed\n    npm install\n\n    # 4. Run production build\n    npm run build\n\n    # 5. Verify dist/ directory created\n    ls -la dist/\n    du -sh dist/\n\n    # 6. Test site access\n    curl -I https://crmlite.coriathost.cloud\n    ```\n  - **Success Criteria:**\n    - `dist/` directory exists with HTML/JS/CSS files\n    - Site loads in browser at crmlite.coriathost.cloud\n    - No 404 errors\n  - **Log Results:** Update "Completed Jobs" section with findings\n\n- [x] **TASK 1.2: Change n8n Default Password** [15 minutes] ✅ COMPLETED	/root/AI_JOBS.md	{}	{memory:second-brain,source:ai_jobs,contract:v1}	0.900	review_30d	applied	importer	f	2026-02-27 09:58:19.692288+00	2026-02-27 09:58:19.692288+00
98834a53-7440-4fe2-8646-ea305eeb8270	Staging acceptance memory	Medium-risk memory proposal for acceptance gate.	/root/second-brain/scripts/run_staging_acceptance_gate.sh	{60fa3e4c-367b-4dab-84f9-9261005242f8}	{memory:second-brain,source:acceptance,contract:v1}	0.800	review_30d	applied	agent	f	2026-02-27 10:37:01.600716+00	2026-02-27 10:37:01.600716+00
06f45c16-7766-467c-a8f9-bd4f4e64045f	AI_JOBS Snapshot	Last Updated: 2026-02-27 14:20 UTC\n# AI Agent Job Tracker\n\n**Location:** `/root/AI_JOBS.md` (VPS-specific, not in git)\n**Purpose:** Centralized task tracking for all AI agents working on this VPS\n**Template:** `/root/policies-repo/AI_JOBS_TEMPLATE.md` (in git)\n**Sync Script:** `/root/sync-jobs.sh` (use `./sync-jobs.sh status`)\n**Last Updated:** 2026-02-27 14:20 UTC\n**File Size:** 29KB+ (975+ lines)\n**Total Tasks:** 18 (15 completed, 3 remaining)\n**Shared Context:** `/root/policies-repo/shared-context/` (NEW - see below)\n\n---\n\n## 📋 Instructions for AI Agents\n\n### How to Use This Document\n\n1. **READ this document** at the start of your session to understand pending work\n2. **READ any `general*.*` files** at the start of each conversation in:\n   - `/root/.codex/skills/`\n   - `/root/policies-repo/skills/`\n   - `/root/policies-repo/shared-context/` (if applicable)\n3. **UPDATE this document** when you:\n   - Complete a job (move to "Completed" section)\n   - Discover new jobs (add to appropriate section)\n   - Change job status or priority\n   - Find important information/conclusions\n4. **LOG your work** in the "Agent Activity Log" section at the bottom\n5. **ALWAYS** update the "Last Updated" date at the top\n\n### Update Format\n\nWhen you complete a job:\n```markdown\n## Completed Jobs\n- ✅ [Date] Job description\n  - **Agent:** Your identifier (Claude/Gemini/Codex)\n  - **Conclusions:** Key findings, decisions made, issues encountered\n  - **Related files:** Paths to files created/modified\n```\n\nWhen you discover a new job:\n```markdown\n## [Appropriate Section]\n- ⚠️ **[PRIORITY]** Job description\n  - **Context:** Why this is needed\n  - **Estimated effort:** Small/Medium/Large\n```\n\n---\n\n## 🎯 MASTER ACTION PLAN & CHECKLIST\n\n### 🔗 Active Major Plan: Unified Data Architecture\n**File:** `/root/policies-repo/plans/UNIFIED_ARCHITECTURE_PLAN.md`\n**Goal:** Migrate Flow Control to Postgres, Consolidate Databases, Unified Directus Backend.\n\n### 📅 PHASE 1: Immediate (Do This Week)\n\n#### Context\nFix broken services and critical security issues that pose immediate risk.\n\n#### Checklist\n\n- [x] **TASK 1.0: Unified Architecture - Phase 1-4 (Complete Migration)** ✅ COMPLETED\n  - **Why:** Essential preparation for merging databases and migrating Flow Control.\n  - **Plan:** See `/root/policies-repo/plans/UNIFIED_ARCHITECTURE_PLAN.md`\n  - **Achievements:**\n    1.  **Flow Control:** Migrated from SQLite to Postgres (Schema: `inventory`).\n    2.  **Databases:** Consolidated `expiry-alert` and `hycrm` into `flow-control-db` (Postgres 15).\n    3.  **Directus:** Unified instance on Port 8055 serving `db`, `crm`, and `expiryalert`.\n    4.  **CRM:** Migrated to `crm` schema.\n  - **Status:** ✅ COMPLETED (2026-02-02)\n\n- [x] **TASK 1.4: Troubleshoot Flow Control Dashboard & Remove 'base44'** ✅ COMPLETED\n  - **Why:** User reports dashboard not loading; Caddy shows "stream closed" errors. Also needs branding cleanup.\n  - **Impact:** HIGH - Production service degraded/down.\n  - **Root Cause:** Backend API server was not running. The TypeScript server needed to be built and started, and Caddy needed API proxy configuration.\n  - **Solution:**\n    1. Built TypeScript server (`npm run build` in /opt/flow-control/app/server/)\n    2. Started API with PM2 (`pm2 start dist/src/server.js --name flow-api`)\n    3. Added API proxy to Caddy (`/api/*` → 127.0.0.1:4000)\n    4. Removed base44 URLs from CSP headers and Layout.jsx\n    5. Created new favicon.svg, rebuilt frontend container\n  - **Status:** ✅ COMPLETED (2026-01-21)\n\n- [x] **TASK 1.1: Build & Deploy CRM-Lite** [30 minutes] ✅ COMPLETED\n  - **Why:** Site is configured but returning 404 errors, affecting user experience\n  - **Impact:** HIGH - User-facing service is down\n  - **Risk:** LOW - Read-only build process\n  - **Steps:**\n    ```bash\n    # 1. Navigate to project\n    cd /home/elron/services/crm-lite/crm-app\n\n    # 2. Check current state\n    ls -la dist/  # Should not exist or be empty\n    cat package.json | grep scripts  # Verify build command exists\n\n    # 3. Install dependencies if needed\n    npm install\n\n    # 4. Run production build\n    npm run build\n\n    # 5. Verify dist/ directory created\n    ls -la dist/\n    du -sh dist/\n\n    # 6. Test site access\n    curl -I https://crmlite.coriathost.cloud\n    ```\n  - **Success Criteria:**\n    - `dist/` directory exists with HTML/JS/CSS files\n    - Site loads in browser at crmlite.coriathost.cloud\n    - No 404 errors\n  - **Log Results:** Update "Completed Jobs" section with findings\n\n- [x] **TASK 1.2: Change n8n Default Password** [15 minutes] ✅ COMPLETED	/root/AI_JOBS.md	{}	{memory:second-brain,source:ai_jobs,contract:v1}	0.900	review_30d	applied	importer	f	2026-02-27 15:07:07.256344+00	2026-02-27 15:07:07.256344+00
c9992040-0134-46c6-b622-2187a38719d2	AI_JOBS Snapshot	Last Updated: 2026-03-04 11:53 UTC\n# AI Agent Job Tracker\n\n**Location:** `/root/AI_JOBS.md` (VPS-specific, not in git)\n**Purpose:** Centralized task tracking for all AI agents working on this VPS\n**Template:** `/root/policies-repo/AI_JOBS_TEMPLATE.md` (in git)\n**Sync Script:** `/root/sync-jobs.sh` (use `./sync-jobs.sh status`)\n**Last Updated:** 2026-03-04 11:53 UTC\n**File Size:** 29KB+ (975+ lines)\n**Total Tasks:** 18 (15 completed, 3 remaining)\n**Shared Context:** `/root/policies-repo/shared-context/` (NEW - see below)\n\n---\n\n## 📋 Instructions for AI Agents\n\n### How to Use This Document\n\n1. **READ this document** at the start of your session to understand pending work\n2. **READ any `general*.*` files** at the start of each conversation in:\n   - `/root/.codex/skills/`\n   - `/root/policies-repo/skills/`\n   - `/root/policies-repo/shared-context/` (if applicable)\n3. **UPDATE this document** when you:\n   - Complete a job (move to "Completed" section)\n   - Discover new jobs (add to appropriate section)\n   - Change job status or priority\n   - Find important information/conclusions\n4. **LOG your work** in the "Agent Activity Log" section at the bottom\n5. **ALWAYS** update the "Last Updated" date at the top\n\n### Update Format\n\nWhen you complete a job:\n```markdown\n## Completed Jobs\n- ✅ [Date] Job description\n  - **Agent:** Your identifier (Claude/Gemini/Codex)\n  - **Conclusions:** Key findings, decisions made, issues encountered\n  - **Related files:** Paths to files created/modified\n```\n\nWhen you discover a new job:\n```markdown\n## [Appropriate Section]\n- ⚠️ **[PRIORITY]** Job description\n  - **Context:** Why this is needed\n  - **Estimated effort:** Small/Medium/Large\n```\n\n---\n\n## 🎯 MASTER ACTION PLAN & CHECKLIST\n\n### 🔗 Active Major Plan: Unified Data Architecture\n**File:** `/root/policies-repo/plans/UNIFIED_ARCHITECTURE_PLAN.md`\n**Goal:** Migrate Flow Control to Postgres, Consolidate Databases, Unified Directus Backend.\n\n### 📅 PHASE 1: Immediate (Do This Week)\n\n#### Context\nFix broken services and critical security issues that pose immediate risk.\n\n#### Checklist\n\n- [x] **TASK 1.0: Unified Architecture - Phase 1-4 (Complete Migration)** ✅ COMPLETED\n  - **Why:** Essential preparation for merging databases and migrating Flow Control.\n  - **Plan:** See `/root/policies-repo/plans/UNIFIED_ARCHITECTURE_PLAN.md`\n  - **Achievements:**\n    1.  **Flow Control:** Migrated from SQLite to Postgres (Schema: `inventory`).\n    2.  **Databases:** Consolidated `expiry-alert` and `hycrm` into `flow-control-db` (Postgres 15).\n    3.  **Directus:** Unified instance on Port 8055 serving `db`, `crm`, and `expiryalert`.\n    4.  **CRM:** Migrated to `crm` schema.\n  - **Status:** ✅ COMPLETED (2026-02-02)\n\n- [x] **TASK 1.4: Troubleshoot Flow Control Dashboard & Remove 'base44'** ✅ COMPLETED\n  - **Why:** User reports dashboard not loading; Caddy shows "stream closed" errors. Also needs branding cleanup.\n  - **Impact:** HIGH - Production service degraded/down.\n  - **Root Cause:** Backend API server was not running. The TypeScript server needed to be built and started, and Caddy needed API proxy configuration.\n  - **Solution:**\n    1. Built TypeScript server (`npm run build` in /opt/flow-control/app/server/)\n    2. Started API with PM2 (`pm2 start dist/src/server.js --name flow-api`)\n    3. Added API proxy to Caddy (`/api/*` → 127.0.0.1:4000)\n    4. Removed base44 URLs from CSP headers and Layout.jsx\n    5. Created new favicon.svg, rebuilt frontend container\n  - **Status:** ✅ COMPLETED (2026-01-21)\n\n- [x] **TASK 1.1: Build & Deploy CRM-Lite** [30 minutes] ✅ COMPLETED\n  - **Why:** Site is configured but returning 404 errors, affecting user experience\n  - **Impact:** HIGH - User-facing service is down\n  - **Risk:** LOW - Read-only build process\n  - **Steps:**\n    ```bash\n    # 1. Navigate to project\n    cd /home/elron/services/crm-lite/crm-app\n\n    # 2. Check current state\n    ls -la dist/  # Should not exist or be empty\n    cat package.json | grep scripts  # Verify build command exists\n\n    # 3. Install dependencies if needed\n    npm install\n\n    # 4. Run production build\n    npm run build\n\n    # 5. Verify dist/ directory created\n    ls -la dist/\n    du -sh dist/\n\n    # 6. Test site access\n    curl -I https://crmlite.coriathost.cloud\n    ```\n  - **Success Criteria:**\n    - `dist/` directory exists with HTML/JS/CSS files\n    - Site loads in browser at crmlite.coriathost.cloud\n    - No 404 errors\n  - **Log Results:** Update "Completed Jobs" section with findings\n\n- [x] **TASK 1.2: Change n8n Default Password** [15 minutes] ✅ COMPLETED	/root/AI_JOBS.md	{}	{memory:second-brain,source:ai_jobs,contract:v1}	0.900	review_30d	applied	importer	f	2026-03-04 12:07:07.548466+00	2026-03-04 12:07:07.548466+00
e737f7d1-71dd-4131-9160-23a6774096e1	AI_JOBS Snapshot	Last Updated: 2026-03-04 19:03 UTC\n# AI Agent Job Tracker\n\n**Location:** `/root/AI_JOBS.md` (VPS-specific, not in git)\n**Purpose:** Centralized task tracking for all AI agents working on this VPS\n**Template:** `/root/policies-repo/AI_JOBS_TEMPLATE.md` (in git)\n**Sync Script:** `/root/sync-jobs.sh` (use `./sync-jobs.sh status`)\n**Last Updated:** 2026-03-04 19:03 UTC\n**File Size:** 29KB+ (975+ lines)\n**Total Tasks:** 18 (15 completed, 3 remaining)\n**Shared Context:** `/root/policies-repo/shared-context/` (NEW - see below)\n\n---\n\n## 📋 Instructions for AI Agents\n\n### How to Use This Document\n\n1. **READ this document** at the start of your session to understand pending work\n2. **READ any `general*.*` files** at the start of each conversation in:\n   - `/root/.codex/skills/`\n   - `/root/policies-repo/skills/`\n   - `/root/policies-repo/shared-context/` (if applicable)\n3. **UPDATE this document** when you:\n   - Complete a job (move to "Completed" section)\n   - Discover new jobs (add to appropriate section)\n   - Change job status or priority\n   - Find important information/conclusions\n4. **LOG your work** in the "Agent Activity Log" section at the bottom\n5. **ALWAYS** update the "Last Updated" date at the top\n\n### Update Format\n\nWhen you complete a job:\n```markdown\n## Completed Jobs\n- ✅ [Date] Job description\n  - **Agent:** Your identifier (Claude/Gemini/Codex)\n  - **Conclusions:** Key findings, decisions made, issues encountered\n  - **Related files:** Paths to files created/modified\n```\n\nWhen you discover a new job:\n```markdown\n## [Appropriate Section]\n- ⚠️ **[PRIORITY]** Job description\n  - **Context:** Why this is needed\n  - **Estimated effort:** Small/Medium/Large\n```\n\n---\n\n## 🎯 MASTER ACTION PLAN & CHECKLIST\n\n### 🔗 Active Major Plan: Unified Data Architecture\n**File:** `/root/policies-repo/plans/UNIFIED_ARCHITECTURE_PLAN.md`\n**Goal:** Migrate Flow Control to Postgres, Consolidate Databases, Unified Directus Backend.\n\n### 📅 PHASE 1: Immediate (Do This Week)\n\n#### Context\nFix broken services and critical security issues that pose immediate risk.\n\n#### Checklist\n\n- [x] **TASK 1.0: Unified Architecture - Phase 1-4 (Complete Migration)** ✅ COMPLETED\n  - **Why:** Essential preparation for merging databases and migrating Flow Control.\n  - **Plan:** See `/root/policies-repo/plans/UNIFIED_ARCHITECTURE_PLAN.md`\n  - **Achievements:**\n    1.  **Flow Control:** Migrated from SQLite to Postgres (Schema: `inventory`).\n    2.  **Databases:** Consolidated `expiry-alert` and `hycrm` into `flow-control-db` (Postgres 15).\n    3.  **Directus:** Unified instance on Port 8055 serving `db`, `crm`, and `expiryalert`.\n    4.  **CRM:** Migrated to `crm` schema.\n  - **Status:** ✅ COMPLETED (2026-02-02)\n\n- [x] **TASK 1.4: Troubleshoot Flow Control Dashboard & Remove 'base44'** ✅ COMPLETED\n  - **Why:** User reports dashboard not loading; Caddy shows "stream closed" errors. Also needs branding cleanup.\n  - **Impact:** HIGH - Production service degraded/down.\n  - **Root Cause:** Backend API server was not running. The TypeScript server needed to be built and started, and Caddy needed API proxy configuration.\n  - **Solution:**\n    1. Built TypeScript server (`npm run build` in /opt/flow-control/app/server/)\n    2. Started API with PM2 (`pm2 start dist/src/server.js --name flow-api`)\n    3. Added API proxy to Caddy (`/api/*` → 127.0.0.1:4000)\n    4. Removed base44 URLs from CSP headers and Layout.jsx\n    5. Created new favicon.svg, rebuilt frontend container\n  - **Status:** ✅ COMPLETED (2026-01-21)\n\n- [x] **TASK 1.1: Build & Deploy CRM-Lite** [30 minutes] ✅ COMPLETED\n  - **Why:** Site is configured but returning 404 errors, affecting user experience\n  - **Impact:** HIGH - User-facing service is down\n  - **Risk:** LOW - Read-only build process\n  - **Steps:**\n    ```bash\n    # 1. Navigate to project\n    cd /home/elron/services/crm-lite/crm-app\n\n    # 2. Check current state\n    ls -la dist/  # Should not exist or be empty\n    cat package.json | grep scripts  # Verify build command exists\n\n    # 3. Install dependencies if needed\n    npm install\n\n    # 4. Run production build\n    npm run build\n\n    # 5. Verify dist/ directory created\n    ls -la dist/\n    du -sh dist/\n\n    # 6. Test site access\n    curl -I https://crmlite.coriathost.cloud\n    ```\n  - **Success Criteria:**\n    - `dist/` directory exists with HTML/JS/CSS files\n    - Site loads in browser at crmlite.coriathost.cloud\n    - No 404 errors\n  - **Log Results:** Update "Completed Jobs" section with findings\n\n- [x] **TASK 1.2: Change n8n Default Password** [15 minutes] ✅ COMPLETED	/root/AI_JOBS.md	{}	{memory:second-brain,source:ai_jobs,contract:v1}	0.900	review_30d	applied	importer	f	2026-03-04 19:15:36.315231+00	2026-03-04 19:15:36.315231+00
a427a15a-f467-45b3-b2e5-9d10ababee56	Staging acceptance memory	Medium-risk memory proposal for acceptance gate.	/root/second-brain/scripts/run_staging_acceptance_gate.sh	{8ec61a81-ab81-4b01-9206-7602b792c477}	{memory:second-brain,source:acceptance,contract:v1}	0.800	review_30d	applied	agent	f	2026-03-06 10:33:16.290614+00	2026-03-06 10:33:16.290614+00
dd0e5ec2-aa46-485c-907c-501e2d65163f	Lesson Media Pipeline v2 validated end-to-end after Google Drive reconnect	Canonical n8n workflow pair is `Lesson Media Pipeline (Webhook) - v2` (`Psi1HjqZw7Zpr1MN`) plus `Google Drive Watch Manager - v2` (`rrYpd1ZPN5lwRuU9`). Google Drive OAuth2 was reconnected and the pipeline now passes audio and video smoke tests. Audio path confirmed via execution 807. Video path confirmed via executions 837 and 839 with `SUCCESS_VIDEO_COMPLETE`, `docxUploaded=true`, `vimeoTranscodeStatus=complete`, `vimeoThumbnailApplied=true`, and Vimeo player links generated. Key runtime fixes were raw Google Drive DOCX upload refresh handling, raw Vimeo thumbnail upload, raw Vimeo TUS upload, longer Vimeo transcode polling, and diagnostic completion gate output. If Google Imagen auth is unavailable, the pipeline falls back to a video-frame thumbnail and still completes successfully.	/home/elron/services/n8n/workflows/lesson-video-pipeline-v2.json	{4e4e0a73-4579-4dfa-ba33-a04f3a29d605}	{memory:n8n,workflow:lesson-media-pipeline,source:manual,contract:v1}	0.970	review_30d	applied	human	f	2026-03-06 13:24:40.781877+00	2026-03-06 13:24:40.781877+00
7a833ebd-065b-4581-8505-85512fa1e939	Staging acceptance memory	Medium-risk memory proposal for acceptance gate.	/root/second-brain/scripts/run_staging_acceptance_gate.sh	{ecb54414-b913-458f-ae2a-12862d79b0e2}	{memory:second-brain,source:acceptance,contract:v1}	0.800	review_30d	applied	agent	f	2026-03-06 14:30:15.579187+00	2026-03-06 14:30:15.579187+00
bf3a4930-5e72-4969-b975-20ae1f48debb	AI_JOBS Snapshot	Last Updated: 2026-03-08 09:57 UTC\n# AI Agent Job Tracker\n\n**Location:** `/root/AI_JOBS.md` (VPS-specific, not in git)\n**Purpose:** Centralized task tracking for all AI agents working on this VPS\n**Template:** `/root/policies-repo/AI_JOBS_TEMPLATE.md` (in git)\n**Sync Script:** `/root/sync-jobs.sh` (use `./sync-jobs.sh status`)\n**Last Updated:** 2026-03-08 09:57 UTC\n**File Size:** 29KB+ (975+ lines)\n**Total Tasks:** 18 (16 completed, 2 remaining)\n**Shared Context:** `/root/policies-repo/shared-context/` (NEW - see below)\n\n---\n\n## 📋 Instructions for AI Agents\n\n### How to Use This Document\n\n1. **READ this document** at the start of your session to understand pending work\n2. **READ any `general*.*` files** at the start of each conversation in:\n   - `/root/.codex/skills/`\n   - `/root/policies-repo/skills/`\n   - `/root/policies-repo/shared-context/` (if applicable)\n3. **UPDATE this document** when you:\n   - Complete a job (move to "Completed" section)\n   - Discover new jobs (add to appropriate section)\n   - Change job status or priority\n   - Find important information/conclusions\n4. **LOG your work** in the "Agent Activity Log" section at the bottom\n5. **ALWAYS** update the "Last Updated" date at the top\n\n### Update Format\n\nWhen you complete a job:\n```markdown\n## Completed Jobs\n- ✅ [Date] Job description\n  - **Agent:** Your identifier (Claude/Gemini/Codex)\n  - **Conclusions:** Key findings, decisions made, issues encountered\n  - **Related files:** Paths to files created/modified\n```\n\nWhen you discover a new job:\n```markdown\n## [Appropriate Section]\n- ⚠️ **[PRIORITY]** Job description\n  - **Context:** Why this is needed\n  - **Estimated effort:** Small/Medium/Large\n```\n\n---\n\n## 🎯 MASTER ACTION PLAN & CHECKLIST\n\n### 🔗 Active Major Plan: Unified Data Architecture\n**File:** `/root/policies-repo/plans/UNIFIED_ARCHITECTURE_PLAN.md`\n**Goal:** Migrate Flow Control to Postgres, Consolidate Databases, Unified Directus Backend.\n\n### 📅 PHASE 1: Immediate (Do This Week)\n\n#### Context\nFix broken services and critical security issues that pose immediate risk.\n\n#### Checklist\n\n- [x] **TASK 1.0: Unified Architecture - Phase 1-4 (Complete Migration)** ✅ COMPLETED\n  - **Why:** Essential preparation for merging databases and migrating Flow Control.\n  - **Plan:** See `/root/policies-repo/plans/UNIFIED_ARCHITECTURE_PLAN.md`\n  - **Achievements:**\n    1.  **Flow Control:** Migrated from SQLite to Postgres (Schema: `inventory`).\n    2.  **Databases:** Consolidated `expiry-alert` and `hycrm` into `flow-control-db` (Postgres 15).\n    3.  **Directus:** Unified instance on Port 8055 serving `db`, `crm`, and `expiryalert`.\n    4.  **CRM:** Migrated to `crm` schema.\n  - **Status:** ✅ COMPLETED (2026-02-02)\n\n- [x] **TASK 1.4: Troubleshoot Flow Control Dashboard & Remove 'base44'** ✅ COMPLETED\n  - **Why:** User reports dashboard not loading; Caddy shows "stream closed" errors. Also needs branding cleanup.\n  - **Impact:** HIGH - Production service degraded/down.\n  - **Root Cause:** Backend API server was not running. The TypeScript server needed to be built and started, and Caddy needed API proxy configuration.\n  - **Solution:**\n    1. Built TypeScript server (`npm run build` in /opt/flow-control/app/server/)\n    2. Started API with PM2 (`pm2 start dist/src/server.js --name flow-api`)\n    3. Added API proxy to Caddy (`/api/*` → 127.0.0.1:4000)\n    4. Removed base44 URLs from CSP headers and Layout.jsx\n    5. Created new favicon.svg, rebuilt frontend container\n  - **Status:** ✅ COMPLETED (2026-01-21)\n\n- [x] **TASK 1.1: Build & Deploy CRM-Lite** [30 minutes] ✅ COMPLETED\n  - **Why:** Site is configured but returning 404 errors, affecting user experience\n  - **Impact:** HIGH - User-facing service is down\n  - **Risk:** LOW - Read-only build process\n  - **Steps:**\n    ```bash\n    # 1. Navigate to project\n    cd /home/elron/services/crm-lite/crm-app\n\n    # 2. Check current state\n    ls -la dist/  # Should not exist or be empty\n    cat package.json | grep scripts  # Verify build command exists\n\n    # 3. Install dependencies if needed\n    npm install\n\n    # 4. Run production build\n    npm run build\n\n    # 5. Verify dist/ directory created\n    ls -la dist/\n    du -sh dist/\n\n    # 6. Test site access\n    curl -I https://crmlite.coriathost.cloud\n    ```\n  - **Success Criteria:**\n    - `dist/` directory exists with HTML/JS/CSS files\n    - Site loads in browser at crmlite.coriathost.cloud\n    - No 404 errors\n  - **Log Results:** Update "Completed Jobs" section with findings\n\n- [x] **TASK 1.2: Change n8n Default Password** [15 minutes] ✅ COMPLETED	/root/AI_JOBS.md	{}	{memory:second-brain,source:ai_jobs,contract:v1}	0.900	review_30d	applied	importer	f	2026-03-08 11:07:07.120352+00	2026-03-08 11:07:07.120352+00
2d9f6feb-c2cf-447f-b154-dae1690ca84f	AI_JOBS Snapshot	Last Updated: 2026-03-08 11:54 UTC\n# AI Agent Job Tracker\n\n**Location:** `/root/AI_JOBS.md` (VPS-specific, not in git)\n**Purpose:** Centralized task tracking for all AI agents working on this VPS\n**Template:** `/root/policies-repo/AI_JOBS_TEMPLATE.md` (in git)\n**Sync Script:** `/root/sync-jobs.sh` (use `./sync-jobs.sh status`)\n**Last Updated:** 2026-03-08 09:57 UTC\n**File Size:** 29KB+ (975+ lines)\n**Total Tasks:** 18 (16 completed, 2 remaining)\n**Shared Context:** `/root/policies-repo/shared-context/` (NEW - see below)\n\n---\n\n## 📋 Instructions for AI Agents\n\n### How to Use This Document\n\n1. **READ this document** at the start of your session to understand pending work\n2. **READ any `general*.*` files** at the start of each conversation in:\n   - `/root/.codex/skills/`\n   - `/root/policies-repo/skills/`\n   - `/root/policies-repo/shared-context/` (if applicable)\n3. **UPDATE this document** when you:\n   - Complete a job (move to "Completed" section)\n   - Discover new jobs (add to appropriate section)\n   - Change job status or priority\n   - Find important information/conclusions\n4. **LOG your work** in the "Agent Activity Log" section at the bottom\n5. **ALWAYS** update the "Last Updated" date at the top\n\n### Update Format\n\nWhen you complete a job:\n```markdown\n## Completed Jobs\n- ✅ [Date] Job description\n  - **Agent:** Your identifier (Claude/Gemini/Codex)\n  - **Conclusions:** Key findings, decisions made, issues encountered\n  - **Related files:** Paths to files created/modified\n```\n\nWhen you discover a new job:\n```markdown\n## [Appropriate Section]\n- ⚠️ **[PRIORITY]** Job description\n  - **Context:** Why this is needed\n  - **Estimated effort:** Small/Medium/Large\n```\n\n---\n\n## 🎯 MASTER ACTION PLAN & CHECKLIST\n\n### 🔗 Active Major Plan: Unified Data Architecture\n**File:** `/root/policies-repo/plans/UNIFIED_ARCHITECTURE_PLAN.md`\n**Goal:** Migrate Flow Control to Postgres, Consolidate Databases, Unified Directus Backend.\n\n### 📅 PHASE 1: Immediate (Do This Week)\n\n#### Context\nFix broken services and critical security issues that pose immediate risk.\n\n#### Checklist\n\n- [x] **TASK 1.0: Unified Architecture - Phase 1-4 (Complete Migration)** ✅ COMPLETED\n  - **Why:** Essential preparation for merging databases and migrating Flow Control.\n  - **Plan:** See `/root/policies-repo/plans/UNIFIED_ARCHITECTURE_PLAN.md`\n  - **Achievements:**\n    1.  **Flow Control:** Migrated from SQLite to Postgres (Schema: `inventory`).\n    2.  **Databases:** Consolidated `expiry-alert` and `hycrm` into `flow-control-db` (Postgres 15).\n    3.  **Directus:** Unified instance on Port 8055 serving `db`, `crm`, and `expiryalert`.\n    4.  **CRM:** Migrated to `crm` schema.\n  - **Status:** ✅ COMPLETED (2026-02-02)\n\n- [x] **TASK 1.4: Troubleshoot Flow Control Dashboard & Remove 'base44'** ✅ COMPLETED\n  - **Why:** User reports dashboard not loading; Caddy shows "stream closed" errors. Also needs branding cleanup.\n  - **Impact:** HIGH - Production service degraded/down.\n  - **Root Cause:** Backend API server was not running. The TypeScript server needed to be built and started, and Caddy needed API proxy configuration.\n  - **Solution:**\n    1. Built TypeScript server (`npm run build` in /opt/flow-control/app/server/)\n    2. Started API with PM2 (`pm2 start dist/src/server.js --name flow-api`)\n    3. Added API proxy to Caddy (`/api/*` → 127.0.0.1:4000)\n    4. Removed base44 URLs from CSP headers and Layout.jsx\n    5. Created new favicon.svg, rebuilt frontend container\n  - **Status:** ✅ COMPLETED (2026-01-21)\n\n- [x] **TASK 1.1: Build & Deploy CRM-Lite** [30 minutes] ✅ COMPLETED\n  - **Why:** Site is configured but returning 404 errors, affecting user experience\n  - **Impact:** HIGH - User-facing service is down\n  - **Risk:** LOW - Read-only build process\n  - **Steps:**\n    ```bash\n    # 1. Navigate to project\n    cd /home/elron/services/crm-lite/crm-app\n\n    # 2. Check current state\n    ls -la dist/  # Should not exist or be empty\n    cat package.json | grep scripts  # Verify build command exists\n\n    # 3. Install dependencies if needed\n    npm install\n\n    # 4. Run production build\n    npm run build\n\n    # 5. Verify dist/ directory created\n    ls -la dist/\n    du -sh dist/\n\n    # 6. Test site access\n    curl -I https://crmlite.coriathost.cloud\n    ```\n  - **Success Criteria:**\n    - `dist/` directory exists with HTML/JS/CSS files\n    - Site loads in browser at crmlite.coriathost.cloud\n    - No 404 errors\n  - **Log Results:** Update "Completed Jobs" section with findings\n\n- [x] **TASK 1.2: Change n8n Default Password** [15 minutes] ✅ COMPLETED	/root/AI_JOBS.md	{}	{memory:second-brain,source:ai_jobs,contract:v1}	0.900	review_30d	applied	importer	f	2026-03-08 12:07:09.328373+00	2026-03-08 12:07:09.328373+00
de794b83-374c-4cba-9f0c-e1915af741ac	AI_JOBS Snapshot	Last Updated: 2026-02-27 09:58 UTC\n# AI Agent Job Tracker\n\n**Location:** `/root/AI_JOBS.md` (VPS-specific, not in git)\n**Purpose:** Centralized task tracking for all AI agents working on this VPS\n**Template:** `/root/policies-repo/AI_JOBS_TEMPLATE.md` (in git)\n**Sync Script:** `/root/sync-jobs.sh` (use `./sync-jobs.sh status`)\n**Last Updated:** 2026-02-27 09:58 UTC\n**File Size:** 29KB+ (975+ lines)\n**Total Tasks:** 18 (15 completed, 3 remaining)\n**Shared Context:** `/root/policies-repo/shared-context/` (NEW - see below)\n\n---\n\n## 📋 Instructions for AI Agents\n\n### How to Use This Document\n\n1. **READ this document** at the start of your session to understand pending work\n2. **READ any `general*.*` files** at the start of each conversation in:\n   - `/root/.codex/skills/`\n   - `/root/policies-repo/skills/`\n   - `/root/policies-repo/shared-context/` (if applicable)\n3. **UPDATE this document** when you:\n   - Complete a job (move to "Completed" section)\n   - Discover new jobs (add to appropriate section)\n   - Change job status or priority\n   - Find important information/conclusions\n4. **LOG your work** in the "Agent Activity Log" section at the bottom\n5. **ALWAYS** update the "Last Updated" date at the top\n\n### Update Format\n\nWhen you complete a job:\n```markdown\n## Completed Jobs\n- ✅ [Date] Job description\n  - **Agent:** Your identifier (Claude/Gemini/Codex)\n  - **Conclusions:** Key findings, decisions made, issues encountered\n  - **Related files:** Paths to files created/modified\n```\n\nWhen you discover a new job:\n```markdown\n## [Appropriate Section]\n- ⚠️ **[PRIORITY]** Job description\n  - **Context:** Why this is needed\n  - **Estimated effort:** Small/Medium/Large\n```\n\n---\n\n## 🎯 MASTER ACTION PLAN & CHECKLIST\n\n### 🔗 Active Major Plan: Unified Data Architecture\n**File:** `/root/policies-repo/plans/UNIFIED_ARCHITECTURE_PLAN.md`\n**Goal:** Migrate Flow Control to Postgres, Consolidate Databases, Unified Directus Backend.\n\n### 📅 PHASE 1: Immediate (Do This Week)\n\n#### Context\nFix broken services and critical security issues that pose immediate risk.\n\n#### Checklist\n\n- [x] **TASK 1.0: Unified Architecture - Phase 1-4 (Complete Migration)** ✅ COMPLETED\n  - **Why:** Essential preparation for merging databases and migrating Flow Control.\n  - **Plan:** See `/root/policies-repo/plans/UNIFIED_ARCHITECTURE_PLAN.md`\n  - **Achievements:**\n    1.  **Flow Control:** Migrated from SQLite to Postgres (Schema: `inventory`).\n    2.  **Databases:** Consolidated `expiry-alert` and `hycrm` into `flow-control-db` (Postgres 15).\n    3.  **Directus:** Unified instance on Port 8055 serving `db`, `crm`, and `expiryalert`.\n    4.  **CRM:** Migrated to `crm` schema.\n  - **Status:** ✅ COMPLETED (2026-02-02)\n\n- [x] **TASK 1.4: Troubleshoot Flow Control Dashboard & Remove 'base44'** ✅ COMPLETED\n  - **Why:** User reports dashboard not loading; Caddy shows "stream closed" errors. Also needs branding cleanup.\n  - **Impact:** HIGH - Production service degraded/down.\n  - **Root Cause:** Backend API server was not running. The TypeScript server needed to be built and started, and Caddy needed API proxy configuration.\n  - **Solution:**\n    1. Built TypeScript server (`npm run build` in /opt/flow-control/app/server/)\n    2. Started API with PM2 (`pm2 start dist/src/server.js --name flow-api`)\n    3. Added API proxy to Caddy (`/api/*` → 127.0.0.1:4000)\n    4. Removed base44 URLs from CSP headers and Layout.jsx\n    5. Created new favicon.svg, rebuilt frontend container\n  - **Status:** ✅ COMPLETED (2026-01-21)\n\n- [x] **TASK 1.1: Build & Deploy CRM-Lite** [30 minutes] ✅ COMPLETED\n  - **Why:** Site is configured but returning 404 errors, affecting user experience\n  - **Impact:** HIGH - User-facing service is down\n  - **Risk:** LOW - Read-only build process\n  - **Steps:**\n    ```bash\n    # 1. Navigate to project\n    cd /home/elron/services/crm-lite/crm-app\n\n    # 2. Check current state\n    ls -la dist/  # Should not exist or be empty\n    cat package.json | grep scripts  # Verify build command exists\n\n    # 3. Install dependencies if needed\n    npm install\n\n    # 4. Run production build\n    npm run build\n\n    # 5. Verify dist/ directory created\n    ls -la dist/\n    du -sh dist/\n\n    # 6. Test site access\n    curl -I https://crmlite.coriathost.cloud\n    ```\n  - **Success Criteria:**\n    - `dist/` directory exists with HTML/JS/CSS files\n    - Site loads in browser at crmlite.coriathost.cloud\n    - No 404 errors\n  - **Log Results:** Update "Completed Jobs" section with findings\n\n- [x] **TASK 1.2: Change n8n Default Password** [15 minutes] ✅ COMPLETED	/root/AI_JOBS.md	{}	{memory:second-brain,source:ai_jobs,contract:v1}	0.900	review_30d	applied	importer	f	2026-02-27 10:08:58.57694+00	2026-02-27 10:08:58.57694+00
21e0f516-1295-4329-aad2-a6d7fddb6fa7	Staging acceptance memory	Medium-risk memory proposal for acceptance gate.	/root/second-brain/scripts/run_staging_acceptance_gate.sh	{16ac6481-0541-4c05-90f5-aa93e57e07a8}	{memory:second-brain,source:acceptance,contract:v1}	0.800	review_30d	applied	agent	f	2026-02-27 10:38:26.99541+00	2026-02-27 10:38:26.99541+00
def74955-2709-43f0-8935-f8c72026acb0	WEEKLY_PROGRESS.md	# Bi-Weekly Progress Report\n\n**Period:** 2026-P (2025-12-18 to 2025-12-31)\n**Last Updated:** 2026-03-01 03:00:02 UTC\n**Auto-Update:** Every 10 minutes via cron\n\n---\n\n## Previous Period Summary\n\n**Archived Period:** 2026-W05 (Jan 27 - Feb 2)\n- Tasks completed: ~0\n0\n- Sessions recorded: ~187\n- Containers healthy: 11\n\n*Full archive: `/root/ai-progress/progress-history/`*\n\n---\n\n## Active Sessions\n\n| Agent | Started | Last Activity | Working On |\n|-------|---------|---------------|------------|\n| - | - | - | - |\n\n---\n\n## Session Summaries\n\n| Date | Agent | Summary File | Description |\n|------|-------|--------------|-------------|\n| - | - | - | - |\n\n---\n\n## This Period's Activity\n\n### Week 09 (2026-03-01 - 2026-03-07)\n\n*No activity logged yet*\n\n---\n\n## Container Health Summary\n\n```\nContainer               Status          Last Checked\n---------               ------          ------------\n(run docker ps to update)\n```\n\n---\n\n## System Health\n\n| Metric | Value | Status |\n|--------|-------|--------|\n| Disk Usage | - | - |\n| Memory | - | - |	/root/policies-repo/shared-context/progress/WEEKLY_PROGRESS.md	{}	{memory:second-brain,source:shared_context,contract:v1}	0.800	review_30d	applied	importer	f	2026-03-01 03:07:06.613947+00	2026-03-01 03:07:06.613947+00
a56b2ec5-0f84-4fd1-9029-2ccbbb55c887	Gemini CLI and Agent Skills	Gemini CLI is installed on this VPS and has the following skills available in /root/.gemini/skills: 00-template, add-api-route, add-react-page, claude-agent-amuta-compliance-manager, claude-agent-architect, claude-agent-build-error-resolver, claude-agent-cloudflare-dns, claude-agent-code-reviewer, claude-agent-crm-accounting-compliance-manager, claude-agent-design-master, claude-agent-doc-updater, claude-agent-e2e-runner, claude-agent-gcloud-cli, claude-agent-n8n-automation, claude-agent-n8n-backup, claude-agent-n8n-credentials, claude-agent-n8n-doc-gen, claude-agent-n8n-monitor, claude-agent-n8n-node-builder, claude-agent-n8n-perf, claude-agent-n8n-resilience, claude-agent-n8n-security, claude-agent-n8n-test-runner, claude-agent-n8n-vcs, claude-agent-planner, claude-agent-refactor-cleaner, claude-agent-script-maker, claude-agent-second-brain-keeper, claude-agent-security-reviewer, claude-agent-takbull, claude-agent-tdd-guide, claude-skill-amuta-governance-implementation, claude-skill-amuta-nihul-takin, claude-skill-amuta-rasham-amutot-filings, claude-skill-backend-patterns, claude-skill-crm-accounting-compliance-orchestrator, claude-skill-frontend-patterns, claude-skill-gcloud-patterns, claude-skill-iterative-retrieval, claude-skill-n8n-node-builder-patterns, claude-skill-n8n-perf-patterns, claude-skill-n8n-resilience-patterns, claude-skill-n8n-security-patterns, claude-skill-n8n-testing-patterns, claude-skill-postgres-patterns, claude-skill-second-brain-ops, claude-skill-security-review, claude-skill-tdd-workflow, claude-skill-verification-loop, database-migration, deployment, directus-migration, getting-started, hostinger-vps-ops, n8n-automation, prd-creator, rbac-setup, script-runner, skill-maker, tables, terminal-ssh-vps, testing, ui. It operates in FULL_AUTO_GLOBAL mode. Agents can use these skills to manage VPS operations.	/root/.gemini/skills/	{}	{memory:second-brain,source:gemini,contract:v1,skills}	0.950	review_30d	applied	agent	f	2026-03-04 17:54:29.522209+00	2026-03-04 17:54:29.522209+00
d4d43f00-f875-4573-9a87-0a460f73d708	AI_JOBS Snapshot	Last Updated: 2026-03-04 19:41 UTC\n# AI Agent Job Tracker\n\n**Location:** `/root/AI_JOBS.md` (VPS-specific, not in git)\n**Purpose:** Centralized task tracking for all AI agents working on this VPS\n**Template:** `/root/policies-repo/AI_JOBS_TEMPLATE.md` (in git)\n**Sync Script:** `/root/sync-jobs.sh` (use `./sync-jobs.sh status`)\n**Last Updated:** 2026-03-04 19:41 UTC\n**File Size:** 29KB+ (975+ lines)\n**Total Tasks:** 18 (15 completed, 3 remaining)\n**Shared Context:** `/root/policies-repo/shared-context/` (NEW - see below)\n\n---\n\n## 📋 Instructions for AI Agents\n\n### How to Use This Document\n\n1. **READ this document** at the start of your session to understand pending work\n2. **READ any `general*.*` files** at the start of each conversation in:\n   - `/root/.codex/skills/`\n   - `/root/policies-repo/skills/`\n   - `/root/policies-repo/shared-context/` (if applicable)\n3. **UPDATE this document** when you:\n   - Complete a job (move to "Completed" section)\n   - Discover new jobs (add to appropriate section)\n   - Change job status or priority\n   - Find important information/conclusions\n4. **LOG your work** in the "Agent Activity Log" section at the bottom\n5. **ALWAYS** update the "Last Updated" date at the top\n\n### Update Format\n\nWhen you complete a job:\n```markdown\n## Completed Jobs\n- ✅ [Date] Job description\n  - **Agent:** Your identifier (Claude/Gemini/Codex)\n  - **Conclusions:** Key findings, decisions made, issues encountered\n  - **Related files:** Paths to files created/modified\n```\n\nWhen you discover a new job:\n```markdown\n## [Appropriate Section]\n- ⚠️ **[PRIORITY]** Job description\n  - **Context:** Why this is needed\n  - **Estimated effort:** Small/Medium/Large\n```\n\n---\n\n## 🎯 MASTER ACTION PLAN & CHECKLIST\n\n### 🔗 Active Major Plan: Unified Data Architecture\n**File:** `/root/policies-repo/plans/UNIFIED_ARCHITECTURE_PLAN.md`\n**Goal:** Migrate Flow Control to Postgres, Consolidate Databases, Unified Directus Backend.\n\n### 📅 PHASE 1: Immediate (Do This Week)\n\n#### Context\nFix broken services and critical security issues that pose immediate risk.\n\n#### Checklist\n\n- [x] **TASK 1.0: Unified Architecture - Phase 1-4 (Complete Migration)** ✅ COMPLETED\n  - **Why:** Essential preparation for merging databases and migrating Flow Control.\n  - **Plan:** See `/root/policies-repo/plans/UNIFIED_ARCHITECTURE_PLAN.md`\n  - **Achievements:**\n    1.  **Flow Control:** Migrated from SQLite to Postgres (Schema: `inventory`).\n    2.  **Databases:** Consolidated `expiry-alert` and `hycrm` into `flow-control-db` (Postgres 15).\n    3.  **Directus:** Unified instance on Port 8055 serving `db`, `crm`, and `expiryalert`.\n    4.  **CRM:** Migrated to `crm` schema.\n  - **Status:** ✅ COMPLETED (2026-02-02)\n\n- [x] **TASK 1.4: Troubleshoot Flow Control Dashboard & Remove 'base44'** ✅ COMPLETED\n  - **Why:** User reports dashboard not loading; Caddy shows "stream closed" errors. Also needs branding cleanup.\n  - **Impact:** HIGH - Production service degraded/down.\n  - **Root Cause:** Backend API server was not running. The TypeScript server needed to be built and started, and Caddy needed API proxy configuration.\n  - **Solution:**\n    1. Built TypeScript server (`npm run build` in /opt/flow-control/app/server/)\n    2. Started API with PM2 (`pm2 start dist/src/server.js --name flow-api`)\n    3. Added API proxy to Caddy (`/api/*` → 127.0.0.1:4000)\n    4. Removed base44 URLs from CSP headers and Layout.jsx\n    5. Created new favicon.svg, rebuilt frontend container\n  - **Status:** ✅ COMPLETED (2026-01-21)\n\n- [x] **TASK 1.1: Build & Deploy CRM-Lite** [30 minutes] ✅ COMPLETED\n  - **Why:** Site is configured but returning 404 errors, affecting user experience\n  - **Impact:** HIGH - User-facing service is down\n  - **Risk:** LOW - Read-only build process\n  - **Steps:**\n    ```bash\n    # 1. Navigate to project\n    cd /home/elron/services/crm-lite/crm-app\n\n    # 2. Check current state\n    ls -la dist/  # Should not exist or be empty\n    cat package.json | grep scripts  # Verify build command exists\n\n    # 3. Install dependencies if needed\n    npm install\n\n    # 4. Run production build\n    npm run build\n\n    # 5. Verify dist/ directory created\n    ls -la dist/\n    du -sh dist/\n\n    # 6. Test site access\n    curl -I https://crmlite.coriathost.cloud\n    ```\n  - **Success Criteria:**\n    - `dist/` directory exists with HTML/JS/CSS files\n    - Site loads in browser at crmlite.coriathost.cloud\n    - No 404 errors\n  - **Log Results:** Update "Completed Jobs" section with findings\n\n- [x] **TASK 1.2: Change n8n Default Password** [15 minutes] ✅ COMPLETED	/root/AI_JOBS.md	{}	{memory:second-brain,source:ai_jobs,contract:v1}	0.900	review_30d	applied	importer	f	2026-03-04 20:07:07.123776+00	2026-03-04 20:07:07.123776+00
f2b066af-d5dc-432d-a7a1-8d386b720a73	AI_JOBS Snapshot	Last Updated: 2026-03-06 10:32 UTC\n# AI Agent Job Tracker\n\n**Location:** `/root/AI_JOBS.md` (VPS-specific, not in git)\n**Purpose:** Centralized task tracking for all AI agents working on this VPS\n**Template:** `/root/policies-repo/AI_JOBS_TEMPLATE.md` (in git)\n**Sync Script:** `/root/sync-jobs.sh` (use `./sync-jobs.sh status`)\n**Last Updated:** 2026-03-06 10:32 UTC\n**File Size:** 29KB+ (975+ lines)\n**Total Tasks:** 18 (15 completed, 3 remaining)\n**Shared Context:** `/root/policies-repo/shared-context/` (NEW - see below)\n\n---\n\n## 📋 Instructions for AI Agents\n\n### How to Use This Document\n\n1. **READ this document** at the start of your session to understand pending work\n2. **READ any `general*.*` files** at the start of each conversation in:\n   - `/root/.codex/skills/`\n   - `/root/policies-repo/skills/`\n   - `/root/policies-repo/shared-context/` (if applicable)\n3. **UPDATE this document** when you:\n   - Complete a job (move to "Completed" section)\n   - Discover new jobs (add to appropriate section)\n   - Change job status or priority\n   - Find important information/conclusions\n4. **LOG your work** in the "Agent Activity Log" section at the bottom\n5. **ALWAYS** update the "Last Updated" date at the top\n\n### Update Format\n\nWhen you complete a job:\n```markdown\n## Completed Jobs\n- ✅ [Date] Job description\n  - **Agent:** Your identifier (Claude/Gemini/Codex)\n  - **Conclusions:** Key findings, decisions made, issues encountered\n  - **Related files:** Paths to files created/modified\n```\n\nWhen you discover a new job:\n```markdown\n## [Appropriate Section]\n- ⚠️ **[PRIORITY]** Job description\n  - **Context:** Why this is needed\n  - **Estimated effort:** Small/Medium/Large\n```\n\n---\n\n## 🎯 MASTER ACTION PLAN & CHECKLIST\n\n### 🔗 Active Major Plan: Unified Data Architecture\n**File:** `/root/policies-repo/plans/UNIFIED_ARCHITECTURE_PLAN.md`\n**Goal:** Migrate Flow Control to Postgres, Consolidate Databases, Unified Directus Backend.\n\n### 📅 PHASE 1: Immediate (Do This Week)\n\n#### Context\nFix broken services and critical security issues that pose immediate risk.\n\n#### Checklist\n\n- [x] **TASK 1.0: Unified Architecture - Phase 1-4 (Complete Migration)** ✅ COMPLETED\n  - **Why:** Essential preparation for merging databases and migrating Flow Control.\n  - **Plan:** See `/root/policies-repo/plans/UNIFIED_ARCHITECTURE_PLAN.md`\n  - **Achievements:**\n    1.  **Flow Control:** Migrated from SQLite to Postgres (Schema: `inventory`).\n    2.  **Databases:** Consolidated `expiry-alert` and `hycrm` into `flow-control-db` (Postgres 15).\n    3.  **Directus:** Unified instance on Port 8055 serving `db`, `crm`, and `expiryalert`.\n    4.  **CRM:** Migrated to `crm` schema.\n  - **Status:** ✅ COMPLETED (2026-02-02)\n\n- [x] **TASK 1.4: Troubleshoot Flow Control Dashboard & Remove 'base44'** ✅ COMPLETED\n  - **Why:** User reports dashboard not loading; Caddy shows "stream closed" errors. Also needs branding cleanup.\n  - **Impact:** HIGH - Production service degraded/down.\n  - **Root Cause:** Backend API server was not running. The TypeScript server needed to be built and started, and Caddy needed API proxy configuration.\n  - **Solution:**\n    1. Built TypeScript server (`npm run build` in /opt/flow-control/app/server/)\n    2. Started API with PM2 (`pm2 start dist/src/server.js --name flow-api`)\n    3. Added API proxy to Caddy (`/api/*` → 127.0.0.1:4000)\n    4. Removed base44 URLs from CSP headers and Layout.jsx\n    5. Created new favicon.svg, rebuilt frontend container\n  - **Status:** ✅ COMPLETED (2026-01-21)\n\n- [x] **TASK 1.1: Build & Deploy CRM-Lite** [30 minutes] ✅ COMPLETED\n  - **Why:** Site is configured but returning 404 errors, affecting user experience\n  - **Impact:** HIGH - User-facing service is down\n  - **Risk:** LOW - Read-only build process\n  - **Steps:**\n    ```bash\n    # 1. Navigate to project\n    cd /home/elron/services/crm-lite/crm-app\n\n    # 2. Check current state\n    ls -la dist/  # Should not exist or be empty\n    cat package.json | grep scripts  # Verify build command exists\n\n    # 3. Install dependencies if needed\n    npm install\n\n    # 4. Run production build\n    npm run build\n\n    # 5. Verify dist/ directory created\n    ls -la dist/\n    du -sh dist/\n\n    # 6. Test site access\n    curl -I https://crmlite.coriathost.cloud\n    ```\n  - **Success Criteria:**\n    - `dist/` directory exists with HTML/JS/CSS files\n    - Site loads in browser at crmlite.coriathost.cloud\n    - No 404 errors\n  - **Log Results:** Update "Completed Jobs" section with findings\n\n- [x] **TASK 1.2: Change n8n Default Password** [15 minutes] ✅ COMPLETED	/root/AI_JOBS.md	{}	{memory:second-brain,source:ai_jobs,contract:v1}	0.900	review_30d	applied	importer	f	2026-03-06 11:07:07.459486+00	2026-03-06 11:07:07.459486+00
a3390abd-5602-460f-80e8-36723fd56560	Staging acceptance memory	Medium-risk memory proposal for acceptance gate.	/root/second-brain/scripts/run_staging_acceptance_gate.sh	{814260cd-778f-4e15-bd4c-6cce957661f0}	{memory:second-brain,source:acceptance,contract:v1}	0.800	review_30d	applied	agent	f	2026-03-06 13:26:13.250704+00	2026-03-06 13:26:13.250704+00
95b3be6a-5ff4-4cbd-a63a-424e16ab6470	Staging acceptance memory	Medium-risk memory proposal for acceptance gate.	/root/second-brain/scripts/run_staging_acceptance_gate.sh	{183b8ddd-3e4b-4465-af5c-efd5027c8416}	{memory:second-brain,source:acceptance,contract:v1}	0.800	review_30d	applied	agent	f	2026-03-06 14:35:06.572135+00	2026-03-06 14:35:06.572135+00
5b171761-c391-451d-aa70-50913e917c00	n8n SMTP alias/auth split for hello@merkazneshama.co.il	Production n8n at auto.coriathost.cloud now sends SMTP with visible From hello@merkazneshama.co.il while authenticating to smtp.gmail.com as hoshenyehuda@gmail.com using a Google app password. The active workflows updated are Lesson Media Pipeline (Webhook) - v2 (Psi1HjqZw7Zpr1MN) and Video Pipeline - Error Handler (3da2c7ba-7ed5-4da7-b6af-96a843730aa3). Compose env was aligned with SMTP_FROM_EMAIL and SMTP_AUTH_USER, and smoke test sending from the n8n container succeeded.	/home/elron/services/n8n/.env	{}	{n8n,smtp,gmail-alias,workspace,env:prod}	0.960	persistent	applied	agent	f	2026-03-08 11:16:32.089482+00	2026-03-08 11:16:32.089482+00
fe42a79b-d713-4709-87d3-f2655571ef5f	Staging acceptance memory	Medium-risk memory proposal for acceptance gate.	/root/second-brain/scripts/run_staging_acceptance_gate.sh	{}	{memory:second-brain,source:acceptance,contract:v1}	0.800	review_30d	applied	agent	f	2026-02-27 10:09:27.764029+00	2026-02-27 10:09:27.764029+00
f5e0b8a6-d763-4d3f-a2c5-6d2e1b76c5ac	AI_JOBS Snapshot	Last Updated: 2026-02-27 10:39 UTC\n# AI Agent Job Tracker\n\n**Location:** `/root/AI_JOBS.md` (VPS-specific, not in git)\n**Purpose:** Centralized task tracking for all AI agents working on this VPS\n**Template:** `/root/policies-repo/AI_JOBS_TEMPLATE.md` (in git)\n**Sync Script:** `/root/sync-jobs.sh` (use `./sync-jobs.sh status`)\n**Last Updated:** 2026-02-27 10:39 UTC\n**File Size:** 29KB+ (975+ lines)\n**Total Tasks:** 18 (15 completed, 3 remaining)\n**Shared Context:** `/root/policies-repo/shared-context/` (NEW - see below)\n\n---\n\n## 📋 Instructions for AI Agents\n\n### How to Use This Document\n\n1. **READ this document** at the start of your session to understand pending work\n2. **READ any `general*.*` files** at the start of each conversation in:\n   - `/root/.codex/skills/`\n   - `/root/policies-repo/skills/`\n   - `/root/policies-repo/shared-context/` (if applicable)\n3. **UPDATE this document** when you:\n   - Complete a job (move to "Completed" section)\n   - Discover new jobs (add to appropriate section)\n   - Change job status or priority\n   - Find important information/conclusions\n4. **LOG your work** in the "Agent Activity Log" section at the bottom\n5. **ALWAYS** update the "Last Updated" date at the top\n\n### Update Format\n\nWhen you complete a job:\n```markdown\n## Completed Jobs\n- ✅ [Date] Job description\n  - **Agent:** Your identifier (Claude/Gemini/Codex)\n  - **Conclusions:** Key findings, decisions made, issues encountered\n  - **Related files:** Paths to files created/modified\n```\n\nWhen you discover a new job:\n```markdown\n## [Appropriate Section]\n- ⚠️ **[PRIORITY]** Job description\n  - **Context:** Why this is needed\n  - **Estimated effort:** Small/Medium/Large\n```\n\n---\n\n## 🎯 MASTER ACTION PLAN & CHECKLIST\n\n### 🔗 Active Major Plan: Unified Data Architecture\n**File:** `/root/policies-repo/plans/UNIFIED_ARCHITECTURE_PLAN.md`\n**Goal:** Migrate Flow Control to Postgres, Consolidate Databases, Unified Directus Backend.\n\n### 📅 PHASE 1: Immediate (Do This Week)\n\n#### Context\nFix broken services and critical security issues that pose immediate risk.\n\n#### Checklist\n\n- [x] **TASK 1.0: Unified Architecture - Phase 1-4 (Complete Migration)** ✅ COMPLETED\n  - **Why:** Essential preparation for merging databases and migrating Flow Control.\n  - **Plan:** See `/root/policies-repo/plans/UNIFIED_ARCHITECTURE_PLAN.md`\n  - **Achievements:**\n    1.  **Flow Control:** Migrated from SQLite to Postgres (Schema: `inventory`).\n    2.  **Databases:** Consolidated `expiry-alert` and `hycrm` into `flow-control-db` (Postgres 15).\n    3.  **Directus:** Unified instance on Port 8055 serving `db`, `crm`, and `expiryalert`.\n    4.  **CRM:** Migrated to `crm` schema.\n  - **Status:** ✅ COMPLETED (2026-02-02)\n\n- [x] **TASK 1.4: Troubleshoot Flow Control Dashboard & Remove 'base44'** ✅ COMPLETED\n  - **Why:** User reports dashboard not loading; Caddy shows "stream closed" errors. Also needs branding cleanup.\n  - **Impact:** HIGH - Production service degraded/down.\n  - **Root Cause:** Backend API server was not running. The TypeScript server needed to be built and started, and Caddy needed API proxy configuration.\n  - **Solution:**\n    1. Built TypeScript server (`npm run build` in /opt/flow-control/app/server/)\n    2. Started API with PM2 (`pm2 start dist/src/server.js --name flow-api`)\n    3. Added API proxy to Caddy (`/api/*` → 127.0.0.1:4000)\n    4. Removed base44 URLs from CSP headers and Layout.jsx\n    5. Created new favicon.svg, rebuilt frontend container\n  - **Status:** ✅ COMPLETED (2026-01-21)\n\n- [x] **TASK 1.1: Build & Deploy CRM-Lite** [30 minutes] ✅ COMPLETED\n  - **Why:** Site is configured but returning 404 errors, affecting user experience\n  - **Impact:** HIGH - User-facing service is down\n  - **Risk:** LOW - Read-only build process\n  - **Steps:**\n    ```bash\n    # 1. Navigate to project\n    cd /home/elron/services/crm-lite/crm-app\n\n    # 2. Check current state\n    ls -la dist/  # Should not exist or be empty\n    cat package.json | grep scripts  # Verify build command exists\n\n    # 3. Install dependencies if needed\n    npm install\n\n    # 4. Run production build\n    npm run build\n\n    # 5. Verify dist/ directory created\n    ls -la dist/\n    du -sh dist/\n\n    # 6. Test site access\n    curl -I https://crmlite.coriathost.cloud\n    ```\n  - **Success Criteria:**\n    - `dist/` directory exists with HTML/JS/CSS files\n    - Site loads in browser at crmlite.coriathost.cloud\n    - No 404 errors\n  - **Log Results:** Update "Completed Jobs" section with findings\n\n- [x] **TASK 1.2: Change n8n Default Password** [15 minutes] ✅ COMPLETED	/root/AI_JOBS.md	{}	{memory:second-brain,source:ai_jobs,contract:v1}	0.900	review_30d	applied	importer	f	2026-02-27 11:07:06.993251+00	2026-02-27 11:07:06.993251+00
60b58b12-6a79-4be1-9050-122e9ddafa97	AI_JOBS Snapshot	Last Updated: 2026-03-01 10:04 UTC\n# AI Agent Job Tracker\n\n**Location:** `/root/AI_JOBS.md` (VPS-specific, not in git)\n**Purpose:** Centralized task tracking for all AI agents working on this VPS\n**Template:** `/root/policies-repo/AI_JOBS_TEMPLATE.md` (in git)\n**Sync Script:** `/root/sync-jobs.sh` (use `./sync-jobs.sh status`)\n**Last Updated:** 2026-03-01 10:04 UTC\n**File Size:** 29KB+ (975+ lines)\n**Total Tasks:** 18 (15 completed, 3 remaining)\n**Shared Context:** `/root/policies-repo/shared-context/` (NEW - see below)\n\n---\n\n## 📋 Instructions for AI Agents\n\n### How to Use This Document\n\n1. **READ this document** at the start of your session to understand pending work\n2. **READ any `general*.*` files** at the start of each conversation in:\n   - `/root/.codex/skills/`\n   - `/root/policies-repo/skills/`\n   - `/root/policies-repo/shared-context/` (if applicable)\n3. **UPDATE this document** when you:\n   - Complete a job (move to "Completed" section)\n   - Discover new jobs (add to appropriate section)\n   - Change job status or priority\n   - Find important information/conclusions\n4. **LOG your work** in the "Agent Activity Log" section at the bottom\n5. **ALWAYS** update the "Last Updated" date at the top\n\n### Update Format\n\nWhen you complete a job:\n```markdown\n## Completed Jobs\n- ✅ [Date] Job description\n  - **Agent:** Your identifier (Claude/Gemini/Codex)\n  - **Conclusions:** Key findings, decisions made, issues encountered\n  - **Related files:** Paths to files created/modified\n```\n\nWhen you discover a new job:\n```markdown\n## [Appropriate Section]\n- ⚠️ **[PRIORITY]** Job description\n  - **Context:** Why this is needed\n  - **Estimated effort:** Small/Medium/Large\n```\n\n---\n\n## 🎯 MASTER ACTION PLAN & CHECKLIST\n\n### 🔗 Active Major Plan: Unified Data Architecture\n**File:** `/root/policies-repo/plans/UNIFIED_ARCHITECTURE_PLAN.md`\n**Goal:** Migrate Flow Control to Postgres, Consolidate Databases, Unified Directus Backend.\n\n### 📅 PHASE 1: Immediate (Do This Week)\n\n#### Context\nFix broken services and critical security issues that pose immediate risk.\n\n#### Checklist\n\n- [x] **TASK 1.0: Unified Architecture - Phase 1-4 (Complete Migration)** ✅ COMPLETED\n  - **Why:** Essential preparation for merging databases and migrating Flow Control.\n  - **Plan:** See `/root/policies-repo/plans/UNIFIED_ARCHITECTURE_PLAN.md`\n  - **Achievements:**\n    1.  **Flow Control:** Migrated from SQLite to Postgres (Schema: `inventory`).\n    2.  **Databases:** Consolidated `expiry-alert` and `hycrm` into `flow-control-db` (Postgres 15).\n    3.  **Directus:** Unified instance on Port 8055 serving `db`, `crm`, and `expiryalert`.\n    4.  **CRM:** Migrated to `crm` schema.\n  - **Status:** ✅ COMPLETED (2026-02-02)\n\n- [x] **TASK 1.4: Troubleshoot Flow Control Dashboard & Remove 'base44'** ✅ COMPLETED\n  - **Why:** User reports dashboard not loading; Caddy shows "stream closed" errors. Also needs branding cleanup.\n  - **Impact:** HIGH - Production service degraded/down.\n  - **Root Cause:** Backend API server was not running. The TypeScript server needed to be built and started, and Caddy needed API proxy configuration.\n  - **Solution:**\n    1. Built TypeScript server (`npm run build` in /opt/flow-control/app/server/)\n    2. Started API with PM2 (`pm2 start dist/src/server.js --name flow-api`)\n    3. Added API proxy to Caddy (`/api/*` → 127.0.0.1:4000)\n    4. Removed base44 URLs from CSP headers and Layout.jsx\n    5. Created new favicon.svg, rebuilt frontend container\n  - **Status:** ✅ COMPLETED (2026-01-21)\n\n- [x] **TASK 1.1: Build & Deploy CRM-Lite** [30 minutes] ✅ COMPLETED\n  - **Why:** Site is configured but returning 404 errors, affecting user experience\n  - **Impact:** HIGH - User-facing service is down\n  - **Risk:** LOW - Read-only build process\n  - **Steps:**\n    ```bash\n    # 1. Navigate to project\n    cd /home/elron/services/crm-lite/crm-app\n\n    # 2. Check current state\n    ls -la dist/  # Should not exist or be empty\n    cat package.json | grep scripts  # Verify build command exists\n\n    # 3. Install dependencies if needed\n    npm install\n\n    # 4. Run production build\n    npm run build\n\n    # 5. Verify dist/ directory created\n    ls -la dist/\n    du -sh dist/\n\n    # 6. Test site access\n    curl -I https://crmlite.coriathost.cloud\n    ```\n  - **Success Criteria:**\n    - `dist/` directory exists with HTML/JS/CSS files\n    - Site loads in browser at crmlite.coriathost.cloud\n    - No 404 errors\n  - **Log Results:** Update "Completed Jobs" section with findings\n\n- [x] **TASK 1.2: Change n8n Default Password** [15 minutes] ✅ COMPLETED	/root/AI_JOBS.md	{}	{memory:second-brain,source:ai_jobs,contract:v1}	0.900	review_30d	applied	importer	f	2026-03-01 10:07:07.204807+00	2026-03-01 10:07:07.204807+00
f118bd44-1281-4dd6-9ab9-707d928be41b	AI_JOBS Snapshot	Last Updated: 2026-03-04 17:58 UTC\n# AI Agent Job Tracker\n\n**Location:** `/root/AI_JOBS.md` (VPS-specific, not in git)\n**Purpose:** Centralized task tracking for all AI agents working on this VPS\n**Template:** `/root/policies-repo/AI_JOBS_TEMPLATE.md` (in git)\n**Sync Script:** `/root/sync-jobs.sh` (use `./sync-jobs.sh status`)\n**Last Updated:** 2026-03-04 17:17 UTC\n**File Size:** 29KB+ (975+ lines)\n**Total Tasks:** 18 (15 completed, 3 remaining)\n**Shared Context:** `/root/policies-repo/shared-context/` (NEW - see below)\n\n---\n\n## 📋 Instructions for AI Agents\n\n### How to Use This Document\n\n1. **READ this document** at the start of your session to understand pending work\n2. **READ any `general*.*` files** at the start of each conversation in:\n   - `/root/.codex/skills/`\n   - `/root/policies-repo/skills/`\n   - `/root/policies-repo/shared-context/` (if applicable)\n3. **UPDATE this document** when you:\n   - Complete a job (move to "Completed" section)\n   - Discover new jobs (add to appropriate section)\n   - Change job status or priority\n   - Find important information/conclusions\n4. **LOG your work** in the "Agent Activity Log" section at the bottom\n5. **ALWAYS** update the "Last Updated" date at the top\n\n### Update Format\n\nWhen you complete a job:\n```markdown\n## Completed Jobs\n- ✅ [Date] Job description\n  - **Agent:** Your identifier (Claude/Gemini/Codex)\n  - **Conclusions:** Key findings, decisions made, issues encountered\n  - **Related files:** Paths to files created/modified\n```\n\nWhen you discover a new job:\n```markdown\n## [Appropriate Section]\n- ⚠️ **[PRIORITY]** Job description\n  - **Context:** Why this is needed\n  - **Estimated effort:** Small/Medium/Large\n```\n\n---\n\n## 🎯 MASTER ACTION PLAN & CHECKLIST\n\n### 🔗 Active Major Plan: Unified Data Architecture\n**File:** `/root/policies-repo/plans/UNIFIED_ARCHITECTURE_PLAN.md`\n**Goal:** Migrate Flow Control to Postgres, Consolidate Databases, Unified Directus Backend.\n\n### 📅 PHASE 1: Immediate (Do This Week)\n\n#### Context\nFix broken services and critical security issues that pose immediate risk.\n\n#### Checklist\n\n- [x] **TASK 1.0: Unified Architecture - Phase 1-4 (Complete Migration)** ✅ COMPLETED\n  - **Why:** Essential preparation for merging databases and migrating Flow Control.\n  - **Plan:** See `/root/policies-repo/plans/UNIFIED_ARCHITECTURE_PLAN.md`\n  - **Achievements:**\n    1.  **Flow Control:** Migrated from SQLite to Postgres (Schema: `inventory`).\n    2.  **Databases:** Consolidated `expiry-alert` and `hycrm` into `flow-control-db` (Postgres 15).\n    3.  **Directus:** Unified instance on Port 8055 serving `db`, `crm`, and `expiryalert`.\n    4.  **CRM:** Migrated to `crm` schema.\n  - **Status:** ✅ COMPLETED (2026-02-02)\n\n- [x] **TASK 1.4: Troubleshoot Flow Control Dashboard & Remove 'base44'** ✅ COMPLETED\n  - **Why:** User reports dashboard not loading; Caddy shows "stream closed" errors. Also needs branding cleanup.\n  - **Impact:** HIGH - Production service degraded/down.\n  - **Root Cause:** Backend API server was not running. The TypeScript server needed to be built and started, and Caddy needed API proxy configuration.\n  - **Solution:**\n    1. Built TypeScript server (`npm run build` in /opt/flow-control/app/server/)\n    2. Started API with PM2 (`pm2 start dist/src/server.js --name flow-api`)\n    3. Added API proxy to Caddy (`/api/*` → 127.0.0.1:4000)\n    4. Removed base44 URLs from CSP headers and Layout.jsx\n    5. Created new favicon.svg, rebuilt frontend container\n  - **Status:** ✅ COMPLETED (2026-01-21)\n\n- [x] **TASK 1.1: Build & Deploy CRM-Lite** [30 minutes] ✅ COMPLETED\n  - **Why:** Site is configured but returning 404 errors, affecting user experience\n  - **Impact:** HIGH - User-facing service is down\n  - **Risk:** LOW - Read-only build process\n  - **Steps:**\n    ```bash\n    # 1. Navigate to project\n    cd /home/elron/services/crm-lite/crm-app\n\n    # 2. Check current state\n    ls -la dist/  # Should not exist or be empty\n    cat package.json | grep scripts  # Verify build command exists\n\n    # 3. Install dependencies if needed\n    npm install\n\n    # 4. Run production build\n    npm run build\n\n    # 5. Verify dist/ directory created\n    ls -la dist/\n    du -sh dist/\n\n    # 6. Test site access\n    curl -I https://crmlite.coriathost.cloud\n    ```\n  - **Success Criteria:**\n    - `dist/` directory exists with HTML/JS/CSS files\n    - Site loads in browser at crmlite.coriathost.cloud\n    - No 404 errors\n  - **Log Results:** Update "Completed Jobs" section with findings\n\n- [x] **TASK 1.2: Change n8n Default Password** [15 minutes] ✅ COMPLETED	/root/AI_JOBS.md	{}	{memory:second-brain,source:ai_jobs,contract:v1}	0.900	review_30d	applied	importer	f	2026-03-04 18:07:10.045316+00	2026-03-04 18:07:10.045316+00
ca46595e-3c2a-45bf-acc8-863f5258279d	Gemini CLI and Agent Skills	Gemini CLI is installed with skills: 00-template,add-api-route,add-react-page,claude-agent-amuta-compliance-manager,claude-agent-architect,claude-agent-build-error-resolver,claude-agent-cloudflare-dns,claude-agent-code-reviewer,claude-agent-crm-accounting-compliance-manager,claude-agent-design-master,claude-agent-doc-updater,claude-agent-e2e-runner,claude-agent-gcloud-cli,claude-agent-n8n-automation,claude-agent-n8n-backup,claude-agent-n8n-credentials,claude-agent-n8n-doc-gen,claude-agent-n8n-monitor,claude-agent-n8n-node-builder,claude-agent-n8n-perf,claude-agent-n8n-resilience,claude-agent-n8n-security,claude-agent-n8n-test-runner,claude-agent-n8n-vcs,claude-agent-planner,claude-agent-refactor-cleaner,claude-agent-script-maker,claude-agent-second-brain-keeper,claude-agent-security-reviewer,claude-agent-takbull,claude-agent-tdd-guide,claude-skill-amuta-governance-implementation,claude-skill-amuta-nihul-takin,claude-skill-amuta-rasham-amutot-filings,claude-skill-backend-patterns,claude-skill-crm-accounting-compliance-orchestrator,claude-skill-frontend-patterns,claude-skill-gcloud-patterns,claude-skill-iterative-retrieval,claude-skill-n8n-node-builder-patterns,claude-skill-n8n-perf-patterns,claude-skill-n8n-resilience-patterns,claude-skill-n8n-security-patterns,claude-skill-n8n-testing-patterns,claude-skill-postgres-patterns,claude-skill-second-brain-ops,claude-skill-security-review,claude-skill-tdd-workflow,claude-skill-verification-loop,database-migration,deployment,directus-migration,getting-started,hostinger-vps-ops,n8n-automation,prd-creator,rbac-setup,script-runner,skill-maker,tables,terminal-ssh-vps,testing,ui	/root/.gemini/skills/	{37ef11a5-c1d6-4b9c-8709-57fd5a209e07}	{memory:second-brain,source:gemini,contract:v1,skills}	0.950	review_30d	applied	importer	f	2026-03-04 18:07:10.045316+00	2026-03-04 18:07:10.045316+00
541a6dc8-5459-409b-a656-b683e1f9e3be	AI_JOBS Snapshot	Last Updated: 2026-03-04 21:00 UTC\n# AI Agent Job Tracker\n\n**Location:** `/root/AI_JOBS.md` (VPS-specific, not in git)\n**Purpose:** Centralized task tracking for all AI agents working on this VPS\n**Template:** `/root/policies-repo/AI_JOBS_TEMPLATE.md` (in git)\n**Sync Script:** `/root/sync-jobs.sh` (use `./sync-jobs.sh status`)\n**Last Updated:** 2026-03-04 21:00 UTC\n**File Size:** 29KB+ (975+ lines)\n**Total Tasks:** 18 (15 completed, 3 remaining)\n**Shared Context:** `/root/policies-repo/shared-context/` (NEW - see below)\n\n---\n\n## 📋 Instructions for AI Agents\n\n### How to Use This Document\n\n1. **READ this document** at the start of your session to understand pending work\n2. **READ any `general*.*` files** at the start of each conversation in:\n   - `/root/.codex/skills/`\n   - `/root/policies-repo/skills/`\n   - `/root/policies-repo/shared-context/` (if applicable)\n3. **UPDATE this document** when you:\n   - Complete a job (move to "Completed" section)\n   - Discover new jobs (add to appropriate section)\n   - Change job status or priority\n   - Find important information/conclusions\n4. **LOG your work** in the "Agent Activity Log" section at the bottom\n5. **ALWAYS** update the "Last Updated" date at the top\n\n### Update Format\n\nWhen you complete a job:\n```markdown\n## Completed Jobs\n- ✅ [Date] Job description\n  - **Agent:** Your identifier (Claude/Gemini/Codex)\n  - **Conclusions:** Key findings, decisions made, issues encountered\n  - **Related files:** Paths to files created/modified\n```\n\nWhen you discover a new job:\n```markdown\n## [Appropriate Section]\n- ⚠️ **[PRIORITY]** Job description\n  - **Context:** Why this is needed\n  - **Estimated effort:** Small/Medium/Large\n```\n\n---\n\n## 🎯 MASTER ACTION PLAN & CHECKLIST\n\n### 🔗 Active Major Plan: Unified Data Architecture\n**File:** `/root/policies-repo/plans/UNIFIED_ARCHITECTURE_PLAN.md`\n**Goal:** Migrate Flow Control to Postgres, Consolidate Databases, Unified Directus Backend.\n\n### 📅 PHASE 1: Immediate (Do This Week)\n\n#### Context\nFix broken services and critical security issues that pose immediate risk.\n\n#### Checklist\n\n- [x] **TASK 1.0: Unified Architecture - Phase 1-4 (Complete Migration)** ✅ COMPLETED\n  - **Why:** Essential preparation for merging databases and migrating Flow Control.\n  - **Plan:** See `/root/policies-repo/plans/UNIFIED_ARCHITECTURE_PLAN.md`\n  - **Achievements:**\n    1.  **Flow Control:** Migrated from SQLite to Postgres (Schema: `inventory`).\n    2.  **Databases:** Consolidated `expiry-alert` and `hycrm` into `flow-control-db` (Postgres 15).\n    3.  **Directus:** Unified instance on Port 8055 serving `db`, `crm`, and `expiryalert`.\n    4.  **CRM:** Migrated to `crm` schema.\n  - **Status:** ✅ COMPLETED (2026-02-02)\n\n- [x] **TASK 1.4: Troubleshoot Flow Control Dashboard & Remove 'base44'** ✅ COMPLETED\n  - **Why:** User reports dashboard not loading; Caddy shows "stream closed" errors. Also needs branding cleanup.\n  - **Impact:** HIGH - Production service degraded/down.\n  - **Root Cause:** Backend API server was not running. The TypeScript server needed to be built and started, and Caddy needed API proxy configuration.\n  - **Solution:**\n    1. Built TypeScript server (`npm run build` in /opt/flow-control/app/server/)\n    2. Started API with PM2 (`pm2 start dist/src/server.js --name flow-api`)\n    3. Added API proxy to Caddy (`/api/*` → 127.0.0.1:4000)\n    4. Removed base44 URLs from CSP headers and Layout.jsx\n    5. Created new favicon.svg, rebuilt frontend container\n  - **Status:** ✅ COMPLETED (2026-01-21)\n\n- [x] **TASK 1.1: Build & Deploy CRM-Lite** [30 minutes] ✅ COMPLETED\n  - **Why:** Site is configured but returning 404 errors, affecting user experience\n  - **Impact:** HIGH - User-facing service is down\n  - **Risk:** LOW - Read-only build process\n  - **Steps:**\n    ```bash\n    # 1. Navigate to project\n    cd /home/elron/services/crm-lite/crm-app\n\n    # 2. Check current state\n    ls -la dist/  # Should not exist or be empty\n    cat package.json | grep scripts  # Verify build command exists\n\n    # 3. Install dependencies if needed\n    npm install\n\n    # 4. Run production build\n    npm run build\n\n    # 5. Verify dist/ directory created\n    ls -la dist/\n    du -sh dist/\n\n    # 6. Test site access\n    curl -I https://crmlite.coriathost.cloud\n    ```\n  - **Success Criteria:**\n    - `dist/` directory exists with HTML/JS/CSS files\n    - Site loads in browser at crmlite.coriathost.cloud\n    - No 404 errors\n  - **Log Results:** Update "Completed Jobs" section with findings\n\n- [x] **TASK 1.2: Change n8n Default Password** [15 minutes] ✅ COMPLETED	/root/AI_JOBS.md	{}	{memory:second-brain,source:ai_jobs,contract:v1}	0.900	review_30d	applied	importer	f	2026-03-04 21:07:06.949808+00	2026-03-04 21:07:06.949808+00
508c8ae9-e7c3-4e79-8fa2-ae4f3c419afa	n8n owner account credential updated for coriatel@gmail.com	Updated the existing n8n owner account coriatel@gmail.com in the user table, kept role global:owner, verified account remains enabled and MFA disabled, and confirmed successful login via POST /rest/login with the user-provided password. Password value was not written to operational docs. Backup of the previous hashed row was stored under /home/elron/services/n8n/backups/admin-user/ with filesystem-only access.	/home/elron/services/n8n/backups/admin-user/	{}	{memory:ops,service:n8n,auth:admin,contract:v1}	0.980	review_30d	applied	agent	f	2026-03-06 11:44:25.973506+00	2026-03-06 11:44:25.973506+00
8cfe106f-f52e-4eaf-9679-bea30de33527	AI_JOBS Snapshot	Last Updated: 2026-03-06 13:25 UTC\n# AI Agent Job Tracker\n\n**Location:** `/root/AI_JOBS.md` (VPS-specific, not in git)\n**Purpose:** Centralized task tracking for all AI agents working on this VPS\n**Template:** `/root/policies-repo/AI_JOBS_TEMPLATE.md` (in git)\n**Sync Script:** `/root/sync-jobs.sh` (use `./sync-jobs.sh status`)\n**Last Updated:** 2026-03-06 13:25 UTC\n**File Size:** 29KB+ (975+ lines)\n**Total Tasks:** 18 (16 completed, 2 remaining)\n**Shared Context:** `/root/policies-repo/shared-context/` (NEW - see below)\n\n---\n\n## 📋 Instructions for AI Agents\n\n### How to Use This Document\n\n1. **READ this document** at the start of your session to understand pending work\n2. **READ any `general*.*` files** at the start of each conversation in:\n   - `/root/.codex/skills/`\n   - `/root/policies-repo/skills/`\n   - `/root/policies-repo/shared-context/` (if applicable)\n3. **UPDATE this document** when you:\n   - Complete a job (move to "Completed" section)\n   - Discover new jobs (add to appropriate section)\n   - Change job status or priority\n   - Find important information/conclusions\n4. **LOG your work** in the "Agent Activity Log" section at the bottom\n5. **ALWAYS** update the "Last Updated" date at the top\n\n### Update Format\n\nWhen you complete a job:\n```markdown\n## Completed Jobs\n- ✅ [Date] Job description\n  - **Agent:** Your identifier (Claude/Gemini/Codex)\n  - **Conclusions:** Key findings, decisions made, issues encountered\n  - **Related files:** Paths to files created/modified\n```\n\nWhen you discover a new job:\n```markdown\n## [Appropriate Section]\n- ⚠️ **[PRIORITY]** Job description\n  - **Context:** Why this is needed\n  - **Estimated effort:** Small/Medium/Large\n```\n\n---\n\n## 🎯 MASTER ACTION PLAN & CHECKLIST\n\n### 🔗 Active Major Plan: Unified Data Architecture\n**File:** `/root/policies-repo/plans/UNIFIED_ARCHITECTURE_PLAN.md`\n**Goal:** Migrate Flow Control to Postgres, Consolidate Databases, Unified Directus Backend.\n\n### 📅 PHASE 1: Immediate (Do This Week)\n\n#### Context\nFix broken services and critical security issues that pose immediate risk.\n\n#### Checklist\n\n- [x] **TASK 1.0: Unified Architecture - Phase 1-4 (Complete Migration)** ✅ COMPLETED\n  - **Why:** Essential preparation for merging databases and migrating Flow Control.\n  - **Plan:** See `/root/policies-repo/plans/UNIFIED_ARCHITECTURE_PLAN.md`\n  - **Achievements:**\n    1.  **Flow Control:** Migrated from SQLite to Postgres (Schema: `inventory`).\n    2.  **Databases:** Consolidated `expiry-alert` and `hycrm` into `flow-control-db` (Postgres 15).\n    3.  **Directus:** Unified instance on Port 8055 serving `db`, `crm`, and `expiryalert`.\n    4.  **CRM:** Migrated to `crm` schema.\n  - **Status:** ✅ COMPLETED (2026-02-02)\n\n- [x] **TASK 1.4: Troubleshoot Flow Control Dashboard & Remove 'base44'** ✅ COMPLETED\n  - **Why:** User reports dashboard not loading; Caddy shows "stream closed" errors. Also needs branding cleanup.\n  - **Impact:** HIGH - Production service degraded/down.\n  - **Root Cause:** Backend API server was not running. The TypeScript server needed to be built and started, and Caddy needed API proxy configuration.\n  - **Solution:**\n    1. Built TypeScript server (`npm run build` in /opt/flow-control/app/server/)\n    2. Started API with PM2 (`pm2 start dist/src/server.js --name flow-api`)\n    3. Added API proxy to Caddy (`/api/*` → 127.0.0.1:4000)\n    4. Removed base44 URLs from CSP headers and Layout.jsx\n    5. Created new favicon.svg, rebuilt frontend container\n  - **Status:** ✅ COMPLETED (2026-01-21)\n\n- [x] **TASK 1.1: Build & Deploy CRM-Lite** [30 minutes] ✅ COMPLETED\n  - **Why:** Site is configured but returning 404 errors, affecting user experience\n  - **Impact:** HIGH - User-facing service is down\n  - **Risk:** LOW - Read-only build process\n  - **Steps:**\n    ```bash\n    # 1. Navigate to project\n    cd /home/elron/services/crm-lite/crm-app\n\n    # 2. Check current state\n    ls -la dist/  # Should not exist or be empty\n    cat package.json | grep scripts  # Verify build command exists\n\n    # 3. Install dependencies if needed\n    npm install\n\n    # 4. Run production build\n    npm run build\n\n    # 5. Verify dist/ directory created\n    ls -la dist/\n    du -sh dist/\n\n    # 6. Test site access\n    curl -I https://crmlite.coriathost.cloud\n    ```\n  - **Success Criteria:**\n    - `dist/` directory exists with HTML/JS/CSS files\n    - Site loads in browser at crmlite.coriathost.cloud\n    - No 404 errors\n  - **Log Results:** Update "Completed Jobs" section with findings\n\n- [x] **TASK 1.2: Change n8n Default Password** [15 minutes] ✅ COMPLETED	/root/AI_JOBS.md	{}	{memory:second-brain,source:ai_jobs,contract:v1}	0.900	review_30d	applied	importer	f	2026-03-06 14:07:07.285616+00	2026-03-06 14:07:07.285616+00
3f485c34-64c8-48d7-b0a2-95bf40b769a4	AI_JOBS Snapshot	Last Updated: 2026-03-06 14:35 UTC\n# AI Agent Job Tracker\n\n**Location:** `/root/AI_JOBS.md` (VPS-specific, not in git)\n**Purpose:** Centralized task tracking for all AI agents working on this VPS\n**Template:** `/root/policies-repo/AI_JOBS_TEMPLATE.md` (in git)\n**Sync Script:** `/root/sync-jobs.sh` (use `./sync-jobs.sh status`)\n**Last Updated:** 2026-03-06 14:35 UTC\n**File Size:** 29KB+ (975+ lines)\n**Total Tasks:** 18 (16 completed, 2 remaining)\n**Shared Context:** `/root/policies-repo/shared-context/` (NEW - see below)\n\n---\n\n## 📋 Instructions for AI Agents\n\n### How to Use This Document\n\n1. **READ this document** at the start of your session to understand pending work\n2. **READ any `general*.*` files** at the start of each conversation in:\n   - `/root/.codex/skills/`\n   - `/root/policies-repo/skills/`\n   - `/root/policies-repo/shared-context/` (if applicable)\n3. **UPDATE this document** when you:\n   - Complete a job (move to "Completed" section)\n   - Discover new jobs (add to appropriate section)\n   - Change job status or priority\n   - Find important information/conclusions\n4. **LOG your work** in the "Agent Activity Log" section at the bottom\n5. **ALWAYS** update the "Last Updated" date at the top\n\n### Update Format\n\nWhen you complete a job:\n```markdown\n## Completed Jobs\n- ✅ [Date] Job description\n  - **Agent:** Your identifier (Claude/Gemini/Codex)\n  - **Conclusions:** Key findings, decisions made, issues encountered\n  - **Related files:** Paths to files created/modified\n```\n\nWhen you discover a new job:\n```markdown\n## [Appropriate Section]\n- ⚠️ **[PRIORITY]** Job description\n  - **Context:** Why this is needed\n  - **Estimated effort:** Small/Medium/Large\n```\n\n---\n\n## 🎯 MASTER ACTION PLAN & CHECKLIST\n\n### 🔗 Active Major Plan: Unified Data Architecture\n**File:** `/root/policies-repo/plans/UNIFIED_ARCHITECTURE_PLAN.md`\n**Goal:** Migrate Flow Control to Postgres, Consolidate Databases, Unified Directus Backend.\n\n### 📅 PHASE 1: Immediate (Do This Week)\n\n#### Context\nFix broken services and critical security issues that pose immediate risk.\n\n#### Checklist\n\n- [x] **TASK 1.0: Unified Architecture - Phase 1-4 (Complete Migration)** ✅ COMPLETED\n  - **Why:** Essential preparation for merging databases and migrating Flow Control.\n  - **Plan:** See `/root/policies-repo/plans/UNIFIED_ARCHITECTURE_PLAN.md`\n  - **Achievements:**\n    1.  **Flow Control:** Migrated from SQLite to Postgres (Schema: `inventory`).\n    2.  **Databases:** Consolidated `expiry-alert` and `hycrm` into `flow-control-db` (Postgres 15).\n    3.  **Directus:** Unified instance on Port 8055 serving `db`, `crm`, and `expiryalert`.\n    4.  **CRM:** Migrated to `crm` schema.\n  - **Status:** ✅ COMPLETED (2026-02-02)\n\n- [x] **TASK 1.4: Troubleshoot Flow Control Dashboard & Remove 'base44'** ✅ COMPLETED\n  - **Why:** User reports dashboard not loading; Caddy shows "stream closed" errors. Also needs branding cleanup.\n  - **Impact:** HIGH - Production service degraded/down.\n  - **Root Cause:** Backend API server was not running. The TypeScript server needed to be built and started, and Caddy needed API proxy configuration.\n  - **Solution:**\n    1. Built TypeScript server (`npm run build` in /opt/flow-control/app/server/)\n    2. Started API with PM2 (`pm2 start dist/src/server.js --name flow-api`)\n    3. Added API proxy to Caddy (`/api/*` → 127.0.0.1:4000)\n    4. Removed base44 URLs from CSP headers and Layout.jsx\n    5. Created new favicon.svg, rebuilt frontend container\n  - **Status:** ✅ COMPLETED (2026-01-21)\n\n- [x] **TASK 1.1: Build & Deploy CRM-Lite** [30 minutes] ✅ COMPLETED\n  - **Why:** Site is configured but returning 404 errors, affecting user experience\n  - **Impact:** HIGH - User-facing service is down\n  - **Risk:** LOW - Read-only build process\n  - **Steps:**\n    ```bash\n    # 1. Navigate to project\n    cd /home/elron/services/crm-lite/crm-app\n\n    # 2. Check current state\n    ls -la dist/  # Should not exist or be empty\n    cat package.json | grep scripts  # Verify build command exists\n\n    # 3. Install dependencies if needed\n    npm install\n\n    # 4. Run production build\n    npm run build\n\n    # 5. Verify dist/ directory created\n    ls -la dist/\n    du -sh dist/\n\n    # 6. Test site access\n    curl -I https://crmlite.coriathost.cloud\n    ```\n  - **Success Criteria:**\n    - `dist/` directory exists with HTML/JS/CSS files\n    - Site loads in browser at crmlite.coriathost.cloud\n    - No 404 errors\n  - **Log Results:** Update "Completed Jobs" section with findings\n\n- [x] **TASK 1.2: Change n8n Default Password** [15 minutes] ✅ COMPLETED	/root/AI_JOBS.md	{}	{memory:second-brain,source:ai_jobs,contract:v1}	0.900	review_30d	applied	importer	f	2026-03-06 15:07:08.239365+00	2026-03-06 15:07:08.239365+00
cbb5757d-39d9-4c69-9223-ddbffb9598a4	Staging acceptance memory	Medium-risk memory proposal for acceptance gate.	/root/second-brain/scripts/run_staging_acceptance_gate.sh	{5e1713f9-d9e3-40d1-943e-968bd475a22f}	{memory:second-brain,source:acceptance,contract:v1}	0.800	review_30d	applied	agent	f	2026-03-08 11:17:08.753397+00	2026-03-08 11:17:08.753397+00
1ae0c255-9359-4666-a7ef-fb2e13f78a2d	Lesson Media Pipeline (Webhook)	Workflow metadata captured from n8n export.	/home/elron/services/n8n/workflows/lesson-video-pipeline.json	{3feca2a7-8577-414d-a14a-9660df4d266a}	{memory:second-brain,source:n8n,contract:v1,"video-pipeline,webhook,production"}	0.850	review_30d	applied	importer	f	2026-02-27 09:54:27.182478+00	2026-02-27 09:54:27.182478+00
9a5f50e9-6fde-4d59-86b2-d0b41d2fd395	Staging acceptance memory	Medium-risk memory proposal for acceptance gate.	/root/second-brain/scripts/run_staging_acceptance_gate.sh	{}	{memory:second-brain,source:acceptance,contract:v1}	0.800	review_30d	applied	agent	f	2026-02-27 10:10:26.691578+00	2026-02-27 10:10:26.691578+00
eff3659f-4156-480a-8fb0-d990249e6f20	GLOBAL_RULES.md	# Global Rules for AI Agents\n\n**Applies to:** Claude, Codex, Gemini\n**VPS:** Hostinger (72.62.59.160)\n**Last Updated:** 2026-01-20\n\n---\n\n## Session Start Protocol\n\nEvery session, perform these steps:\n\n1. **Read shared context:**\n   ```\n   /root/policies-repo/shared-context/GLOBAL_RULES.md (this file)\n   /root/policies-repo/shared-context/general-second-brain.md\n   /root/policies-repo/shared-context/VPS_STRUCTURE.md\n   /root/policies-repo/shared-context/progress/WEEKLY_PROGRESS.md\n   /root/policies-repo/shared-context/progress/ERROR_LOG.md\n   ```\n\n2. **Check pending work:**\n   ```\n   /root/AI_JOBS.md\n   /root/manual_jobs.md\n   ```\n\n3. **Verify container health:**\n   ```bash\n   docker ps --format "table {{.Names}}\\t{{.Status}}"\n   ```\n\n4. **Check for active errors:** Review ERROR_LOG.md for unresolved issues\n\n5. **Identify scope:** Determine which container(s) your task affects\n6. **Run second-brain pre-flight:** `sbctl status` + scoped `sbctl query`\n\nFor detailed workflow instructions, see **WORKFLOW_GUIDE.md**.\n\n---\n\n## Update Protocol\n\n### During Work\n- Update `/root/AI_JOBS.md` when starting or completing tasks\n- Log significant findings in `progress/WEEKLY_PROGRESS.md`\n- **Log errors IMMEDIATELY** in `progress/ERROR_LOG.md` when encountered\n- Document issues encountered\n- Record second-brain graph/memory deltas when topology or workflow relationships change\n\n### Every 10 Minutes (Automated)\n- Cron job updates `WEEKLY_PROGRESS.md` timestamp\n- Creates checkpoint in `/root/ai-progress/checkpoints/`\n\n### At Session End\n- Mark completed tasks in AI_JOBS.md\n- Note any handoff items in WEEKLY_PROGRESS.md\n- Update ERROR_LOG.md with resolution status for any errors worked on\n- Run second-brain post-flight checks (`reconcile_snapshot.sh`, `kpi_report.sh`)	/root/policies-repo/shared-context/GLOBAL_RULES.md	{}	{memory:second-brain,source:shared_context,contract:v1}	0.800	review_30d	applied	importer	f	2026-02-27 13:07:06.892186+00	2026-02-27 13:07:06.892186+00
062b63cb-ceb5-4438-8426-1cce0f8193ba	AI_JOBS Snapshot	Last Updated: 2026-02-27 12:59 UTC\n# AI Agent Job Tracker\n\n**Location:** `/root/AI_JOBS.md` (VPS-specific, not in git)\n**Purpose:** Centralized task tracking for all AI agents working on this VPS\n**Template:** `/root/policies-repo/AI_JOBS_TEMPLATE.md` (in git)\n**Sync Script:** `/root/sync-jobs.sh` (use `./sync-jobs.sh status`)\n**Last Updated:** 2026-02-27 12:59 UTC\n**File Size:** 29KB+ (975+ lines)\n**Total Tasks:** 18 (15 completed, 3 remaining)\n**Shared Context:** `/root/policies-repo/shared-context/` (NEW - see below)\n\n---\n\n## 📋 Instructions for AI Agents\n\n### How to Use This Document\n\n1. **READ this document** at the start of your session to understand pending work\n2. **READ any `general*.*` files** at the start of each conversation in:\n   - `/root/.codex/skills/`\n   - `/root/policies-repo/skills/`\n   - `/root/policies-repo/shared-context/` (if applicable)\n3. **UPDATE this document** when you:\n   - Complete a job (move to "Completed" section)\n   - Discover new jobs (add to appropriate section)\n   - Change job status or priority\n   - Find important information/conclusions\n4. **LOG your work** in the "Agent Activity Log" section at the bottom\n5. **ALWAYS** update the "Last Updated" date at the top\n\n### Update Format\n\nWhen you complete a job:\n```markdown\n## Completed Jobs\n- ✅ [Date] Job description\n  - **Agent:** Your identifier (Claude/Gemini/Codex)\n  - **Conclusions:** Key findings, decisions made, issues encountered\n  - **Related files:** Paths to files created/modified\n```\n\nWhen you discover a new job:\n```markdown\n## [Appropriate Section]\n- ⚠️ **[PRIORITY]** Job description\n  - **Context:** Why this is needed\n  - **Estimated effort:** Small/Medium/Large\n```\n\n---\n\n## 🎯 MASTER ACTION PLAN & CHECKLIST\n\n### 🔗 Active Major Plan: Unified Data Architecture\n**File:** `/root/policies-repo/plans/UNIFIED_ARCHITECTURE_PLAN.md`\n**Goal:** Migrate Flow Control to Postgres, Consolidate Databases, Unified Directus Backend.\n\n### 📅 PHASE 1: Immediate (Do This Week)\n\n#### Context\nFix broken services and critical security issues that pose immediate risk.\n\n#### Checklist\n\n- [x] **TASK 1.0: Unified Architecture - Phase 1-4 (Complete Migration)** ✅ COMPLETED\n  - **Why:** Essential preparation for merging databases and migrating Flow Control.\n  - **Plan:** See `/root/policies-repo/plans/UNIFIED_ARCHITECTURE_PLAN.md`\n  - **Achievements:**\n    1.  **Flow Control:** Migrated from SQLite to Postgres (Schema: `inventory`).\n    2.  **Databases:** Consolidated `expiry-alert` and `hycrm` into `flow-control-db` (Postgres 15).\n    3.  **Directus:** Unified instance on Port 8055 serving `db`, `crm`, and `expiryalert`.\n    4.  **CRM:** Migrated to `crm` schema.\n  - **Status:** ✅ COMPLETED (2026-02-02)\n\n- [x] **TASK 1.4: Troubleshoot Flow Control Dashboard & Remove 'base44'** ✅ COMPLETED\n  - **Why:** User reports dashboard not loading; Caddy shows "stream closed" errors. Also needs branding cleanup.\n  - **Impact:** HIGH - Production service degraded/down.\n  - **Root Cause:** Backend API server was not running. The TypeScript server needed to be built and started, and Caddy needed API proxy configuration.\n  - **Solution:**\n    1. Built TypeScript server (`npm run build` in /opt/flow-control/app/server/)\n    2. Started API with PM2 (`pm2 start dist/src/server.js --name flow-api`)\n    3. Added API proxy to Caddy (`/api/*` → 127.0.0.1:4000)\n    4. Removed base44 URLs from CSP headers and Layout.jsx\n    5. Created new favicon.svg, rebuilt frontend container\n  - **Status:** ✅ COMPLETED (2026-01-21)\n\n- [x] **TASK 1.1: Build & Deploy CRM-Lite** [30 minutes] ✅ COMPLETED\n  - **Why:** Site is configured but returning 404 errors, affecting user experience\n  - **Impact:** HIGH - User-facing service is down\n  - **Risk:** LOW - Read-only build process\n  - **Steps:**\n    ```bash\n    # 1. Navigate to project\n    cd /home/elron/services/crm-lite/crm-app\n\n    # 2. Check current state\n    ls -la dist/  # Should not exist or be empty\n    cat package.json | grep scripts  # Verify build command exists\n\n    # 3. Install dependencies if needed\n    npm install\n\n    # 4. Run production build\n    npm run build\n\n    # 5. Verify dist/ directory created\n    ls -la dist/\n    du -sh dist/\n\n    # 6. Test site access\n    curl -I https://crmlite.coriathost.cloud\n    ```\n  - **Success Criteria:**\n    - `dist/` directory exists with HTML/JS/CSS files\n    - Site loads in browser at crmlite.coriathost.cloud\n    - No 404 errors\n  - **Log Results:** Update "Completed Jobs" section with findings\n\n- [x] **TASK 1.2: Change n8n Default Password** [15 minutes] ✅ COMPLETED	/root/AI_JOBS.md	{}	{memory:second-brain,source:ai_jobs,contract:v1}	0.900	review_30d	applied	importer	f	2026-02-27 13:07:06.892186+00	2026-02-27 13:07:06.892186+00
1e219092-b775-4d19-9356-238c959dfaec	HYCRM accounting hardening and orchestrator rollout	Takbul webhook persistence was restored (payment_events_raw quarantine writes). payment_events_raw processed_status constraint updated to include duplicate. Added CRM accounting compliance orchestrator skill + crm-accounting-compliance-manager agent, generated bridge skills, and synced to all users.	/root/policies-repo/skills/external-ecc/crm-accounting-compliance-orchestrator	{20090ea8-932a-43bf-b6c5-7af81693e4a8,4e4e0a73-4579-4dfa-ba33-a04f3a29d605,0ad20d93-6817-47a0-bd9b-16367f064f48,9c5f4644-a1f3-4903-bc6a-35de34051b1d,00498146-1a29-443f-a39f-5ba19fe1e660}	{memory:second-brain,domain:crm-accounting,source:manual}	0.950	review_90d	applied	agent	f	2026-03-04 11:52:38.962202+00	2026-03-04 11:52:38.962202+00
81b4d2f6-219f-4d0f-9018-7a8eaab94793	VPS backup policy standardized to weekly pair + 7-day daily retention	Implemented local backup policy: one weekly full backup and one weekly settings/essential-files backup using /usr/local/bin/backup-weekly-pair.sh. Daily quick backups in /usr/local/bin/backup-databases.sh keep 7-day retention with size anomaly warnings. Monthly security updates now call the weekly pair script before package upgrades.	/usr/local/bin/backup-weekly-pair.sh	{}	{memory:second-brain,source:manual,contract:v1,owner:platform,topic:backup-policy}	0.940	review_90d	applied	human	f	2026-03-04 18:12:25.752065+00	2026-03-04 18:12:25.752065+00
8a111e03-bf6b-43ec-806a-37e59ac7dd70	AI_JOBS Snapshot	Last Updated: 2026-03-04 21:51 UTC\n# AI Agent Job Tracker\n\n**Location:** `/root/AI_JOBS.md` (VPS-specific, not in git)\n**Purpose:** Centralized task tracking for all AI agents working on this VPS\n**Template:** `/root/policies-repo/AI_JOBS_TEMPLATE.md` (in git)\n**Sync Script:** `/root/sync-jobs.sh` (use `./sync-jobs.sh status`)\n**Last Updated:** 2026-03-04 21:51 UTC\n**File Size:** 29KB+ (975+ lines)\n**Total Tasks:** 18 (15 completed, 3 remaining)\n**Shared Context:** `/root/policies-repo/shared-context/` (NEW - see below)\n\n---\n\n## 📋 Instructions for AI Agents\n\n### How to Use This Document\n\n1. **READ this document** at the start of your session to understand pending work\n2. **READ any `general*.*` files** at the start of each conversation in:\n   - `/root/.codex/skills/`\n   - `/root/policies-repo/skills/`\n   - `/root/policies-repo/shared-context/` (if applicable)\n3. **UPDATE this document** when you:\n   - Complete a job (move to "Completed" section)\n   - Discover new jobs (add to appropriate section)\n   - Change job status or priority\n   - Find important information/conclusions\n4. **LOG your work** in the "Agent Activity Log" section at the bottom\n5. **ALWAYS** update the "Last Updated" date at the top\n\n### Update Format\n\nWhen you complete a job:\n```markdown\n## Completed Jobs\n- ✅ [Date] Job description\n  - **Agent:** Your identifier (Claude/Gemini/Codex)\n  - **Conclusions:** Key findings, decisions made, issues encountered\n  - **Related files:** Paths to files created/modified\n```\n\nWhen you discover a new job:\n```markdown\n## [Appropriate Section]\n- ⚠️ **[PRIORITY]** Job description\n  - **Context:** Why this is needed\n  - **Estimated effort:** Small/Medium/Large\n```\n\n---\n\n## 🎯 MASTER ACTION PLAN & CHECKLIST\n\n### 🔗 Active Major Plan: Unified Data Architecture\n**File:** `/root/policies-repo/plans/UNIFIED_ARCHITECTURE_PLAN.md`\n**Goal:** Migrate Flow Control to Postgres, Consolidate Databases, Unified Directus Backend.\n\n### 📅 PHASE 1: Immediate (Do This Week)\n\n#### Context\nFix broken services and critical security issues that pose immediate risk.\n\n#### Checklist\n\n- [x] **TASK 1.0: Unified Architecture - Phase 1-4 (Complete Migration)** ✅ COMPLETED\n  - **Why:** Essential preparation for merging databases and migrating Flow Control.\n  - **Plan:** See `/root/policies-repo/plans/UNIFIED_ARCHITECTURE_PLAN.md`\n  - **Achievements:**\n    1.  **Flow Control:** Migrated from SQLite to Postgres (Schema: `inventory`).\n    2.  **Databases:** Consolidated `expiry-alert` and `hycrm` into `flow-control-db` (Postgres 15).\n    3.  **Directus:** Unified instance on Port 8055 serving `db`, `crm`, and `expiryalert`.\n    4.  **CRM:** Migrated to `crm` schema.\n  - **Status:** ✅ COMPLETED (2026-02-02)\n\n- [x] **TASK 1.4: Troubleshoot Flow Control Dashboard & Remove 'base44'** ✅ COMPLETED\n  - **Why:** User reports dashboard not loading; Caddy shows "stream closed" errors. Also needs branding cleanup.\n  - **Impact:** HIGH - Production service degraded/down.\n  - **Root Cause:** Backend API server was not running. The TypeScript server needed to be built and started, and Caddy needed API proxy configuration.\n  - **Solution:**\n    1. Built TypeScript server (`npm run build` in /opt/flow-control/app/server/)\n    2. Started API with PM2 (`pm2 start dist/src/server.js --name flow-api`)\n    3. Added API proxy to Caddy (`/api/*` → 127.0.0.1:4000)\n    4. Removed base44 URLs from CSP headers and Layout.jsx\n    5. Created new favicon.svg, rebuilt frontend container\n  - **Status:** ✅ COMPLETED (2026-01-21)\n\n- [x] **TASK 1.1: Build & Deploy CRM-Lite** [30 minutes] ✅ COMPLETED\n  - **Why:** Site is configured but returning 404 errors, affecting user experience\n  - **Impact:** HIGH - User-facing service is down\n  - **Risk:** LOW - Read-only build process\n  - **Steps:**\n    ```bash\n    # 1. Navigate to project\n    cd /home/elron/services/crm-lite/crm-app\n\n    # 2. Check current state\n    ls -la dist/  # Should not exist or be empty\n    cat package.json | grep scripts  # Verify build command exists\n\n    # 3. Install dependencies if needed\n    npm install\n\n    # 4. Run production build\n    npm run build\n\n    # 5. Verify dist/ directory created\n    ls -la dist/\n    du -sh dist/\n\n    # 6. Test site access\n    curl -I https://crmlite.coriathost.cloud\n    ```\n  - **Success Criteria:**\n    - `dist/` directory exists with HTML/JS/CSS files\n    - Site loads in browser at crmlite.coriathost.cloud\n    - No 404 errors\n  - **Log Results:** Update "Completed Jobs" section with findings\n\n- [x] **TASK 1.2: Change n8n Default Password** [15 minutes] ✅ COMPLETED	/root/AI_JOBS.md	{}	{memory:second-brain,source:ai_jobs,contract:v1}	0.900	review_30d	applied	importer	f	2026-03-04 22:07:07.123272+00	2026-03-04 22:07:07.123272+00
0e3f3ffb-5922-4d13-a5ce-949c84bfe90b	AI_JOBS Snapshot	Last Updated: 2026-03-06 11:44 UTC\n# AI Agent Job Tracker\n\n**Location:** `/root/AI_JOBS.md` (VPS-specific, not in git)\n**Purpose:** Centralized task tracking for all AI agents working on this VPS\n**Template:** `/root/policies-repo/AI_JOBS_TEMPLATE.md` (in git)\n**Sync Script:** `/root/sync-jobs.sh` (use `./sync-jobs.sh status`)\n**Last Updated:** 2026-03-06 11:44 UTC\n**File Size:** 29KB+ (975+ lines)\n**Total Tasks:** 18 (15 completed, 3 remaining)\n**Shared Context:** `/root/policies-repo/shared-context/` (NEW - see below)\n\n---\n\n## 📋 Instructions for AI Agents\n\n### How to Use This Document\n\n1. **READ this document** at the start of your session to understand pending work\n2. **READ any `general*.*` files** at the start of each conversation in:\n   - `/root/.codex/skills/`\n   - `/root/policies-repo/skills/`\n   - `/root/policies-repo/shared-context/` (if applicable)\n3. **UPDATE this document** when you:\n   - Complete a job (move to "Completed" section)\n   - Discover new jobs (add to appropriate section)\n   - Change job status or priority\n   - Find important information/conclusions\n4. **LOG your work** in the "Agent Activity Log" section at the bottom\n5. **ALWAYS** update the "Last Updated" date at the top\n\n### Update Format\n\nWhen you complete a job:\n```markdown\n## Completed Jobs\n- ✅ [Date] Job description\n  - **Agent:** Your identifier (Claude/Gemini/Codex)\n  - **Conclusions:** Key findings, decisions made, issues encountered\n  - **Related files:** Paths to files created/modified\n```\n\nWhen you discover a new job:\n```markdown\n## [Appropriate Section]\n- ⚠️ **[PRIORITY]** Job description\n  - **Context:** Why this is needed\n  - **Estimated effort:** Small/Medium/Large\n```\n\n---\n\n## 🎯 MASTER ACTION PLAN & CHECKLIST\n\n### 🔗 Active Major Plan: Unified Data Architecture\n**File:** `/root/policies-repo/plans/UNIFIED_ARCHITECTURE_PLAN.md`\n**Goal:** Migrate Flow Control to Postgres, Consolidate Databases, Unified Directus Backend.\n\n### 📅 PHASE 1: Immediate (Do This Week)\n\n#### Context\nFix broken services and critical security issues that pose immediate risk.\n\n#### Checklist\n\n- [x] **TASK 1.0: Unified Architecture - Phase 1-4 (Complete Migration)** ✅ COMPLETED\n  - **Why:** Essential preparation for merging databases and migrating Flow Control.\n  - **Plan:** See `/root/policies-repo/plans/UNIFIED_ARCHITECTURE_PLAN.md`\n  - **Achievements:**\n    1.  **Flow Control:** Migrated from SQLite to Postgres (Schema: `inventory`).\n    2.  **Databases:** Consolidated `expiry-alert` and `hycrm` into `flow-control-db` (Postgres 15).\n    3.  **Directus:** Unified instance on Port 8055 serving `db`, `crm`, and `expiryalert`.\n    4.  **CRM:** Migrated to `crm` schema.\n  - **Status:** ✅ COMPLETED (2026-02-02)\n\n- [x] **TASK 1.4: Troubleshoot Flow Control Dashboard & Remove 'base44'** ✅ COMPLETED\n  - **Why:** User reports dashboard not loading; Caddy shows "stream closed" errors. Also needs branding cleanup.\n  - **Impact:** HIGH - Production service degraded/down.\n  - **Root Cause:** Backend API server was not running. The TypeScript server needed to be built and started, and Caddy needed API proxy configuration.\n  - **Solution:**\n    1. Built TypeScript server (`npm run build` in /opt/flow-control/app/server/)\n    2. Started API with PM2 (`pm2 start dist/src/server.js --name flow-api`)\n    3. Added API proxy to Caddy (`/api/*` → 127.0.0.1:4000)\n    4. Removed base44 URLs from CSP headers and Layout.jsx\n    5. Created new favicon.svg, rebuilt frontend container\n  - **Status:** ✅ COMPLETED (2026-01-21)\n\n- [x] **TASK 1.1: Build & Deploy CRM-Lite** [30 minutes] ✅ COMPLETED\n  - **Why:** Site is configured but returning 404 errors, affecting user experience\n  - **Impact:** HIGH - User-facing service is down\n  - **Risk:** LOW - Read-only build process\n  - **Steps:**\n    ```bash\n    # 1. Navigate to project\n    cd /home/elron/services/crm-lite/crm-app\n\n    # 2. Check current state\n    ls -la dist/  # Should not exist or be empty\n    cat package.json | grep scripts  # Verify build command exists\n\n    # 3. Install dependencies if needed\n    npm install\n\n    # 4. Run production build\n    npm run build\n\n    # 5. Verify dist/ directory created\n    ls -la dist/\n    du -sh dist/\n\n    # 6. Test site access\n    curl -I https://crmlite.coriathost.cloud\n    ```\n  - **Success Criteria:**\n    - `dist/` directory exists with HTML/JS/CSS files\n    - Site loads in browser at crmlite.coriathost.cloud\n    - No 404 errors\n  - **Log Results:** Update "Completed Jobs" section with findings\n\n- [x] **TASK 1.2: Change n8n Default Password** [15 minutes] ✅ COMPLETED	/root/AI_JOBS.md	{}	{memory:second-brain,source:ai_jobs,contract:v1}	0.900	review_30d	applied	importer	f	2026-03-06 12:07:08.097843+00	2026-03-06 12:07:08.097843+00
8c29292d-becd-4918-8407-91c35ed819f7	Lesson Media Pipeline v2 hardening: Imagen + SMTP	Workflow Psi1HjqZw7Zpr1MN was updated to version 60d4be99-19c1-48e9-bd5e-3a2e37c7cf16. Imagen Generate 1/2 now bind to the existing Google Drive OAuth2 credential and classify Google failures as gcp_scope_insufficient, gcp_project_access_denied, or gcp_auth_invalid. Current Google OAuth refresh token still yields Drive-only scopes, and Vertex Imagen predict returns ACCESS_TOKEN_SCOPE_INSUFFICIENT until the credential is re-authorized with cloud-platform actually granted. Email notifications no longer depend on curl in the n8n runtime; the workflow now uses python3 SMTP and also supports IP-allowlisted relay mode via SMTP_ALLOW_NO_AUTH=true while keeping SMTP_USER as the From address. Current SMTP credentials in .env for hello@merkazneshama.co.il against smtp.gmail.com:465 still fail with Gmail 535 BadCredentials, so email delivery requires either valid Workspace SMTP auth/app password or an IP-allowlisted Workspace relay configuration.	/home/elron/services/n8n/workflows/lesson-video-pipeline-v2.json	{f77ec33f-f107-4a8a-a074-113087e5054f}	{memory:second-brain,source:n8n,contract:v1,workflow,smtp,imagen}	0.960	review_30d	applied	agent	f	2026-03-06 14:29:20.062726+00	2026-03-06 14:34:47.727827+00
088ec846-0c94-4b9e-94ae-9d251865691f	AI_JOBS Snapshot	Last Updated: 2026-03-08 09:45 UTC\n# AI Agent Job Tracker\n\n**Location:** `/root/AI_JOBS.md` (VPS-specific, not in git)\n**Purpose:** Centralized task tracking for all AI agents working on this VPS\n**Template:** `/root/policies-repo/AI_JOBS_TEMPLATE.md` (in git)\n**Sync Script:** `/root/sync-jobs.sh` (use `./sync-jobs.sh status`)\n**Last Updated:** 2026-03-08 09:45 UTC\n**File Size:** 29KB+ (975+ lines)\n**Total Tasks:** 18 (16 completed, 2 remaining)\n**Shared Context:** `/root/policies-repo/shared-context/` (NEW - see below)\n\n---\n\n## 📋 Instructions for AI Agents\n\n### How to Use This Document\n\n1. **READ this document** at the start of your session to understand pending work\n2. **READ any `general*.*` files** at the start of each conversation in:\n   - `/root/.codex/skills/`\n   - `/root/policies-repo/skills/`\n   - `/root/policies-repo/shared-context/` (if applicable)\n3. **UPDATE this document** when you:\n   - Complete a job (move to "Completed" section)\n   - Discover new jobs (add to appropriate section)\n   - Change job status or priority\n   - Find important information/conclusions\n4. **LOG your work** in the "Agent Activity Log" section at the bottom\n5. **ALWAYS** update the "Last Updated" date at the top\n\n### Update Format\n\nWhen you complete a job:\n```markdown\n## Completed Jobs\n- ✅ [Date] Job description\n  - **Agent:** Your identifier (Claude/Gemini/Codex)\n  - **Conclusions:** Key findings, decisions made, issues encountered\n  - **Related files:** Paths to files created/modified\n```\n\nWhen you discover a new job:\n```markdown\n## [Appropriate Section]\n- ⚠️ **[PRIORITY]** Job description\n  - **Context:** Why this is needed\n  - **Estimated effort:** Small/Medium/Large\n```\n\n---\n\n## 🎯 MASTER ACTION PLAN & CHECKLIST\n\n### 🔗 Active Major Plan: Unified Data Architecture\n**File:** `/root/policies-repo/plans/UNIFIED_ARCHITECTURE_PLAN.md`\n**Goal:** Migrate Flow Control to Postgres, Consolidate Databases, Unified Directus Backend.\n\n### 📅 PHASE 1: Immediate (Do This Week)\n\n#### Context\nFix broken services and critical security issues that pose immediate risk.\n\n#### Checklist\n\n- [x] **TASK 1.0: Unified Architecture - Phase 1-4 (Complete Migration)** ✅ COMPLETED\n  - **Why:** Essential preparation for merging databases and migrating Flow Control.\n  - **Plan:** See `/root/policies-repo/plans/UNIFIED_ARCHITECTURE_PLAN.md`\n  - **Achievements:**\n    1.  **Flow Control:** Migrated from SQLite to Postgres (Schema: `inventory`).\n    2.  **Databases:** Consolidated `expiry-alert` and `hycrm` into `flow-control-db` (Postgres 15).\n    3.  **Directus:** Unified instance on Port 8055 serving `db`, `crm`, and `expiryalert`.\n    4.  **CRM:** Migrated to `crm` schema.\n  - **Status:** ✅ COMPLETED (2026-02-02)\n\n- [x] **TASK 1.4: Troubleshoot Flow Control Dashboard & Remove 'base44'** ✅ COMPLETED\n  - **Why:** User reports dashboard not loading; Caddy shows "stream closed" errors. Also needs branding cleanup.\n  - **Impact:** HIGH - Production service degraded/down.\n  - **Root Cause:** Backend API server was not running. The TypeScript server needed to be built and started, and Caddy needed API proxy configuration.\n  - **Solution:**\n    1. Built TypeScript server (`npm run build` in /opt/flow-control/app/server/)\n    2. Started API with PM2 (`pm2 start dist/src/server.js --name flow-api`)\n    3. Added API proxy to Caddy (`/api/*` → 127.0.0.1:4000)\n    4. Removed base44 URLs from CSP headers and Layout.jsx\n    5. Created new favicon.svg, rebuilt frontend container\n  - **Status:** ✅ COMPLETED (2026-01-21)\n\n- [x] **TASK 1.1: Build & Deploy CRM-Lite** [30 minutes] ✅ COMPLETED\n  - **Why:** Site is configured but returning 404 errors, affecting user experience\n  - **Impact:** HIGH - User-facing service is down\n  - **Risk:** LOW - Read-only build process\n  - **Steps:**\n    ```bash\n    # 1. Navigate to project\n    cd /home/elron/services/crm-lite/crm-app\n\n    # 2. Check current state\n    ls -la dist/  # Should not exist or be empty\n    cat package.json | grep scripts  # Verify build command exists\n\n    # 3. Install dependencies if needed\n    npm install\n\n    # 4. Run production build\n    npm run build\n\n    # 5. Verify dist/ directory created\n    ls -la dist/\n    du -sh dist/\n\n    # 6. Test site access\n    curl -I https://crmlite.coriathost.cloud\n    ```\n  - **Success Criteria:**\n    - `dist/` directory exists with HTML/JS/CSS files\n    - Site loads in browser at crmlite.coriathost.cloud\n    - No 404 errors\n  - **Log Results:** Update "Completed Jobs" section with findings\n\n- [x] **TASK 1.2: Change n8n Default Password** [15 minutes] ✅ COMPLETED	/root/AI_JOBS.md	{}	{memory:second-brain,source:ai_jobs,contract:v1}	0.900	review_30d	applied	importer	f	2026-03-08 10:07:06.788334+00	2026-03-08 10:07:06.788334+00
8dd1f492-4c3d-4450-b208-8e17cfdca4f0	Lesson Media Pipeline - Regression Gate - v1	Workflow metadata captured from n8n export.	/home/elron/services/n8n/workflows/regression/lesson-media-pipeline-regression-gate-v1.json	{797c375d-1bc3-4e16-819b-41914b459cc2}	{memory:second-brain,source:n8n,contract:v1,"contract:v1,owner:platform,env:staging,regression,media-pipeline"}	0.850	review_30d	applied	importer	f	2026-02-27 09:54:27.182478+00	2026-02-27 09:54:27.182478+00
f541f81e-33f9-4cf0-88fc-c383ce5e8cd0	Super Team - Master Orchestrator - v1	Workflow metadata captured from n8n export.	/home/elron/services/n8n/workflows/super-team/01-super-team-master-orchestrator-v1.json	{6979ee89-ce73-4420-a28a-2ea66fb29840}	{memory:second-brain,source:n8n,contract:v1,"contract:v1,owner:super-team,env:staging,agent-super-team,role:master-orchestrator"}	0.850	review_30d	applied	importer	f	2026-02-27 09:54:27.182478+00	2026-02-27 09:54:27.182478+00
3c33401b-4398-4e60-8084-0d085cc68811	n8n notification recipient switched to hoshenyehuda@gmail.com	The production n8n service at auto.coriathost.cloud now uses NOTIFY_EMAIL_TO=hoshenyehuda@gmail.com in /home/elron/services/n8n/.env. The n8n container was recreated with an explicit --env-file load and the live container environment confirms the new recipient value.	/home/elron/services/n8n/.env	{}	{n8n,notifications,email,env:prod}	0.950	persistent	applied	agent	f	2026-03-08 11:54:12.810604+00	2026-03-08 11:54:12.810604+00
6d465128-26a8-4edf-8647-c68b3c30c9c0	Staging acceptance memory	Medium-risk memory proposal for acceptance gate.	/root/second-brain/scripts/run_staging_acceptance_gate.sh	{}	{memory:second-brain,source:acceptance,contract:v1}	0.800	review_30d	applied	agent	f	2026-02-27 10:10:51.724457+00	2026-02-27 10:10:51.724457+00
e53fd4fc-fe2a-41ce-ad6c-9539030526dc	AI_JOBS Snapshot	Last Updated: 2026-02-27 13:30 UTC\n# AI Agent Job Tracker\n\n**Location:** `/root/AI_JOBS.md` (VPS-specific, not in git)\n**Purpose:** Centralized task tracking for all AI agents working on this VPS\n**Template:** `/root/policies-repo/AI_JOBS_TEMPLATE.md` (in git)\n**Sync Script:** `/root/sync-jobs.sh` (use `./sync-jobs.sh status`)\n**Last Updated:** 2026-02-27 13:30 UTC\n**File Size:** 29KB+ (975+ lines)\n**Total Tasks:** 18 (15 completed, 3 remaining)\n**Shared Context:** `/root/policies-repo/shared-context/` (NEW - see below)\n\n---\n\n## 📋 Instructions for AI Agents\n\n### How to Use This Document\n\n1. **READ this document** at the start of your session to understand pending work\n2. **READ any `general*.*` files** at the start of each conversation in:\n   - `/root/.codex/skills/`\n   - `/root/policies-repo/skills/`\n   - `/root/policies-repo/shared-context/` (if applicable)\n3. **UPDATE this document** when you:\n   - Complete a job (move to "Completed" section)\n   - Discover new jobs (add to appropriate section)\n   - Change job status or priority\n   - Find important information/conclusions\n4. **LOG your work** in the "Agent Activity Log" section at the bottom\n5. **ALWAYS** update the "Last Updated" date at the top\n\n### Update Format\n\nWhen you complete a job:\n```markdown\n## Completed Jobs\n- ✅ [Date] Job description\n  - **Agent:** Your identifier (Claude/Gemini/Codex)\n  - **Conclusions:** Key findings, decisions made, issues encountered\n  - **Related files:** Paths to files created/modified\n```\n\nWhen you discover a new job:\n```markdown\n## [Appropriate Section]\n- ⚠️ **[PRIORITY]** Job description\n  - **Context:** Why this is needed\n  - **Estimated effort:** Small/Medium/Large\n```\n\n---\n\n## 🎯 MASTER ACTION PLAN & CHECKLIST\n\n### 🔗 Active Major Plan: Unified Data Architecture\n**File:** `/root/policies-repo/plans/UNIFIED_ARCHITECTURE_PLAN.md`\n**Goal:** Migrate Flow Control to Postgres, Consolidate Databases, Unified Directus Backend.\n\n### 📅 PHASE 1: Immediate (Do This Week)\n\n#### Context\nFix broken services and critical security issues that pose immediate risk.\n\n#### Checklist\n\n- [x] **TASK 1.0: Unified Architecture - Phase 1-4 (Complete Migration)** ✅ COMPLETED\n  - **Why:** Essential preparation for merging databases and migrating Flow Control.\n  - **Plan:** See `/root/policies-repo/plans/UNIFIED_ARCHITECTURE_PLAN.md`\n  - **Achievements:**\n    1.  **Flow Control:** Migrated from SQLite to Postgres (Schema: `inventory`).\n    2.  **Databases:** Consolidated `expiry-alert` and `hycrm` into `flow-control-db` (Postgres 15).\n    3.  **Directus:** Unified instance on Port 8055 serving `db`, `crm`, and `expiryalert`.\n    4.  **CRM:** Migrated to `crm` schema.\n  - **Status:** ✅ COMPLETED (2026-02-02)\n\n- [x] **TASK 1.4: Troubleshoot Flow Control Dashboard & Remove 'base44'** ✅ COMPLETED\n  - **Why:** User reports dashboard not loading; Caddy shows "stream closed" errors. Also needs branding cleanup.\n  - **Impact:** HIGH - Production service degraded/down.\n  - **Root Cause:** Backend API server was not running. The TypeScript server needed to be built and started, and Caddy needed API proxy configuration.\n  - **Solution:**\n    1. Built TypeScript server (`npm run build` in /opt/flow-control/app/server/)\n    2. Started API with PM2 (`pm2 start dist/src/server.js --name flow-api`)\n    3. Added API proxy to Caddy (`/api/*` → 127.0.0.1:4000)\n    4. Removed base44 URLs from CSP headers and Layout.jsx\n    5. Created new favicon.svg, rebuilt frontend container\n  - **Status:** ✅ COMPLETED (2026-01-21)\n\n- [x] **TASK 1.1: Build & Deploy CRM-Lite** [30 minutes] ✅ COMPLETED\n  - **Why:** Site is configured but returning 404 errors, affecting user experience\n  - **Impact:** HIGH - User-facing service is down\n  - **Risk:** LOW - Read-only build process\n  - **Steps:**\n    ```bash\n    # 1. Navigate to project\n    cd /home/elron/services/crm-lite/crm-app\n\n    # 2. Check current state\n    ls -la dist/  # Should not exist or be empty\n    cat package.json | grep scripts  # Verify build command exists\n\n    # 3. Install dependencies if needed\n    npm install\n\n    # 4. Run production build\n    npm run build\n\n    # 5. Verify dist/ directory created\n    ls -la dist/\n    du -sh dist/\n\n    # 6. Test site access\n    curl -I https://crmlite.coriathost.cloud\n    ```\n  - **Success Criteria:**\n    - `dist/` directory exists with HTML/JS/CSS files\n    - Site loads in browser at crmlite.coriathost.cloud\n    - No 404 errors\n  - **Log Results:** Update "Completed Jobs" section with findings\n\n- [x] **TASK 1.2: Change n8n Default Password** [15 minutes] ✅ COMPLETED	/root/AI_JOBS.md	{}	{memory:second-brain,source:ai_jobs,contract:v1}	0.900	review_30d	applied	importer	f	2026-02-27 14:07:07.423457+00	2026-02-27 14:07:07.423457+00
7d07f823-c145-425f-8b6b-51f68c3a984a	Staging acceptance memory	Medium-risk memory proposal for acceptance gate.	/root/second-brain/scripts/run_staging_acceptance_gate.sh	{79659ec0-9a94-4a30-988a-3f8f5493fa7c}	{memory:second-brain,source:acceptance,contract:v1}	0.800	review_30d	applied	agent	f	2026-03-04 11:52:56.662419+00	2026-03-04 11:52:56.662419+00
91d0fb17-77be-46b9-a1d4-8037780fbb13	HYCRM income receipt integrity audit baseline generated	Generated automated income receipt audit outputs: total income=964, missing document numbers=12, sequence anomalies=9, sampling queue=41. Added reusable script under crm-accounting-compliance-orchestrator skill and audit methodology reference.	/root/working/reports/receipt-audit	{20090ea8-932a-43bf-b6c5-7af81693e4a8,9c5f4644-a1f3-4903-bc6a-35de34051b1d,00498146-1a29-443f-a39f-5ba19fe1e660}	{memory:second-brain,domain:crm-accounting,artifact:receipt-audit,source:manual}	0.960	review_90d	applied	agent	f	2026-03-04 19:03:13.367933+00	2026-03-04 19:03:13.367933+00
1bcd0e33-981b-4938-a2ce-16b3ec806ce7	n8n lesson media pipeline v2 hardening and Google Drive auth blocker	Updated live workflows Lesson Media Pipeline (Webhook) - v2 (Psi1HjqZw7Zpr1MN), Google Drive Watch Manager - v2 (rrYpd1ZPN5lwRuU9), and Video Pipeline - Error Handler (3da2c7ba-7ed5-4da7-b6af-96a843730aa3). Fixed missing Google Drive credential binding on watch manager, removed self-loop, standardized success/error envelopes, updated docs, and improved Google OAuth refresh diagnostics so failures now surface invalid_grant detail instead of generic 400. Verified error handler triggers successfully on watch-manager failures. Removed accidental RPC credential debug logging from live n8n runtime and source patch path, truncated sensitive Docker log output, and hardened email alert code to skip cleanly when curl is unavailable. Remaining blocker: Google Drive OAuth2 credential refresh token is expired or revoked; watch manager/manual smoke now fails with GOOGLE_AUTH_EXPIRED invalid_grant until the credential is reconnected in n8n UI.	/home/elron/services/n8n/workflows/lesson-video-pipeline-v2.json	{}	{memory:ops,service:n8n,workflow:lesson-media-pipeline,workflow:google-drive-watch-manager,contract:v1}	0.950	review_30d	applied	agent	f	2026-03-06 10:32:28.006234+00	2026-03-06 10:32:28.006234+00
7354689f-198b-46f6-8c8b-a8983e86d0ff	Example runbook note	This memory is intentionally medium risk so it lands in proposed state.	/root/second-brain/docs/examples	{}	{memory:second-brain,source:manual,contract:v1}	0.800	review_30d	applied	human	f	2026-02-27 09:51:59.271758+00	2026-02-27 09:51:59.271758+00
10507e46-dbef-4e36-a2d2-529478863fc1	Agent Reference - Async Long-Run Assistant - v1	Workflow metadata captured from n8n export.	/home/elron/services/n8n/workflows/agents/agent-async-longrun-assistant-v1.json	{55600813-5f96-4d39-94b9-b3ce8693c40a}	{memory:second-brain,source:n8n,contract:v1,"reference,agent,async,contract:v1"}	0.850	review_30d	applied	importer	f	2026-02-27 09:54:27.182478+00	2026-02-27 09:54:27.182478+00
f8c676e4-af14-43cc-80ea-8ef9233413ed	Agent Reference - RAG Assistant - v1	Workflow metadata captured from n8n export.	/home/elron/services/n8n/workflows/agents/agent-rag-assistant-v1.json	{65573218-10e6-4eaf-ab56-9f20a9b93a59}	{memory:second-brain,source:n8n,contract:v1,"reference,agent,rag,contract:v1"}	0.850	review_30d	applied	importer	f	2026-02-27 09:54:27.182478+00	2026-02-27 09:54:27.182478+00
05636042-2aaa-4a08-abbc-9bdea10afb05	Agent Reference - Tool Calling Assistant - v1	Workflow metadata captured from n8n export.	/home/elron/services/n8n/workflows/agents/agent-tool-calling-assistant-v1.json	{596c28bf-5832-4b4d-bcf3-9c092a9b1dcc}	{memory:second-brain,source:n8n,contract:v1,"reference,agent,tool-calling,contract:v1"}	0.850	review_30d	applied	importer	f	2026-02-27 09:54:27.182478+00	2026-02-27 09:54:27.182478+00
406801db-6878-4103-8dfc-3dcec4ada9a4	Video Pipeline - Error Handler	Workflow metadata captured from n8n export.	/home/elron/services/n8n/workflows/error-handler.json	{876ea516-a414-4da8-82ea-66e6a1faa03a}	{memory:second-brain,source:n8n,contract:v1,"video-pipeline,error-handler"}	0.850	review_30d	applied	importer	f	2026-02-27 09:54:27.182478+00	2026-02-27 09:54:27.182478+00
61d2c852-3ff5-42db-a767-2e43a0beac4c	Google Drive Watch Manager	Workflow metadata captured from n8n export.	/home/elron/services/n8n/workflows/exports/google-drive-watch-manager-live.json	{c3c64d2f-2d2f-4486-b950-8921082642b2}	{memory:second-brain,source:n8n,contract:v1,"video-pipeline,webhook,google-drive,contract:v1,owner:platform,env:prod"}	0.850	review_30d	applied	importer	f	2026-02-27 09:54:27.182478+00	2026-02-27 09:54:27.182478+00
3f6ad453-9160-44ef-8cec-f959963b186a	Lesson Media Pipeline (Webhook)	Workflow metadata captured from n8n export.	/home/elron/services/n8n/workflows/exports/lesson-media-pipeline-live.json	{248fce47-05f9-41e0-9bcd-2d97cc4299c4}	{memory:second-brain,source:n8n,contract:v1,"video-pipeline,webhook,production,contract:v1,owner:platform,env:prod"}	0.850	review_30d	applied	importer	f	2026-02-27 09:54:27.182478+00	2026-02-27 09:54:27.182478+00
e46243d9-4624-4ce9-a0f4-0b44ad55ca20	Google Drive Watch Manager - v2	Workflow metadata captured from n8n export.	/home/elron/services/n8n/workflows/google-drive-watch-manager-v2.json	{43ab2dfd-4403-4f54-bfed-090e48de0891}	{memory:second-brain,source:n8n,contract:v1,"video-pipeline,webhook,google-drive,contract:v1,owner:platform,env:prod,env:staging,v2"}	0.850	review_30d	applied	importer	f	2026-02-27 09:54:27.182478+00	2026-02-27 09:54:27.182478+00
7f804229-e494-4456-9e47-e9653cb5252d	Google Drive Watch Manager	Workflow metadata captured from n8n export.	/home/elron/services/n8n/workflows/google-drive-watch-manager.json	{8751f8fa-5552-469a-b205-c0f01977d0ec}	{memory:second-brain,source:n8n,contract:v1,"video-pipeline,webhook,google-drive"}	0.850	review_30d	applied	importer	f	2026-02-27 09:54:27.182478+00	2026-02-27 09:54:27.182478+00
af472288-f83c-49f5-89ff-08102d8f3719	Lesson Media Pipeline (Webhook) - v2	Workflow metadata captured from n8n export.	/home/elron/services/n8n/workflows/lesson-video-pipeline-v2.json	{28b96265-b608-4aa5-a749-46deb8279384}	{memory:second-brain,source:n8n,contract:v1,"video-pipeline,webhook,production,contract:v1,owner:platform,env:prod,env:staging,v2"}	0.850	review_30d	applied	importer	f	2026-02-27 09:54:27.182478+00	2026-02-27 09:54:27.182478+00
d36070f2-cc51-4fea-b02c-b4f5000437ae	Hoshen Yehuda accounting control pack for Takbull / Directus / EasyCount	Operational policy locked on 2026-03-06: pre-2026 receipt authority is EasyCount/manual only, while 2026+ receipt authority is Takbull. Canonical execution artifacts now live under /root/working/reports/receipt-audit/, including takbull_action_manifest.csv, directus_note_manifest.csv, and ACCOUNTING_CONTROL_IMPLEMENTATION_2026-03-06.md. Directus transactions.note was updated with the idempotent tag [ACCOUNTING_CTRL_2026-03-06]. New script /root/working/scripts/takbull_api_document_backfill.py stages Takbull API backfills with SendByEmail=false and blocks live execution unless approval_state=approved.	/root/working/reports/receipt-audit/ACCOUNTING_CONTROL_IMPLEMENTATION_2026-03-06.md	{20090ea8-932a-43bf-b6c5-7af81693e4a8}	{memory:second-brain,source:manual,contract:v1,hoshen-yehuda,accounting-control,takbull}	0.970	review_30d	applied	agent	f	2026-03-06 13:11:38.594312+00	2026-03-06 13:11:38.594312+00
d3bf30cd-bbbd-47d2-aefa-07f08c899d92	Super Team - Intake Normalizer - v1	Workflow metadata captured from n8n export.	/home/elron/services/n8n/workflows/super-team/02-super-team-intake-normalizer-v1.json	{c3cdbd89-8a57-4c61-b396-da236e27455b}	{memory:second-brain,source:n8n,contract:v1,"contract:v1,owner:super-team,env:staging,agent-super-team,role:intake-normalizer"}	0.850	review_30d	applied	importer	f	2026-02-27 09:54:27.182478+00	2026-02-27 09:54:27.182478+00
f9872ff7-004f-4150-8101-582f993d89f3	Super Team - Contract Validator - v1	Workflow metadata captured from n8n export.	/home/elron/services/n8n/workflows/super-team/03-super-team-contract-validator-v1.json	{ac198a6a-c11a-4063-a5de-f27796ae3320}	{memory:second-brain,source:n8n,contract:v1,"contract:v1,owner:super-team,env:staging,agent-super-team,role:contract-validator"}	0.850	review_30d	applied	importer	f	2026-02-27 09:54:27.182478+00	2026-02-27 09:54:27.182478+00
a303e18a-4a4f-4254-b53c-5ae286e1c025	Super Team - Error Manager - v1	Workflow metadata captured from n8n export.	/home/elron/services/n8n/workflows/super-team/04-super-team-error-manager-v1.json	{fcb7af9a-a299-4390-a953-91040d4aaac9}	{memory:second-brain,source:n8n,contract:v1,"contract:v1,owner:super-team,env:staging,agent-super-team,role:error-manager"}	0.850	review_30d	applied	importer	f	2026-02-27 09:54:27.182478+00	2026-02-27 09:54:27.182478+00
235bbc51-5c02-4881-a7d6-935ae6e954c0	Super Team - Dead Letter Replay - v1	Workflow metadata captured from n8n export.	/home/elron/services/n8n/workflows/super-team/05-super-team-dead-letter-replay-v1.json	{53d6b1f5-79d5-45c5-8f85-495d1b44cbc7}	{memory:second-brain,source:n8n,contract:v1,"contract:v1,owner:super-team,env:staging,agent-super-team,role:dead-letter-replay"}	0.850	review_30d	applied	importer	f	2026-02-27 09:54:27.182478+00	2026-02-27 09:54:27.182478+00
cb589390-98b1-403f-9ed7-99ba38106e25	Super Team - Tool Calling Specialist - v1	Workflow metadata captured from n8n export.	/home/elron/services/n8n/workflows/super-team/06-super-team-tool-calling-specialist-v1.json	{b4db7973-bf9a-4854-9cb1-ce4ebc789048}	{memory:second-brain,source:n8n,contract:v1,"contract:v1,owner:super-team,env:staging,agent-super-team,role:tool-calling"}	0.850	review_30d	applied	importer	f	2026-02-27 09:54:27.182478+00	2026-02-27 09:54:27.182478+00
f76d2954-36d6-4c8d-ad34-f419da04faf4	Super Team - RAG Specialist - v1	Workflow metadata captured from n8n export.	/home/elron/services/n8n/workflows/super-team/07-super-team-rag-specialist-v1.json	{65ffab58-5018-4600-866e-2b1f1fdbfb9e}	{memory:second-brain,source:n8n,contract:v1,"contract:v1,owner:super-team,env:staging,agent-super-team,role:rag"}	0.850	review_30d	applied	importer	f	2026-02-27 09:54:27.182478+00	2026-02-27 09:54:27.182478+00
f91b5bfd-530e-47bc-a7dd-b94361f157a4	Super Team - Async Long-Run Specialist - v1	Workflow metadata captured from n8n export.	/home/elron/services/n8n/workflows/super-team/08-super-team-async-longrun-specialist-v1.json	{f3291c77-6d32-4eba-a896-4ad2fa2cd7be}	{memory:second-brain,source:n8n,contract:v1,"contract:v1,owner:super-team,env:staging,agent-super-team,role:async-longrun"}	0.850	review_30d	applied	importer	f	2026-02-27 09:54:27.182478+00	2026-02-27 09:54:27.182478+00
82e3852d-56d0-4520-8bad-48a3c354bcdc	Super Team - CRM Specialist - v1	Workflow metadata captured from n8n export.	/home/elron/services/n8n/workflows/super-team/09-super-team-crm-specialist-v1.json	{89f50d5b-54fc-4b3b-ac7e-a3fb534d349f}	{memory:second-brain,source:n8n,contract:v1,"contract:v1,owner:super-team,env:staging,agent-super-team,role:crm"}	0.850	review_30d	applied	importer	f	2026-02-27 09:54:27.182478+00	2026-02-27 09:54:27.182478+00
80cdc2b3-c395-43c6-b44a-c240c999f442	Super Team - Media Specialist - v1	Workflow metadata captured from n8n export.	/home/elron/services/n8n/workflows/super-team/10-super-team-media-specialist-v1.json	{879099d6-0f1e-4487-857a-644445b72f52}	{memory:second-brain,source:n8n,contract:v1,"contract:v1,owner:super-team,env:staging,agent-super-team,role:media"}	0.850	review_30d	applied	importer	f	2026-02-27 09:54:27.182478+00	2026-02-27 09:54:27.182478+00
dbed2e0d-4be7-40a0-9328-696b3ae9bc7f	Super Team - Integrations Specialist - v1	Workflow metadata captured from n8n export.	/home/elron/services/n8n/workflows/super-team/11-super-team-integrations-specialist-v1.json	{27e656a3-d2ce-4239-9d23-171a70a375c2}	{memory:second-brain,source:n8n,contract:v1,"contract:v1,owner:super-team,env:staging,agent-super-team,role:integrations"}	0.850	review_30d	applied	importer	f	2026-02-27 09:54:27.182478+00	2026-02-27 09:54:27.182478+00
5f18ac3a-a431-496d-9c3c-25ab77253a99	Super Team - QA Test Orchestrator Agent - v1	Workflow metadata captured from n8n export.	/home/elron/services/n8n/workflows/super-team/12-super-team-qa-test-orchestrator-agent-v1.json	{c3ee7528-e45e-4b5a-b772-ac344381b21f}	{memory:second-brain,source:n8n,contract:v1,"contract:v1,owner:super-team,env:staging,agent-super-team,role:qa-orchestrator"}	0.850	review_30d	applied	importer	f	2026-02-27 09:54:27.182478+00	2026-02-27 09:54:27.182478+00
11d96565-8d9e-46e6-9fa5-5a4cf8afc39a	Super Team - Debug Failure Analysis Agent - v1	Workflow metadata captured from n8n export.	/home/elron/services/n8n/workflows/super-team/13-super-team-debug-failure-analysis-agent-v1.json	{b50d4508-f886-4593-9238-01576496e26e}	{memory:second-brain,source:n8n,contract:v1,"contract:v1,owner:super-team,env:staging,agent-super-team,role:debug-analysis"}	0.850	review_30d	applied	importer	f	2026-02-27 09:54:27.182478+00	2026-02-27 09:54:27.182478+00
bc26c888-d826-4786-b5b6-78b5be87cc4c	Super Team - Observability SLO Agent - v1	Workflow metadata captured from n8n export.	/home/elron/services/n8n/workflows/super-team/14-super-team-observability-slo-agent-v1.json	{e6135613-3794-4b57-92eb-a03037e5cc2c}	{memory:second-brain,source:n8n,contract:v1,"contract:v1,owner:super-team,env:staging,agent-super-team,role:observability"}	0.850	review_30d	applied	importer	f	2026-02-27 09:54:27.182478+00	2026-02-27 09:54:27.182478+00
84467d56-6196-441f-9ee0-047cb6bbf00c	Template - API Sync - v1	Workflow metadata captured from n8n export.	/home/elron/services/n8n/workflows/templates/template-api-sync-v1.json	{609f14f6-1cd4-486e-b91c-26138e107cde}	{memory:second-brain,source:n8n,contract:v1,"template,api-sync,contract:v1,owner:platform"}	0.850	review_30d	applied	importer	f	2026-02-27 09:54:27.182478+00	2026-02-27 09:54:27.182478+00
c68c3c3e-c9e4-410d-9ee9-f7f3d54609b2	Template - Dead Letter Retry - v1	Workflow metadata captured from n8n export.	/home/elron/services/n8n/workflows/templates/template-dead-letter-retry-v1.json	{5f6468e8-e2bf-41e4-80c9-e9676f54e644}	{memory:second-brain,source:n8n,contract:v1,"template,dead-letter,contract:v1,owner:platform"}	0.850	review_30d	applied	importer	f	2026-02-27 09:54:27.182478+00	2026-02-27 09:54:27.182478+00
b0eb45b0-b398-449b-91fa-982e7b3442ab	Template - Error Handler - v1	Workflow metadata captured from n8n export.	/home/elron/services/n8n/workflows/templates/template-error-handler-v1.json	{87cd24cb-626f-494d-8b66-08a02d9c3912}	{memory:second-brain,source:n8n,contract:v1,"template,error-handler,contract:v1,owner:platform"}	0.850	review_30d	applied	importer	f	2026-02-27 09:54:27.182478+00	2026-02-27 09:54:27.182478+00
81ae24f5-4a9c-4ae5-b21a-a4af2e68c978	Template - LLM Agent - v1	Workflow metadata captured from n8n export.	/home/elron/services/n8n/workflows/templates/template-llm-agent-v1.json	{55f3a078-cbc9-46ee-a1e4-fee8857fcd12}	{memory:second-brain,source:n8n,contract:v1,"template,agent,contract:v1,owner:platform"}	0.850	review_30d	applied	importer	f	2026-02-27 09:54:27.182478+00	2026-02-27 09:54:27.182478+00
59922406-2f87-4013-aa39-6f74217bb67f	Staging acceptance memory	Medium-risk memory proposal for acceptance gate.	/root/second-brain/scripts/run_staging_acceptance_gate.sh	{29d50b80-d87f-4d5d-81c7-9f80c4eede48}	{memory:second-brain,source:acceptance,contract:v1}	0.800	review_30d	applied	agent	f	2026-02-27 10:12:44.389978+00	2026-02-27 10:12:44.389978+00
3c3cef16-554d-48d4-a50b-c4170e743915	Template - Webhook Intake - v1	Workflow metadata captured from n8n export.	/home/elron/services/n8n/workflows/templates/template-webhook-intake-v1.json	{b5d15e53-c13d-49e5-9832-2f8974545ac3}	{memory:second-brain,source:n8n,contract:v1,"template,contract:v1,owner:platform,env:staging"}	0.850	review_30d	applied	importer	f	2026-02-27 09:54:27.182478+00	2026-02-27 09:54:27.182478+00
3d793407-dae3-42b0-accd-61a62e8ac24a	GLOBAL_RULES.md	# Global Rules for AI Agents\n\n**Applies to:** Claude, Codex, Gemini\n**VPS:** Hostinger (72.62.59.160)\n**Last Updated:** 2026-01-20\n\n---\n\n## Session Start Protocol\n\nEvery session, perform these steps:\n\n1. **Read shared context:**\n   ```\n   /root/policies-repo/shared-context/GLOBAL_RULES.md (this file)\n   /root/policies-repo/shared-context/VPS_STRUCTURE.md\n   /root/policies-repo/shared-context/progress/WEEKLY_PROGRESS.md\n   /root/policies-repo/shared-context/progress/ERROR_LOG.md\n   ```\n\n2. **Check pending work:**\n   ```\n   /root/AI_JOBS.md\n   /root/manual_jobs.md\n   ```\n\n3. **Verify container health:**\n   ```bash\n   docker ps --format "table {{.Names}}\\t{{.Status}}"\n   ```\n\n4. **Check for active errors:** Review ERROR_LOG.md for unresolved issues\n\n5. **Identify scope:** Determine which container(s) your task affects\n\nFor detailed workflow instructions, see **WORKFLOW_GUIDE.md**.\n\n---\n\n## Update Protocol\n\n### During Work\n- Update `/root/AI_JOBS.md` when starting or completing tasks\n- Log significant findings in `progress/WEEKLY_PROGRESS.md`\n- **Log errors IMMEDIATELY** in `progress/ERROR_LOG.md` when encountered\n- Document issues encountered\n\n### Every 10 Minutes (Automated)\n- Cron job updates `WEEKLY_PROGRESS.md` timestamp\n- Creates checkpoint in `/root/ai-progress/checkpoints/`\n\n### At Session End\n- Mark completed tasks in AI_JOBS.md\n- Note any handoff items in WEEKLY_PROGRESS.md\n- Update ERROR_LOG.md with resolution status for any errors worked on\n\n### Error Logging (Required)\nWhen you encounter an error:\n1. Add to Active Errors table in ERROR_LOG.md\n2. Create detailed entry with context, cause, and solution attempts	/root/policies-repo/shared-context/GLOBAL_RULES.md	{}	{memory:second-brain,source:shared_context,contract:v1}	0.800	review_30d	applied	importer	f	2026-02-27 09:54:27.182478+00	2026-02-27 09:54:27.182478+00
fd06b419-e933-459c-847d-fb163f48f02c	VPS_STRUCTURE.md	# VPS Structure Documentation\n\n**Provider:** Hostinger VPS\n**OS:** Ubuntu 24.04.3 LTS\n**IP:** 72.62.59.160\n**Reverse Proxy:** Caddy\n**Last Updated:** 2026-02-02 (Unified Architecture)\n\n---\n\n## Container Map\n\n### Production Services\n\n| Service | Container | Image | Port | Domain |\n|---------|-----------|-------|------|--------|\n| **Directus (Unified)** | `expiry-alert-directus-1` | `directus/directus:latest` | 8055 | `db.coriathost.cloud`, `crm.coriathost.cloud` |\n| **Central DB** | `flow-control-db` | `postgres:15` | 5432 | (Internal) |\n| Flow Control API | `flow-api` (PM2) | Node.js | 4000 | `flow.coriathost.cloud` |\n| Flow Control Frontend | `flow-control-frontend` | `app-frontend` | 8080 | `flow.coriathost.cloud` |\n| Flow Auth | `flow-auth` | `flow-auth-flow-auth` | 8081 | - |\n| Expiry Alert API | `expiry-alert-expiryalert-api-1` | Node.js | 3011 | `expiryalert.coriathost.cloud` |\n| n8n | `n8n` | `n8nio/n8n:latest` | 5678 | `n8n.coriathost.cloud` |\n| CRM Lite | `crmlite-web` | `caddy:2` | 8090 | `crmlite.coriathost.cloud` |\n| Uptime Kuma | `uptime-kuma` | `louislam/uptime-kuma:latest` | 3002 | `uptime.coriathost.cloud` |\n\n### Database Schemas (In `flow-control-db`)\n\n| Schema | Application | Description |\n|--------|-------------|-------------|\n| `public` | Directus / Expiry / Auth | System tables, Expiry App, Auth Service |\n| `inventory` | Flow Control | Blood Bank Inventory System |\n| `crm` | Hoshen Yehuda CRM | CRM App Data |\n\n---\n\n## Directory Structure\n\n### /root/ (AI Agent Workspace)\n\n```\n/root/\n├── AI_JOBS.md              # Central job tracker\n├── policies-repo/          # Git: Policies & Skills\n│   ├── plans/              # Architecture Plans\n│   └── shared-context/     # Context\n├── flow-auth/              # Auth service\n├── expiry-alert/           # Expiry alert app (Docker Compose)\n└── ...\n```\n\n### /opt/ (System Services)\n\n```\n/opt/\n├── flow-control/           # Flow Control application\n│   └── app/server/         # API (PM2), Prisma (Postgres)\n└── hoshen-yehuda/          # (Legacy CRM files)\n```	/root/policies-repo/shared-context/VPS_STRUCTURE.md	{}	{memory:second-brain,source:shared_context,contract:v1}	0.800	review_30d	applied	importer	f	2026-02-27 09:54:27.182478+00	2026-02-27 09:54:27.182478+00
662e20fc-ea75-471d-8600-c8074bd858f6	WORKFLOW_GUIDE.md	# Workflow Guide for AI Agents\n\n**Purpose:** Comprehensive guide on exactly how and when to use each file in the shared-context system\n**Applies to:** Claude, Codex, Gemini\n**Location:** `/root/policies-repo/shared-context/WORKFLOW_GUIDE.md`\n**Last Updated:** 2026-01-20\n\n---\n\n## Table of Contents\n\n1. [Session Start Workflow](#session-start-workflow)\n2. [Per-Prompt Workflow](#per-prompt-workflow)\n3. [Session End Workflow](#session-end-workflow)\n4. [File Responsibility Matrix](#file-responsibility-matrix)\n5. [Update Frequency Rules](#update-frequency-rules)\n6. [Cross-Agent Coordination](#cross-agent-coordination)\n7. [Decision Flowcharts](#decision-flowcharts)\n8. [Archival System](#archival-system)\n\n---\n\n## Session Start Workflow\n\n```\n+-------------------------------------------------------------+\n|                      SESSION START                           |\n+-------------------------------------------------------------+\n| 1. READ (in order):                                         |\n|    +-- GLOBAL_RULES.md (rules & safety)                     |\n|    +-- VPS_STRUCTURE.md (container map)                     |\n|    +-- WORKFLOW_GUIDE.md (this file - first time only)      |\n|    +-- WEEKLY_PROGRESS.md (recent activity)                 |\n|    +-- ERROR_LOG.md (recent errors to avoid)                |\n|    +-- AI_JOBS.md (pending tasks)                           |\n|                                                              |\n| 2. CHECK:                                                    |\n|    +-- docker ps (container health)                         |\n|                                                              |\n| 3. IDENTIFY:                                                 |\n|    +-- Which containers does my task affect?                |\n|    +-- Read relevant containers/*.md                        |\n|                                                              |\n| 4. VERIFY:                                                   |\n|    +-- Any blocking errors in ERROR_LOG.md?                 |\n|    +-- Any in-progress work I should know about?            |\n+-------------------------------------------------------------+\n```\n\n### Session Start Checklist\n\n- [ ] Read GLOBAL_RULES.md\n- [ ] Read VPS_STRUCTURE.md\n- [ ] Check WEEKLY_PROGRESS.md for recent activity\n- [ ] Check ERROR_LOG.md for active errors\n- [ ] Review AI_JOBS.md for pending tasks\n- [ ] Run `docker ps` to verify container health\n- [ ] Identify which containers my work affects\n\n---	/root/policies-repo/shared-context/WORKFLOW_GUIDE.md	{}	{memory:second-brain,source:shared_context,contract:v1}	0.800	review_30d	applied	importer	f	2026-02-27 09:54:27.182478+00	2026-02-27 09:54:27.182478+00
a0e49598-0b61-464f-a98c-09c0d293942c	WEEKLY_PROGRESS.md	# Weekly Progress Report\n\n**Week:** 2026-W05 (Jan 27 - Feb 2)\n**Last Updated:** 2026-02-11 17:40:01 UTC\n**Auto-Update:** Every 10 minutes via cron\n\n---\n\n## Active Sessions\n\n| Agent | Started | Last Activity | Working On |\n|-------|---------|---------------|------------|\n| Gemini | 2026-01-27 | 15:30 | Expiry Alert PWA & NGO CRM |\n| Codex | 2026-01-21 | 09:39 | DNS verification for crm.merkazneshama.co.il |\n\n## Today's Activity (2026-01-27)\n\n- [13:40] Gemini: Documented PWA conversion progress for Expiry Alert.\n- [14:00] Gemini: Configured CiviCRM Hebrew locale, Contact/Financial types, and Custom Fields via API.\n- [14:48] Gemini: Completed CiviCRM backend configuration (Hebrew WP pack, Cron, Security hardening).\n- [15:10] Gemini: Implemented Phase 2 (Backend) and Phase 3 (Frontend) for Expiry Alert PWA Push Notifications.\n\n---\n\n## Session Summaries\n\n| Date | Agent | Summary File | Description |\n|------|-------|--------------|-------------|\n| 2026-01-27 | Gemini | `/root/ai-progress/session_logs/2026-01-27_gemini_expiry-alert-pwa-push.md` | Expiry Alert PWA Push Notifications Implementation |\n| 2026-01-20 | Claude | `/root/ai-progress/session_logs/2026-01-20_claude_shared-context-enhancement.md` | Added ERROR_LOG.md, WORKFLOW_GUIDE.md |\n\n---\n\n## Today's Activity (2026-01-21)\n\n- [07:05] Claude: Added crm.merkazneshama.co.il to Caddyfile (DNS pending)\n- [07:05] Claude: Set policies-repo default branch to main via gh CLI\n- [07:40] Claude: Verified Flow Control dashboard working (no stream closed errors)\n- [07:40] Claude: Task 1.4 resolved - base44 refs in minified JS have no functional impact\n- [08:28] Codex: Created monthly security update script + cron schedule (backup then updates)\n- [08:33] Codex: Monthly security update completed (backup + 4 packages updated; no reboot required)\n- [09:38] Codex: DNS lookup for crm.merkazneshama.co.il still not resolving; old domain serves HTTPS\n- [14:15] Claude: ✅ Fixed Expiry Alert Expo app for Android (7 critical fixes: metro config, notification trigger, shared package, babel alias, plugin config, error handling)\n- [14:15] Claude: ✅ **Flow Control API Testing Complete** - All endpoints verified working\n\n### Flow Control API Verification Session (14:13-14:15)\n- [14:13] Claude: ✅ API Authentication tested - Login returns JWT token correctly\n- [14:13] Claude: ✅ Dashboard endpoint - Returns expiring reagents with Hebrew text\n- [14:13] Claude: ✅ Reagents endpoint - 60 records returned\n- [14:13] Claude: ✅ Suppliers endpoint - 5 suppliers with full data\n- [14:13] Claude: ✅ Batches endpoint - Returns lot numbers, expiry dates, quantities\n- [14:13] Claude: ✅ Orders endpoint - Returns SAP integration data\n- [14:13] Claude: ✅ Users endpoint - 14 users verified\n- [14:13] Claude: ✅ External API (HTTPS) - Authentication working through public URL\n- [14:13] Claude: ✅ Production site https://flow.coriathost.cloud - 200 OK\n- [14:13] Claude: ✅ Dev site https://dev.flow.coriathost.cloud - 200 OK\n- [14:13] Claude: DNS for crm.merkazneshama.co.il still not resolving (SERVFAIL)\n\n### Flow Control Testing Session (14:00-14:10)\n- [14:00] Claude: Fixed Caddy - static assets `/assets/*` were blocked by forward_auth → added bypass rule	/root/policies-repo/shared-context/progress/WEEKLY_PROGRESS.md	{}	{memory:second-brain,source:shared_context,contract:v1}	0.800	review_30d	applied	importer	f	2026-02-27 09:54:27.182478+00	2026-02-27 09:54:27.182478+00
effffb58-03bc-40a0-befc-92dbca387ed0	ERROR_LOG.md	# Error Log\n\n**Purpose:** Track all errors encountered across all AI agent sessions\n**Location:** `/root/policies-repo/shared-context/progress/ERROR_LOG.md`\n**Last Updated:** 2026-01-20\n\n---\n\n## Why This File Exists\n\n1. **Prevent repeating mistakes** - Document errors so no agent makes the same mistake twice\n2. **Document solutions** - Record what worked so future agents can reference it\n3. **Enable cross-agent learning** - All agents share this knowledge base\n4. **Provide troubleshooting reference** - Quick lookup for common issues\n\n---\n\n## Active Errors (Unresolved)\n\n| ID | Date | Agent | Container | Error Summary | Status |\n|----|------|-------|-----------|---------------|--------|\n| — | — | — | — | No active errors | — |\n\n---\n\n## How to Log Errors\n\nWhen you encounter an error:\n\n1. **Add to Active Errors table** with a new ID (ERR-XXX)\n2. **Create a detailed entry** below using the template\n3. **Update status** when resolved or if you find more information\n4. **Move to Resolved Archive** when fully fixed\n\n### Error ID Format\n- Use sequential numbering: ERR-001, ERR-002, etc.\n- Check the highest existing ID and increment\n\n---\n\n## Error Details\n\n### Template for New Errors\n\n```markdown\n### [ERR-XXX] Error Title\n- **Date:** YYYY-MM-DD\n- **Agent:** Claude/Codex/Gemini\n- **Container:** affected-container (or "System" or "None")\n- **Category:** Container | System | Code | Network | Database | Permission | Config\n- **Severity:** Critical | High | Medium | Low\n- **Error Message:**\n  ```\n  Exact error text here\n  ```\n- **Context:** What was being attempted when this occurred\n- **Root Cause:** Why it happened (if known)\n- **Solution:** How it was fixed (if resolved)\n- **Prevention:** How to avoid this in future\n- **Status:** Resolved | In Progress | Needs Human | Blocked	/root/policies-repo/shared-context/progress/ERROR_LOG.md	{}	{memory:second-brain,source:shared_context,contract:v1}	0.800	review_30d	applied	importer	f	2026-02-27 09:54:27.182478+00	2026-02-27 09:54:27.182478+00
71f9fb6b-0cb4-4840-832b-5b034ae7304a	AI_JOBS Snapshot	Last Updated: 2026-02-26 15:04 UTC\n# AI Agent Job Tracker\n\n**Location:** `/root/AI_JOBS.md` (VPS-specific, not in git)\n**Purpose:** Centralized task tracking for all AI agents working on this VPS\n**Template:** `/root/policies-repo/AI_JOBS_TEMPLATE.md` (in git)\n**Sync Script:** `/root/sync-jobs.sh` (use `./sync-jobs.sh status`)\n**Last Updated:** 2026-02-26 15:04 UTC\n**File Size:** 29KB+ (975+ lines)\n**Total Tasks:** 18 (15 completed, 3 remaining)\n**Shared Context:** `/root/policies-repo/shared-context/` (NEW - see below)\n\n---\n\n## 📋 Instructions for AI Agents\n\n### How to Use This Document\n\n1. **READ this document** at the start of your session to understand pending work\n2. **READ any `general*.*` files** at the start of each conversation in:\n   - `/root/.codex/skills/`\n   - `/root/policies-repo/skills/`\n   - `/root/policies-repo/shared-context/` (if applicable)\n3. **UPDATE this document** when you:\n   - Complete a job (move to "Completed" section)\n   - Discover new jobs (add to appropriate section)\n   - Change job status or priority\n   - Find important information/conclusions\n4. **LOG your work** in the "Agent Activity Log" section at the bottom\n5. **ALWAYS** update the "Last Updated" date at the top\n\n### Update Format\n\nWhen you complete a job:\n```markdown\n## Completed Jobs\n- ✅ [Date] Job description\n  - **Agent:** Your identifier (Claude/Gemini/Codex)\n  - **Conclusions:** Key findings, decisions made, issues encountered\n  - **Related files:** Paths to files created/modified\n```\n\nWhen you discover a new job:\n```markdown\n## [Appropriate Section]\n- ⚠️ **[PRIORITY]** Job description\n  - **Context:** Why this is needed\n  - **Estimated effort:** Small/Medium/Large\n```\n\n---\n\n## 🎯 MASTER ACTION PLAN & CHECKLIST\n\n### 🔗 Active Major Plan: Unified Data Architecture\n**File:** `/root/policies-repo/plans/UNIFIED_ARCHITECTURE_PLAN.md`\n**Goal:** Migrate Flow Control to Postgres, Consolidate Databases, Unified Directus Backend.\n\n### 📅 PHASE 1: Immediate (Do This Week)\n\n#### Context\nFix broken services and critical security issues that pose immediate risk.\n\n#### Checklist\n\n- [x] **TASK 1.0: Unified Architecture - Phase 1-4 (Complete Migration)** ✅ COMPLETED\n  - **Why:** Essential preparation for merging databases and migrating Flow Control.\n  - **Plan:** See `/root/policies-repo/plans/UNIFIED_ARCHITECTURE_PLAN.md`\n  - **Achievements:**\n    1.  **Flow Control:** Migrated from SQLite to Postgres (Schema: `inventory`).\n    2.  **Databases:** Consolidated `expiry-alert` and `hycrm` into `flow-control-db` (Postgres 15).\n    3.  **Directus:** Unified instance on Port 8055 serving `db`, `crm`, and `expiryalert`.\n    4.  **CRM:** Migrated to `crm` schema.\n  - **Status:** ✅ COMPLETED (2026-02-02)\n\n- [x] **TASK 1.4: Troubleshoot Flow Control Dashboard & Remove 'base44'** ✅ COMPLETED\n  - **Why:** User reports dashboard not loading; Caddy shows "stream closed" errors. Also needs branding cleanup.\n  - **Impact:** HIGH - Production service degraded/down.\n  - **Root Cause:** Backend API server was not running. The TypeScript server needed to be built and started, and Caddy needed API proxy configuration.\n  - **Solution:**\n    1. Built TypeScript server (`npm run build` in /opt/flow-control/app/server/)\n    2. Started API with PM2 (`pm2 start dist/src/server.js --name flow-api`)\n    3. Added API proxy to Caddy (`/api/*` → 127.0.0.1:4000)\n    4. Removed base44 URLs from CSP headers and Layout.jsx\n    5. Created new favicon.svg, rebuilt frontend container\n  - **Status:** ✅ COMPLETED (2026-01-21)\n\n- [x] **TASK 1.1: Build & Deploy CRM-Lite** [30 minutes] ✅ COMPLETED\n  - **Why:** Site is configured but returning 404 errors, affecting user experience\n  - **Impact:** HIGH - User-facing service is down\n  - **Risk:** LOW - Read-only build process\n  - **Steps:**\n    ```bash\n    # 1. Navigate to project\n    cd /home/elron/services/crm-lite/crm-app\n\n    # 2. Check current state\n    ls -la dist/  # Should not exist or be empty\n    cat package.json | grep scripts  # Verify build command exists\n\n    # 3. Install dependencies if needed\n    npm install\n\n    # 4. Run production build\n    npm run build\n\n    # 5. Verify dist/ directory created\n    ls -la dist/\n    du -sh dist/\n\n    # 6. Test site access\n    curl -I https://crmlite.coriathost.cloud\n    ```\n  - **Success Criteria:**\n    - `dist/` directory exists with HTML/JS/CSS files\n    - Site loads in browser at crmlite.coriathost.cloud\n    - No 404 errors\n  - **Log Results:** Update "Completed Jobs" section with findings\n\n- [x] **TASK 1.2: Change n8n Default Password** [15 minutes] ✅ COMPLETED	/root/AI_JOBS.md	{}	{memory:second-brain,source:ai_jobs,contract:v1}	0.900	review_30d	applied	importer	f	2026-02-27 09:54:27.182478+00	2026-02-27 09:54:27.182478+00
aae13302-7809-40f6-b93f-d828b99aa579	GCP Inventory Note	gcloud is installed but project listing failed for current account context.	gcloud	{}	{memory:second-brain,source:gcloud,contract:v1}	0.600	review_30d	applied	importer	f	2026-02-27 09:54:27.182478+00	2026-02-27 09:54:27.182478+00
235745f6-1a9a-4179-8707-649164de6bb1	Staging acceptance memory	Medium-risk memory proposal for acceptance gate.	/root/second-brain/scripts/run_staging_acceptance_gate.sh	{434ce289-119b-4657-869a-7846612fd7c6}	{memory:second-brain,source:acceptance,contract:v1}	0.800	review_30d	applied	agent	f	2026-02-27 10:36:11.230408+00	2026-02-27 10:36:11.230408+00
\.


--
-- Data for Name: reconciliation_reports; Type: TABLE DATA; Schema: second_brain; Owner: postgres
--

COPY second_brain.reconciliation_reports (report_id, generated_at, source_snapshot, missing_in_graph, stale_in_graph, conflicts, auto_fixed, manual_review, summary) FROM stdin;
e419e755-9a25-41e8-9967-3247533f782a	2026-02-27 09:52:18.612592+00	{"snapshot_dir": "/root/second-brain/data/runs/20260227T094947Z"}	[]	["service:manual:example-api"]	[]	[]	["service:manual:example-api"]	{"auto_fix": "false", "db_count": 52, "stale_count": 1, "missing_count": 0, "snapshot_count": 51}
f631f4e7-c569-40a4-9f36-874d2d37370c	2026-02-27 09:55:25.747631+00	{"snapshot_dir": "/root/second-brain/data/runs/20260227T094947Z"}	[]	["service:manual:example-api"]	[]	[]	["service:manual:example-api"]	{"auto_fix": "true", "db_count": 52, "stale_count": 1, "missing_count": 0, "snapshot_count": 51}
c6be6c8d-3a03-4aea-82b6-0c556e9bfca8	2026-02-27 10:10:55.709854+00	{"snapshot_dir": "/root/second-brain/data/runs/20260227T101052Z"}	[]	["endpoint:sb-missing-from-sb-accept-low-20260227101026-internal", "endpoint:sb-missing-from-sb-accept-low-20260227101026.internal", "endpoint:sb-missing-from-sb-accept-low-20260227101050.internal", "endpoint:sb-missing-to-sb-accept-low-20260227101026-internal", "endpoint:sb-missing-to-sb-accept-low-20260227101026.internal", "endpoint:sb-missing-to-sb-accept-low-20260227101050.internal", "service:manual:example-api", "service:manual:sb-accept-low-20260227100927", "service:manual:sb-accept-low-20260227101026", "service:manual:sb-accept-low-20260227101050"]	[]	[]	["endpoint:sb-missing-from-sb-accept-low-20260227101026-internal", "endpoint:sb-missing-from-sb-accept-low-20260227101026.internal", "endpoint:sb-missing-from-sb-accept-low-20260227101050.internal", "endpoint:sb-missing-to-sb-accept-low-20260227101026-internal", "endpoint:sb-missing-to-sb-accept-low-20260227101026.internal", "endpoint:sb-missing-to-sb-accept-low-20260227101050.internal", "service:manual:example-api", "service:manual:sb-accept-low-20260227100927", "service:manual:sb-accept-low-20260227101026", "service:manual:sb-accept-low-20260227101050"]	{"auto_fix": "false", "db_count": 76, "stale_count": 10, "missing_count": 0, "snapshot_count": 66}
ca94d72a-7b6f-4c6c-9f6c-35f0748b1a72	2026-02-27 10:11:22.153433+00	{"snapshot_dir": "/root/second-brain/data/runs/20260227T101114Z"}	[]	["endpoint:sb-missing-from-sb-accept-low-20260227101026-internal", "endpoint:sb-missing-from-sb-accept-low-20260227101026.internal", "endpoint:sb-missing-from-sb-accept-low-20260227101050.internal", "endpoint:sb-missing-to-sb-accept-low-20260227101026-internal", "endpoint:sb-missing-to-sb-accept-low-20260227101026.internal", "endpoint:sb-missing-to-sb-accept-low-20260227101050.internal", "service:manual:example-api", "service:manual:sb-accept-low-20260227100927", "service:manual:sb-accept-low-20260227101026", "service:manual:sb-accept-low-20260227101050"]	[]	[]	["endpoint:sb-missing-from-sb-accept-low-20260227101026-internal", "endpoint:sb-missing-from-sb-accept-low-20260227101026.internal", "endpoint:sb-missing-from-sb-accept-low-20260227101050.internal", "endpoint:sb-missing-to-sb-accept-low-20260227101026-internal", "endpoint:sb-missing-to-sb-accept-low-20260227101026.internal", "endpoint:sb-missing-to-sb-accept-low-20260227101050.internal", "service:manual:example-api", "service:manual:sb-accept-low-20260227100927", "service:manual:sb-accept-low-20260227101026", "service:manual:sb-accept-low-20260227101050"]	{"auto_fix": "false", "db_count": 76, "stale_count": 10, "missing_count": 0, "snapshot_count": 66}
37254866-0a7e-4945-8837-52b494b35439	2026-02-27 10:12:37.12177+00	{"snapshot_dir": "/root/second-brain/data/runs/20260227T101114Z"}	[]	[]	[]	[]	[]	{"auto_fix": "false", "db_count": 66, "stale_count": 0, "missing_count": 0, "snapshot_count": 66}
52853ded-707e-4bbf-9a20-7959926fd095	2026-02-27 10:12:48.371895+00	{"snapshot_dir": "/root/second-brain/data/runs/20260227T101245Z"}	[]	["endpoint:sb-missing-from-sb-accept-low-20260227101243.internal", "endpoint:sb-missing-to-sb-accept-low-20260227101243.internal", "service:sb-accept-low-20260227101243"]	[]	[]	["endpoint:sb-missing-from-sb-accept-low-20260227101243.internal", "endpoint:sb-missing-to-sb-accept-low-20260227101243.internal", "service:sb-accept-low-20260227101243"]	{"auto_fix": "false", "db_count": 69, "stale_count": 3, "missing_count": 0, "snapshot_count": 66}
4214ac10-e0d6-4faa-bfcd-baee86ce2070	2026-02-27 10:12:59.40594+00	{"snapshot_dir": "/root/second-brain/data/runs/20260227T101252Z"}	[]	[]	[]	[]	[]	{"auto_fix": "false", "db_count": 66, "stale_count": 0, "missing_count": 0, "snapshot_count": 66}
8655c444-8d19-4ce5-b9f5-0a9d0c6f4455	2026-02-27 10:36:16.319297+00	{"snapshot_dir": "/root/second-brain/data/runs/20260227T103612Z"}	[]	["endpoint:sb-missing-from-sb-accept-low-20260227103610.internal", "endpoint:sb-missing-to-sb-accept-low-20260227103610.internal", "service:sb-accept-low-20260227103610"]	[]	[]	["endpoint:sb-missing-from-sb-accept-low-20260227103610.internal", "endpoint:sb-missing-to-sb-accept-low-20260227103610.internal", "service:sb-accept-low-20260227103610"]	{"auto_fix": "false", "db_count": 69, "stale_count": 3, "missing_count": 0, "snapshot_count": 66}
f1d31840-d5df-4d6b-a20c-96c361c067ff	2026-02-27 10:37:06.129597+00	{"snapshot_dir": "/root/second-brain/data/runs/20260227T103702Z"}	[]	["endpoint:sb-missing-from-sb-accept-low-20260227103700.internal", "endpoint:sb-missing-to-sb-accept-low-20260227103700.internal", "service:sb-accept-low-20260227103700"]	[]	[]	["endpoint:sb-missing-from-sb-accept-low-20260227103700.internal", "endpoint:sb-missing-to-sb-accept-low-20260227103700.internal", "service:sb-accept-low-20260227103700"]	{"auto_fix": "false", "db_count": 69, "stale_count": 3, "missing_count": 0, "snapshot_count": 66}
edcfd225-3829-430a-ad1d-6887801e5a70	2026-02-27 10:38:30.875511+00	{"snapshot_dir": "/root/second-brain/data/runs/20260227T103828Z"}	[]	["endpoint:sb-missing-from-sb-accept-low-20260227103826.internal", "endpoint:sb-missing-to-sb-accept-low-20260227103826.internal", "service:sb-accept-low-20260227103826"]	[]	[]	["endpoint:sb-missing-from-sb-accept-low-20260227103826.internal", "endpoint:sb-missing-to-sb-accept-low-20260227103826.internal", "service:sb-accept-low-20260227103826"]	{"auto_fix": "false", "db_count": 69, "stale_count": 3, "missing_count": 0, "snapshot_count": 66}
30e79697-6e52-41a7-9f02-9e39a758acf9	2026-02-27 11:07:07.446197+00	{"snapshot_dir": "/root/second-brain/data/runs/20260227T110701Z"}	[]	[]	[]	[]	[]	{"auto_fix": "false", "db_count": 66, "stale_count": 0, "missing_count": 0, "snapshot_count": 66}
e95e2558-3520-46cc-b42e-c52c41abc3f9	2026-02-27 12:07:07.018644+00	{"snapshot_dir": "/root/second-brain/data/runs/20260227T120701Z"}	[]	[]	[]	[]	[]	{"auto_fix": "false", "db_count": 66, "stale_count": 0, "missing_count": 0, "snapshot_count": 66}
1d561b12-35b4-4d34-96ea-403721b87bca	2026-02-27 13:07:07.4097+00	{"snapshot_dir": "/root/second-brain/data/runs/20260227T130701Z"}	[]	[]	[]	[]	[]	{"auto_fix": "false", "db_count": 66, "stale_count": 0, "missing_count": 0, "snapshot_count": 66}
62f4e399-103f-41ff-8f85-91753d4e907a	2026-02-27 13:30:10.746102+00	{"snapshot_dir": "/root/second-brain/data/runs/20260227T133007Z"}	[]	[]	[]	[]	[]	{"auto_fix": "false", "db_count": 66, "stale_count": 0, "missing_count": 0, "snapshot_count": 66}
15cf1aad-0007-4189-b32f-8ddb587ccf41	2026-02-27 14:07:07.898432+00	{"snapshot_dir": "/root/second-brain/data/runs/20260227T140701Z"}	[]	[]	[]	[]	[]	{"auto_fix": "false", "db_count": 66, "stale_count": 0, "missing_count": 0, "snapshot_count": 66}
9558842a-cf6a-4135-a3a5-208b6b870546	2026-02-27 14:21:19.195586+00	{"snapshot_dir": "/root/second-brain/data/runs/20260227T142115Z"}	[]	[]	[]	[]	[]	{"auto_fix": "false", "db_count": 66, "stale_count": 0, "missing_count": 0, "snapshot_count": 66}
732be339-0804-4818-9a72-7409547cf3e0	2026-02-27 15:07:07.695775+00	{"snapshot_dir": "/root/second-brain/data/runs/20260227T150701Z"}	[]	[]	[]	[]	[]	{"auto_fix": "false", "db_count": 66, "stale_count": 0, "missing_count": 0, "snapshot_count": 66}
a4d62541-68e8-45f9-bc86-e7ebc6088eba	2026-02-27 16:07:06.800846+00	{"snapshot_dir": "/root/second-brain/data/runs/20260227T160701Z"}	[]	[]	[]	[]	[]	{"auto_fix": "false", "db_count": 66, "stale_count": 0, "missing_count": 0, "snapshot_count": 66}
6f3d34a1-913e-4fa2-a2f4-1044342f804c	2026-02-27 17:07:07.452971+00	{"snapshot_dir": "/root/second-brain/data/runs/20260227T170701Z"}	[]	[]	[]	[]	[]	{"auto_fix": "false", "db_count": 66, "stale_count": 0, "missing_count": 0, "snapshot_count": 66}
91a61002-be8d-48df-b2ff-5d38492d1207	2026-02-27 18:07:06.919648+00	{"snapshot_dir": "/root/second-brain/data/runs/20260227T180701Z"}	[]	[]	[]	[]	[]	{"auto_fix": "false", "db_count": 66, "stale_count": 0, "missing_count": 0, "snapshot_count": 66}
f2987393-e1ff-4774-9f8e-375d54d021e7	2026-02-27 19:07:07.109179+00	{"snapshot_dir": "/root/second-brain/data/runs/20260227T190701Z"}	[]	[]	[]	[]	[]	{"auto_fix": "false", "db_count": 66, "stale_count": 0, "missing_count": 0, "snapshot_count": 66}
4b511b33-a557-4eff-9f5f-17d78b0ec8ba	2026-02-27 20:07:06.770646+00	{"snapshot_dir": "/root/second-brain/data/runs/20260227T200701Z"}	[]	[]	[]	[]	[]	{"auto_fix": "false", "db_count": 66, "stale_count": 0, "missing_count": 0, "snapshot_count": 66}
5ecba07a-2191-4bd3-b953-2440ccf50f3a	2026-02-27 21:07:07.188762+00	{"snapshot_dir": "/root/second-brain/data/runs/20260227T210701Z"}	[]	[]	[]	[]	[]	{"auto_fix": "false", "db_count": 66, "stale_count": 0, "missing_count": 0, "snapshot_count": 66}
b8bb78d0-5d81-435d-8de8-c16a0643a376	2026-02-27 22:07:06.95224+00	{"snapshot_dir": "/root/second-brain/data/runs/20260227T220701Z"}	[]	[]	[]	[]	[]	{"auto_fix": "false", "db_count": 66, "stale_count": 0, "missing_count": 0, "snapshot_count": 66}
c618c950-4308-426f-b7cd-931e9be8e101	2026-02-27 23:07:06.725644+00	{"snapshot_dir": "/root/second-brain/data/runs/20260227T230701Z"}	[]	[]	[]	[]	[]	{"auto_fix": "false", "db_count": 66, "stale_count": 0, "missing_count": 0, "snapshot_count": 66}
9a933538-ad43-4005-8291-a6f6d5634ed3	2026-02-28 00:07:07.385274+00	{"snapshot_dir": "/root/second-brain/data/runs/20260228T000701Z"}	[]	[]	[]	[]	[]	{"auto_fix": "false", "db_count": 66, "stale_count": 0, "missing_count": 0, "snapshot_count": 66}
6bcbd1ad-7eda-46e3-8c38-033e4e77aa62	2026-02-28 01:07:07.52463+00	{"snapshot_dir": "/root/second-brain/data/runs/20260228T010702Z"}	[]	[]	[]	[]	[]	{"auto_fix": "false", "db_count": 66, "stale_count": 0, "missing_count": 0, "snapshot_count": 66}
125d8cd0-a1c4-41ed-bb9e-ddd53e074763	2026-02-28 02:07:07.202021+00	{"snapshot_dir": "/root/second-brain/data/runs/20260228T020701Z"}	[]	[]	[]	[]	[]	{"auto_fix": "false", "db_count": 66, "stale_count": 0, "missing_count": 0, "snapshot_count": 66}
39e13cb5-9b4a-4599-b553-d1ddf5fa6e21	2026-02-28 03:07:07.271095+00	{"snapshot_dir": "/root/second-brain/data/runs/20260228T030701Z"}	[]	[]	[]	[]	[]	{"auto_fix": "false", "db_count": 66, "stale_count": 0, "missing_count": 0, "snapshot_count": 66}
0ce1e139-c676-4c5a-8cbf-a0072f6c4653	2026-02-28 04:07:06.761204+00	{"snapshot_dir": "/root/second-brain/data/runs/20260228T040701Z"}	[]	[]	[]	[]	[]	{"auto_fix": "false", "db_count": 66, "stale_count": 0, "missing_count": 0, "snapshot_count": 66}
a9b68cfd-5267-4e9e-9b16-44422c6c1813	2026-02-28 05:07:06.68075+00	{"snapshot_dir": "/root/second-brain/data/runs/20260228T050701Z"}	[]	[]	[]	[]	[]	{"auto_fix": "false", "db_count": 66, "stale_count": 0, "missing_count": 0, "snapshot_count": 66}
dbafb096-3194-452a-9934-7d77acab1c24	2026-02-28 06:07:07.688799+00	{"snapshot_dir": "/root/second-brain/data/runs/20260228T060701Z"}	[]	[]	[]	[]	[]	{"auto_fix": "false", "db_count": 66, "stale_count": 0, "missing_count": 0, "snapshot_count": 66}
b9b91d31-cd58-45ad-a948-dd8900cc6a4d	2026-02-28 07:07:06.872203+00	{"snapshot_dir": "/root/second-brain/data/runs/20260228T070701Z"}	[]	[]	[]	[]	[]	{"auto_fix": "false", "db_count": 66, "stale_count": 0, "missing_count": 0, "snapshot_count": 66}
9bb81113-11ce-413c-b85c-38a57e991a2e	2026-02-28 08:07:07.38055+00	{"snapshot_dir": "/root/second-brain/data/runs/20260228T080701Z"}	[]	[]	[]	[]	[]	{"auto_fix": "false", "db_count": 66, "stale_count": 0, "missing_count": 0, "snapshot_count": 66}
23ab0c95-d119-42f1-8cc9-724b95b424b8	2026-02-28 09:07:07.190587+00	{"snapshot_dir": "/root/second-brain/data/runs/20260228T090701Z"}	[]	[]	[]	[]	[]	{"auto_fix": "false", "db_count": 66, "stale_count": 0, "missing_count": 0, "snapshot_count": 66}
c69fe050-5111-4fae-91a3-49c20afc4643	2026-02-28 10:07:07.546309+00	{"snapshot_dir": "/root/second-brain/data/runs/20260228T100701Z"}	[]	[]	[]	[]	[]	{"auto_fix": "false", "db_count": 66, "stale_count": 0, "missing_count": 0, "snapshot_count": 66}
2e4c4978-0824-4a72-88ed-505f663ee0ec	2026-02-28 11:07:07.540486+00	{"snapshot_dir": "/root/second-brain/data/runs/20260228T110701Z"}	[]	[]	[]	[]	[]	{"auto_fix": "false", "db_count": 66, "stale_count": 0, "missing_count": 0, "snapshot_count": 66}
6faed828-7550-422c-9270-9248c840dbe3	2026-02-28 12:07:07.066799+00	{"snapshot_dir": "/root/second-brain/data/runs/20260228T120701Z"}	[]	[]	[]	[]	[]	{"auto_fix": "false", "db_count": 66, "stale_count": 0, "missing_count": 0, "snapshot_count": 66}
d93a0733-0108-4b6f-a5d5-3c55b05552c9	2026-02-28 13:07:07.160277+00	{"snapshot_dir": "/root/second-brain/data/runs/20260228T130701Z"}	[]	[]	[]	[]	[]	{"auto_fix": "false", "db_count": 66, "stale_count": 0, "missing_count": 0, "snapshot_count": 66}
f5afff85-8d24-4dfa-81b6-1a36424067a5	2026-02-28 14:07:07.240958+00	{"snapshot_dir": "/root/second-brain/data/runs/20260228T140701Z"}	[]	[]	[]	[]	[]	{"auto_fix": "false", "db_count": 66, "stale_count": 0, "missing_count": 0, "snapshot_count": 66}
1e9291ec-acec-4f07-ba23-fb20dbb7634f	2026-02-28 15:07:07.527578+00	{"snapshot_dir": "/root/second-brain/data/runs/20260228T150701Z"}	[]	[]	[]	[]	[]	{"auto_fix": "false", "db_count": 66, "stale_count": 0, "missing_count": 0, "snapshot_count": 66}
706c6d6c-16dc-4581-9901-c560583af193	2026-02-28 16:07:07.382778+00	{"snapshot_dir": "/root/second-brain/data/runs/20260228T160701Z"}	[]	[]	[]	[]	[]	{"auto_fix": "false", "db_count": 66, "stale_count": 0, "missing_count": 0, "snapshot_count": 66}
70e68df9-9f67-4c95-9a17-bd37721a3734	2026-02-28 17:07:07.191699+00	{"snapshot_dir": "/root/second-brain/data/runs/20260228T170701Z"}	[]	[]	[]	[]	[]	{"auto_fix": "false", "db_count": 66, "stale_count": 0, "missing_count": 0, "snapshot_count": 66}
d35afa43-09d6-4dd8-98d4-5728426eaa7b	2026-02-28 18:07:07.136463+00	{"snapshot_dir": "/root/second-brain/data/runs/20260228T180701Z"}	[]	[]	[]	[]	[]	{"auto_fix": "false", "db_count": 66, "stale_count": 0, "missing_count": 0, "snapshot_count": 66}
04c5a824-f6a1-4175-acd4-dbfa5e33fe6f	2026-02-28 19:07:07.209648+00	{"snapshot_dir": "/root/second-brain/data/runs/20260228T190701Z"}	[]	[]	[]	[]	[]	{"auto_fix": "false", "db_count": 66, "stale_count": 0, "missing_count": 0, "snapshot_count": 66}
701f473b-b89e-4266-9c42-0b91cd15b694	2026-02-28 20:07:07.260004+00	{"snapshot_dir": "/root/second-brain/data/runs/20260228T200701Z"}	[]	[]	[]	[]	[]	{"auto_fix": "false", "db_count": 66, "stale_count": 0, "missing_count": 0, "snapshot_count": 66}
97fe6c8d-3323-453f-9889-5cf75bd5df32	2026-02-28 21:07:07.721234+00	{"snapshot_dir": "/root/second-brain/data/runs/20260228T210702Z"}	[]	[]	[]	[]	[]	{"auto_fix": "false", "db_count": 66, "stale_count": 0, "missing_count": 0, "snapshot_count": 66}
f277c8f3-7666-470e-87dd-d7a823aaee7e	2026-02-28 22:07:07.321175+00	{"snapshot_dir": "/root/second-brain/data/runs/20260228T220701Z"}	[]	[]	[]	[]	[]	{"auto_fix": "false", "db_count": 66, "stale_count": 0, "missing_count": 0, "snapshot_count": 66}
1caeb9c9-e92b-4a85-ac1f-3de8158991cb	2026-02-28 23:07:06.805655+00	{"snapshot_dir": "/root/second-brain/data/runs/20260228T230701Z"}	[]	[]	[]	[]	[]	{"auto_fix": "false", "db_count": 66, "stale_count": 0, "missing_count": 0, "snapshot_count": 66}
3339ab5c-7e37-45ba-bb5d-63b0bd7d1fe9	2026-03-01 00:07:07.458207+00	{"snapshot_dir": "/root/second-brain/data/runs/20260301T000701Z"}	[]	[]	[]	[]	[]	{"auto_fix": "false", "db_count": 66, "stale_count": 0, "missing_count": 0, "snapshot_count": 66}
1f690f63-3856-4ebf-96e2-ad77bbb57236	2026-03-01 01:07:07.61148+00	{"snapshot_dir": "/root/second-brain/data/runs/20260301T010701Z"}	[]	[]	[]	[]	[]	{"auto_fix": "false", "db_count": 66, "stale_count": 0, "missing_count": 0, "snapshot_count": 66}
76d8560e-0cdb-49b8-a1b4-7e9226d813fc	2026-03-01 02:07:07.905182+00	{"snapshot_dir": "/root/second-brain/data/runs/20260301T020701Z"}	[]	[]	[]	[]	[]	{"auto_fix": "false", "db_count": 66, "stale_count": 0, "missing_count": 0, "snapshot_count": 66}
321cdfe8-a166-4c35-b77d-96111f5619c6	2026-03-01 03:07:07.052973+00	{"snapshot_dir": "/root/second-brain/data/runs/20260301T030701Z"}	[]	[]	[]	[]	[]	{"auto_fix": "false", "db_count": 66, "stale_count": 0, "missing_count": 0, "snapshot_count": 66}
511c384a-d232-412c-9c16-24c8a37ed81e	2026-03-01 04:07:07.866481+00	{"snapshot_dir": "/root/second-brain/data/runs/20260301T040701Z"}	[]	[]	[]	[]	[]	{"auto_fix": "false", "db_count": 66, "stale_count": 0, "missing_count": 0, "snapshot_count": 66}
cc705df2-d981-437e-9490-29da9b7cc765	2026-03-01 05:07:07.352408+00	{"snapshot_dir": "/root/second-brain/data/runs/20260301T050701Z"}	[]	[]	[]	[]	[]	{"auto_fix": "false", "db_count": 66, "stale_count": 0, "missing_count": 0, "snapshot_count": 66}
f3e63310-cf38-4de9-b074-50e800bcdd70	2026-03-01 06:07:06.976156+00	{"snapshot_dir": "/root/second-brain/data/runs/20260301T060701Z"}	[]	[]	[]	[]	[]	{"auto_fix": "false", "db_count": 66, "stale_count": 0, "missing_count": 0, "snapshot_count": 66}
e2c3a602-2073-494f-b06f-0316009c7bc0	2026-03-01 07:07:07.027288+00	{"snapshot_dir": "/root/second-brain/data/runs/20260301T070701Z"}	[]	[]	[]	[]	[]	{"auto_fix": "false", "db_count": 66, "stale_count": 0, "missing_count": 0, "snapshot_count": 66}
4d83c518-24d8-4046-a3a1-2831f525ff86	2026-03-01 08:07:07.988227+00	{"snapshot_dir": "/root/second-brain/data/runs/20260301T080701Z"}	[]	[]	[]	[]	[]	{"auto_fix": "false", "db_count": 66, "stale_count": 0, "missing_count": 0, "snapshot_count": 66}
93a241f6-eced-4e1c-a70d-1a821b2d6bee	2026-03-01 09:07:07.328056+00	{"snapshot_dir": "/root/second-brain/data/runs/20260301T090701Z"}	[]	[]	[]	[]	[]	{"auto_fix": "false", "db_count": 66, "stale_count": 0, "missing_count": 0, "snapshot_count": 66}
dcef7fb8-0524-4ede-b71c-cdac641b7ff4	2026-03-01 09:48:21.194679+00	{"snapshot_dir": "/root/second-brain/data/runs/20260301T094817Z"}	[]	[]	[]	[]	[]	{"auto_fix": "false", "db_count": 66, "stale_count": 0, "missing_count": 0, "snapshot_count": 66}
3ee92b4b-ec02-4c72-80a3-0ded4ee608b5	2026-03-01 09:56:16.998396+00	{"snapshot_dir": "/root/second-brain/data/runs/20260301T095613Z"}	[]	[]	[]	[]	[]	{"auto_fix": "false", "db_count": 66, "stale_count": 0, "missing_count": 0, "snapshot_count": 66}
12508fde-0bae-452a-a91d-b33b60502d90	2026-03-01 10:04:11.060359+00	{"snapshot_dir": "/root/second-brain/data/runs/20260301T100408Z"}	[]	[]	[]	[]	[]	{"auto_fix": "false", "db_count": 66, "stale_count": 0, "missing_count": 0, "snapshot_count": 66}
abc48825-a4fd-443c-a895-2cb2b86e6ca3	2026-03-01 10:07:07.667218+00	{"snapshot_dir": "/root/second-brain/data/runs/20260301T100701Z"}	[]	[]	[]	[]	[]	{"auto_fix": "false", "db_count": 66, "stale_count": 0, "missing_count": 0, "snapshot_count": 66}
450fc250-3c79-4f77-9031-d103b89e1ccf	2026-03-01 11:07:07.073335+00	{"snapshot_dir": "/root/second-brain/data/runs/20260301T110701Z"}	[]	[]	[]	[]	[]	{"auto_fix": "false", "db_count": 66, "stale_count": 0, "missing_count": 0, "snapshot_count": 66}
f4b4cc1e-a6b8-4bde-abc8-e0c2d071c5e0	2026-03-01 12:07:06.935577+00	{"snapshot_dir": "/root/second-brain/data/runs/20260301T120701Z"}	[]	[]	[]	[]	[]	{"auto_fix": "false", "db_count": 66, "stale_count": 0, "missing_count": 0, "snapshot_count": 66}
93d807a6-f362-4d83-bd78-5ee5f0ea7ea0	2026-03-01 13:07:07.038766+00	{"snapshot_dir": "/root/second-brain/data/runs/20260301T130701Z"}	[]	[]	[]	[]	[]	{"auto_fix": "false", "db_count": 66, "stale_count": 0, "missing_count": 0, "snapshot_count": 66}
3b5bbaac-4b6f-4693-9d02-f409f7d36d9d	2026-03-01 14:07:07.440917+00	{"snapshot_dir": "/root/second-brain/data/runs/20260301T140701Z"}	[]	[]	[]	[]	[]	{"auto_fix": "false", "db_count": 66, "stale_count": 0, "missing_count": 0, "snapshot_count": 66}
b0f7749e-0229-464d-b6c4-14feb3090d63	2026-03-01 15:07:07.784746+00	{"snapshot_dir": "/root/second-brain/data/runs/20260301T150701Z"}	[]	[]	[]	[]	[]	{"auto_fix": "false", "db_count": 66, "stale_count": 0, "missing_count": 0, "snapshot_count": 66}
a79114e6-4d50-44be-a236-a7b7a4d0a4b0	2026-03-01 16:07:07.384332+00	{"snapshot_dir": "/root/second-brain/data/runs/20260301T160701Z"}	[]	[]	[]	[]	[]	{"auto_fix": "false", "db_count": 66, "stale_count": 0, "missing_count": 0, "snapshot_count": 66}
efa56e84-8796-42e1-b888-65bfd29e7e73	2026-03-01 17:07:07.01755+00	{"snapshot_dir": "/root/second-brain/data/runs/20260301T170701Z"}	[]	[]	[]	[]	[]	{"auto_fix": "false", "db_count": 66, "stale_count": 0, "missing_count": 0, "snapshot_count": 66}
ad65ab45-1f23-4b41-9c17-dbe62d89b93d	2026-03-01 18:07:07.713993+00	{"snapshot_dir": "/root/second-brain/data/runs/20260301T180701Z"}	[]	[]	[]	[]	[]	{"auto_fix": "false", "db_count": 66, "stale_count": 0, "missing_count": 0, "snapshot_count": 66}
9a6ef172-7df9-4c0c-93e7-08ddc27ceca6	2026-03-01 19:07:07.534421+00	{"snapshot_dir": "/root/second-brain/data/runs/20260301T190701Z"}	[]	[]	[]	[]	[]	{"auto_fix": "false", "db_count": 66, "stale_count": 0, "missing_count": 0, "snapshot_count": 66}
cc01602f-4627-46a3-b914-5a80288df1f2	2026-03-01 20:07:07.173828+00	{"snapshot_dir": "/root/second-brain/data/runs/20260301T200701Z"}	[]	[]	[]	[]	[]	{"auto_fix": "false", "db_count": 66, "stale_count": 0, "missing_count": 0, "snapshot_count": 66}
a67d8e0f-96f5-42b3-a6c2-f145c6fde417	2026-03-01 21:07:07.838733+00	{"snapshot_dir": "/root/second-brain/data/runs/20260301T210701Z"}	[]	[]	[]	[]	[]	{"auto_fix": "false", "db_count": 66, "stale_count": 0, "missing_count": 0, "snapshot_count": 66}
d2dcfb3a-3dcf-497c-b206-15338e20cb2a	2026-03-01 22:07:06.989718+00	{"snapshot_dir": "/root/second-brain/data/runs/20260301T220701Z"}	[]	[]	[]	[]	[]	{"auto_fix": "false", "db_count": 66, "stale_count": 0, "missing_count": 0, "snapshot_count": 66}
be21dc2c-3a08-4f6f-84d5-5f85764fa1b8	2026-03-01 23:07:07.218267+00	{"snapshot_dir": "/root/second-brain/data/runs/20260301T230701Z"}	[]	[]	[]	[]	[]	{"auto_fix": "false", "db_count": 66, "stale_count": 0, "missing_count": 0, "snapshot_count": 66}
5666488f-4bef-4e21-93c7-8c79a5504b28	2026-03-02 00:07:06.941892+00	{"snapshot_dir": "/root/second-brain/data/runs/20260302T000701Z"}	[]	[]	[]	[]	[]	{"auto_fix": "false", "db_count": 66, "stale_count": 0, "missing_count": 0, "snapshot_count": 66}
20947916-a2bb-4890-a2b0-530242579617	2026-03-02 01:07:07.262883+00	{"snapshot_dir": "/root/second-brain/data/runs/20260302T010701Z"}	[]	[]	[]	[]	[]	{"auto_fix": "false", "db_count": 66, "stale_count": 0, "missing_count": 0, "snapshot_count": 66}
e6ea180c-4e72-423a-b639-33553e093474	2026-03-02 02:07:07.41083+00	{"snapshot_dir": "/root/second-brain/data/runs/20260302T020701Z"}	[]	[]	[]	[]	[]	{"auto_fix": "false", "db_count": 66, "stale_count": 0, "missing_count": 0, "snapshot_count": 66}
bcd028f4-8d03-42f9-bdf3-ea823e16f6f9	2026-03-02 03:07:07.526927+00	{"snapshot_dir": "/root/second-brain/data/runs/20260302T030702Z"}	[]	[]	[]	[]	[]	{"auto_fix": "false", "db_count": 66, "stale_count": 0, "missing_count": 0, "snapshot_count": 66}
d6965427-dd0c-4c6a-be70-8ee1b8506a9a	2026-03-02 04:07:07.243992+00	{"snapshot_dir": "/root/second-brain/data/runs/20260302T040701Z"}	[]	[]	[]	[]	[]	{"auto_fix": "false", "db_count": 66, "stale_count": 0, "missing_count": 0, "snapshot_count": 66}
6f4d5d52-469e-41d2-aa4d-8916db86c6c9	2026-03-02 05:07:07.415962+00	{"snapshot_dir": "/root/second-brain/data/runs/20260302T050701Z"}	[]	[]	[]	[]	[]	{"auto_fix": "false", "db_count": 66, "stale_count": 0, "missing_count": 0, "snapshot_count": 66}
7b4d0d13-33c6-4b8f-a267-06f13a773877	2026-03-02 06:07:07.5334+00	{"snapshot_dir": "/root/second-brain/data/runs/20260302T060701Z"}	[]	[]	[]	[]	[]	{"auto_fix": "false", "db_count": 66, "stale_count": 0, "missing_count": 0, "snapshot_count": 66}
73cda79b-1907-4e75-9a1d-260a82049020	2026-03-02 07:07:07.567893+00	{"snapshot_dir": "/root/second-brain/data/runs/20260302T070701Z"}	[]	[]	[]	[]	[]	{"auto_fix": "false", "db_count": 66, "stale_count": 0, "missing_count": 0, "snapshot_count": 66}
2fca4077-d43e-4eea-a068-b7f475353b2c	2026-03-02 08:07:07.725864+00	{"snapshot_dir": "/root/second-brain/data/runs/20260302T080701Z"}	[]	[]	[]	[]	[]	{"auto_fix": "false", "db_count": 66, "stale_count": 0, "missing_count": 0, "snapshot_count": 66}
3b3f73a9-fd54-4666-b745-901bcb0627da	2026-03-02 09:07:07.660521+00	{"snapshot_dir": "/root/second-brain/data/runs/20260302T090701Z"}	[]	[]	[]	[]	[]	{"auto_fix": "false", "db_count": 66, "stale_count": 0, "missing_count": 0, "snapshot_count": 66}
6ac370ce-99b9-4804-8d17-7ad716948220	2026-03-02 10:07:07.646585+00	{"snapshot_dir": "/root/second-brain/data/runs/20260302T100701Z"}	[]	[]	[]	[]	[]	{"auto_fix": "false", "db_count": 66, "stale_count": 0, "missing_count": 0, "snapshot_count": 66}
7bdff109-6fb2-48ed-9c85-c7b363c4fd4c	2026-03-02 11:07:07.119988+00	{"snapshot_dir": "/root/second-brain/data/runs/20260302T110701Z"}	[]	[]	[]	[]	[]	{"auto_fix": "false", "db_count": 66, "stale_count": 0, "missing_count": 0, "snapshot_count": 66}
9831d57a-c333-4d97-971e-9dc3692c9c9f	2026-03-02 12:07:07.736398+00	{"snapshot_dir": "/root/second-brain/data/runs/20260302T120701Z"}	[]	[]	[]	[]	[]	{"auto_fix": "false", "db_count": 66, "stale_count": 0, "missing_count": 0, "snapshot_count": 66}
ef511827-4760-403f-b4d7-ec2feffa59dc	2026-03-02 13:07:07.696734+00	{"snapshot_dir": "/root/second-brain/data/runs/20260302T130701Z"}	[]	[]	[]	[]	[]	{"auto_fix": "false", "db_count": 66, "stale_count": 0, "missing_count": 0, "snapshot_count": 66}
f7d86eeb-bff0-4411-a8f8-4fd318db9c65	2026-03-02 14:07:07.707827+00	{"snapshot_dir": "/root/second-brain/data/runs/20260302T140701Z"}	[]	[]	[]	[]	[]	{"auto_fix": "false", "db_count": 66, "stale_count": 0, "missing_count": 0, "snapshot_count": 66}
43298958-c8ca-46d9-b7b2-38cdbc8a4673	2026-03-02 15:07:07.130351+00	{"snapshot_dir": "/root/second-brain/data/runs/20260302T150701Z"}	[]	[]	[]	[]	[]	{"auto_fix": "false", "db_count": 66, "stale_count": 0, "missing_count": 0, "snapshot_count": 66}
a9334970-1e2a-4ff3-a138-e39d2e927428	2026-03-02 16:07:07.414211+00	{"snapshot_dir": "/root/second-brain/data/runs/20260302T160701Z"}	[]	[]	[]	[]	[]	{"auto_fix": "false", "db_count": 66, "stale_count": 0, "missing_count": 0, "snapshot_count": 66}
5aa0e010-398e-4700-b8db-918aadce1146	2026-03-02 17:07:07.234816+00	{"snapshot_dir": "/root/second-brain/data/runs/20260302T170701Z"}	[]	[]	[]	[]	[]	{"auto_fix": "false", "db_count": 66, "stale_count": 0, "missing_count": 0, "snapshot_count": 66}
44f3e7ac-81ed-4cf3-9ade-1e28a8769de9	2026-03-02 18:07:07.306761+00	{"snapshot_dir": "/root/second-brain/data/runs/20260302T180701Z"}	[]	[]	[]	[]	[]	{"auto_fix": "false", "db_count": 66, "stale_count": 0, "missing_count": 0, "snapshot_count": 66}
bc137ad9-43d3-4061-9f01-7182db42fc1f	2026-03-02 19:07:07.77257+00	{"snapshot_dir": "/root/second-brain/data/runs/20260302T190701Z"}	[]	[]	[]	[]	[]	{"auto_fix": "false", "db_count": 66, "stale_count": 0, "missing_count": 0, "snapshot_count": 66}
c1ab7f82-efdf-4154-a03e-3bbe973d79ae	2026-03-02 20:07:07.160401+00	{"snapshot_dir": "/root/second-brain/data/runs/20260302T200701Z"}	[]	[]	[]	[]	[]	{"auto_fix": "false", "db_count": 66, "stale_count": 0, "missing_count": 0, "snapshot_count": 66}
fcf8650e-cbb2-4d74-929b-960105106688	2026-03-02 21:07:07.056783+00	{"snapshot_dir": "/root/second-brain/data/runs/20260302T210701Z"}	[]	[]	[]	[]	[]	{"auto_fix": "false", "db_count": 66, "stale_count": 0, "missing_count": 0, "snapshot_count": 66}
4b29c9e0-27f2-40f6-9e47-c5973d33be31	2026-03-02 22:07:07.331904+00	{"snapshot_dir": "/root/second-brain/data/runs/20260302T220701Z"}	[]	[]	[]	[]	[]	{"auto_fix": "false", "db_count": 66, "stale_count": 0, "missing_count": 0, "snapshot_count": 66}
1a55d4ab-bd55-4a61-810b-acecc57b27e4	2026-03-02 23:07:07.479543+00	{"snapshot_dir": "/root/second-brain/data/runs/20260302T230701Z"}	[]	[]	[]	[]	[]	{"auto_fix": "false", "db_count": 66, "stale_count": 0, "missing_count": 0, "snapshot_count": 66}
c355a4f0-67f1-4660-a651-c2b2ece44fff	2026-03-03 00:07:07.269739+00	{"snapshot_dir": "/root/second-brain/data/runs/20260303T000701Z"}	[]	[]	[]	[]	[]	{"auto_fix": "false", "db_count": 66, "stale_count": 0, "missing_count": 0, "snapshot_count": 66}
37b81ec6-5171-4ec6-ab80-8be42b72d15b	2026-03-03 01:07:07.177728+00	{"snapshot_dir": "/root/second-brain/data/runs/20260303T010701Z"}	[]	[]	[]	[]	[]	{"auto_fix": "false", "db_count": 66, "stale_count": 0, "missing_count": 0, "snapshot_count": 66}
3371baf5-13e3-4763-b7f4-105b3c083b4a	2026-03-03 02:07:07.020677+00	{"snapshot_dir": "/root/second-brain/data/runs/20260303T020701Z"}	[]	[]	[]	[]	[]	{"auto_fix": "false", "db_count": 66, "stale_count": 0, "missing_count": 0, "snapshot_count": 66}
8f8f370f-ad79-4568-ac18-bc7286e4fe39	2026-03-03 03:07:06.805291+00	{"snapshot_dir": "/root/second-brain/data/runs/20260303T030701Z"}	[]	[]	[]	[]	[]	{"auto_fix": "false", "db_count": 66, "stale_count": 0, "missing_count": 0, "snapshot_count": 66}
10f3a15a-53fd-485a-9a55-fd0610f4edfb	2026-03-03 04:07:06.956975+00	{"snapshot_dir": "/root/second-brain/data/runs/20260303T040701Z"}	[]	[]	[]	[]	[]	{"auto_fix": "false", "db_count": 66, "stale_count": 0, "missing_count": 0, "snapshot_count": 66}
9615743c-f700-40cc-9b99-7715a3f7ab9c	2026-03-03 05:07:06.636474+00	{"snapshot_dir": "/root/second-brain/data/runs/20260303T050701Z"}	[]	[]	[]	[]	[]	{"auto_fix": "false", "db_count": 66, "stale_count": 0, "missing_count": 0, "snapshot_count": 66}
05a1bc92-8765-491f-9844-43730919061f	2026-03-03 06:07:06.959001+00	{"snapshot_dir": "/root/second-brain/data/runs/20260303T060701Z"}	[]	[]	[]	[]	[]	{"auto_fix": "false", "db_count": 66, "stale_count": 0, "missing_count": 0, "snapshot_count": 66}
acea19b3-cc69-48d3-b5c8-12c89f496e96	2026-03-03 07:07:07.357059+00	{"snapshot_dir": "/root/second-brain/data/runs/20260303T070701Z"}	[]	[]	[]	[]	[]	{"auto_fix": "false", "db_count": 66, "stale_count": 0, "missing_count": 0, "snapshot_count": 66}
02d63720-8cff-44df-a591-7fe939e69a19	2026-03-03 08:07:06.928289+00	{"snapshot_dir": "/root/second-brain/data/runs/20260303T080701Z"}	[]	[]	[]	[]	[]	{"auto_fix": "false", "db_count": 66, "stale_count": 0, "missing_count": 0, "snapshot_count": 66}
d7073045-99c6-4596-8ab3-6c4cd0c63173	2026-03-03 09:07:07.32431+00	{"snapshot_dir": "/root/second-brain/data/runs/20260303T090701Z"}	[]	[]	[]	[]	[]	{"auto_fix": "false", "db_count": 66, "stale_count": 0, "missing_count": 0, "snapshot_count": 66}
f28838ed-4dff-4be0-ae91-dca2bcd7f540	2026-03-03 10:07:07.240077+00	{"snapshot_dir": "/root/second-brain/data/runs/20260303T100701Z"}	[]	[]	[]	[]	[]	{"auto_fix": "false", "db_count": 66, "stale_count": 0, "missing_count": 0, "snapshot_count": 66}
d9fc6b59-e54e-4e58-874b-a580e7d4345f	2026-03-03 11:07:07.220235+00	{"snapshot_dir": "/root/second-brain/data/runs/20260303T110701Z"}	[]	[]	[]	[]	[]	{"auto_fix": "false", "db_count": 66, "stale_count": 0, "missing_count": 0, "snapshot_count": 66}
1d530242-602f-46ad-9711-352728784c90	2026-03-03 12:07:06.934111+00	{"snapshot_dir": "/root/second-brain/data/runs/20260303T120701Z"}	[]	[]	[]	[]	[]	{"auto_fix": "false", "db_count": 66, "stale_count": 0, "missing_count": 0, "snapshot_count": 66}
85025f2c-193a-42ab-9ca7-a113b00d9ab8	2026-03-03 13:07:07.744393+00	{"snapshot_dir": "/root/second-brain/data/runs/20260303T130701Z"}	[]	[]	[]	[]	[]	{"auto_fix": "false", "db_count": 66, "stale_count": 0, "missing_count": 0, "snapshot_count": 66}
49f837dd-0b2b-4c16-ae91-41f2da37041f	2026-03-03 14:07:07.18641+00	{"snapshot_dir": "/root/second-brain/data/runs/20260303T140701Z"}	[]	[]	[]	[]	[]	{"auto_fix": "false", "db_count": 66, "stale_count": 0, "missing_count": 0, "snapshot_count": 66}
c1f071c2-976e-49eb-9165-ae2daefda91c	2026-03-03 15:07:07.220523+00	{"snapshot_dir": "/root/second-brain/data/runs/20260303T150701Z"}	[]	[]	[]	[]	[]	{"auto_fix": "false", "db_count": 66, "stale_count": 0, "missing_count": 0, "snapshot_count": 66}
21ccec35-49b3-47cc-9ba2-6bd0cfe8d5e8	2026-03-03 16:07:07.358054+00	{"snapshot_dir": "/root/second-brain/data/runs/20260303T160701Z"}	[]	[]	[]	[]	[]	{"auto_fix": "false", "db_count": 66, "stale_count": 0, "missing_count": 0, "snapshot_count": 66}
78539e46-2752-4e6a-a7a5-fe5314d5afe6	2026-03-03 17:07:07.269393+00	{"snapshot_dir": "/root/second-brain/data/runs/20260303T170701Z"}	[]	[]	[]	[]	[]	{"auto_fix": "false", "db_count": 66, "stale_count": 0, "missing_count": 0, "snapshot_count": 66}
ecfb4e41-6701-4580-94ff-bc43307f059d	2026-03-03 18:07:06.996326+00	{"snapshot_dir": "/root/second-brain/data/runs/20260303T180701Z"}	[]	[]	[]	[]	[]	{"auto_fix": "false", "db_count": 66, "stale_count": 0, "missing_count": 0, "snapshot_count": 66}
695483b5-35cd-4f7c-a248-6be40c60dde0	2026-03-03 19:07:07.357297+00	{"snapshot_dir": "/root/second-brain/data/runs/20260303T190701Z"}	[]	[]	[]	[]	[]	{"auto_fix": "false", "db_count": 66, "stale_count": 0, "missing_count": 0, "snapshot_count": 66}
487d307c-d28a-4695-b447-fa9074d0c5ae	2026-03-03 20:07:06.724892+00	{"snapshot_dir": "/root/second-brain/data/runs/20260303T200701Z"}	[]	[]	[]	[]	[]	{"auto_fix": "false", "db_count": 66, "stale_count": 0, "missing_count": 0, "snapshot_count": 66}
efca69ed-56f1-4361-aa97-44e0e344d926	2026-03-03 21:07:07.471343+00	{"snapshot_dir": "/root/second-brain/data/runs/20260303T210701Z"}	[]	[]	[]	[]	[]	{"auto_fix": "false", "db_count": 66, "stale_count": 0, "missing_count": 0, "snapshot_count": 66}
f2124a1e-4650-4a3a-acbc-02f9ed1a7966	2026-03-03 22:07:07.193026+00	{"snapshot_dir": "/root/second-brain/data/runs/20260303T220701Z"}	[]	[]	[]	[]	[]	{"auto_fix": "false", "db_count": 66, "stale_count": 0, "missing_count": 0, "snapshot_count": 66}
1ea59d63-87db-4b99-94bf-c77138fc79c8	2026-03-03 23:07:07.115484+00	{"snapshot_dir": "/root/second-brain/data/runs/20260303T230701Z"}	[]	[]	[]	[]	[]	{"auto_fix": "false", "db_count": 66, "stale_count": 0, "missing_count": 0, "snapshot_count": 66}
b6ebc068-4853-494a-af4d-e135514c77c8	2026-03-04 00:07:06.853759+00	{"snapshot_dir": "/root/second-brain/data/runs/20260304T000701Z"}	[]	[]	[]	[]	[]	{"auto_fix": "false", "db_count": 66, "stale_count": 0, "missing_count": 0, "snapshot_count": 66}
172d117f-fb49-47c0-b043-2e587fb7e797	2026-03-04 01:07:07.257621+00	{"snapshot_dir": "/root/second-brain/data/runs/20260304T010701Z"}	[]	[]	[]	[]	[]	{"auto_fix": "false", "db_count": 66, "stale_count": 0, "missing_count": 0, "snapshot_count": 66}
35592643-28fa-4ba0-a4f6-4f2a9337d269	2026-03-04 02:07:07.336372+00	{"snapshot_dir": "/root/second-brain/data/runs/20260304T020701Z"}	[]	[]	[]	[]	[]	{"auto_fix": "false", "db_count": 66, "stale_count": 0, "missing_count": 0, "snapshot_count": 66}
61217fc9-3c21-4c92-b09f-93e60a81b1c9	2026-03-04 03:07:06.769636+00	{"snapshot_dir": "/root/second-brain/data/runs/20260304T030701Z"}	[]	[]	[]	[]	[]	{"auto_fix": "false", "db_count": 66, "stale_count": 0, "missing_count": 0, "snapshot_count": 66}
138bcb31-fcc6-411d-b920-df91421ea22e	2026-03-04 04:07:07.214+00	{"snapshot_dir": "/root/second-brain/data/runs/20260304T040701Z"}	[]	[]	[]	[]	[]	{"auto_fix": "false", "db_count": 66, "stale_count": 0, "missing_count": 0, "snapshot_count": 66}
f800706e-2771-48c2-b78c-77bb4b6e7ca5	2026-03-04 05:07:07.028034+00	{"snapshot_dir": "/root/second-brain/data/runs/20260304T050701Z"}	[]	[]	[]	[]	[]	{"auto_fix": "false", "db_count": 66, "stale_count": 0, "missing_count": 0, "snapshot_count": 66}
63bc2ec7-6efb-4e59-b3fd-633298e115dc	2026-03-04 06:07:07.360044+00	{"snapshot_dir": "/root/second-brain/data/runs/20260304T060701Z"}	[]	[]	[]	[]	[]	{"auto_fix": "false", "db_count": 66, "stale_count": 0, "missing_count": 0, "snapshot_count": 66}
509b4e46-e60c-47fc-9247-6a40e787304c	2026-03-04 07:07:06.727881+00	{"snapshot_dir": "/root/second-brain/data/runs/20260304T070701Z"}	[]	[]	[]	[]	[]	{"auto_fix": "false", "db_count": 66, "stale_count": 0, "missing_count": 0, "snapshot_count": 66}
6fffeddc-59ab-49ee-8174-c204ee33b170	2026-03-04 08:07:06.669169+00	{"snapshot_dir": "/root/second-brain/data/runs/20260304T080701Z"}	[]	[]	[]	[]	[]	{"auto_fix": "false", "db_count": 66, "stale_count": 0, "missing_count": 0, "snapshot_count": 66}
0c410936-bb86-4375-b512-ef7ad1dd612c	2026-03-04 09:07:06.98767+00	{"snapshot_dir": "/root/second-brain/data/runs/20260304T090701Z"}	[]	[]	[]	[]	[]	{"auto_fix": "false", "db_count": 66, "stale_count": 0, "missing_count": 0, "snapshot_count": 66}
a88584f2-7f78-42ff-9a19-c482f18a4546	2026-03-04 10:07:07.735568+00	{"snapshot_dir": "/root/second-brain/data/runs/20260304T100701Z"}	[]	[]	[]	[]	[]	{"auto_fix": "false", "db_count": 66, "stale_count": 0, "missing_count": 0, "snapshot_count": 66}
7d0b992c-000b-4b27-8439-2076b914630a	2026-03-04 11:07:07.662437+00	{"snapshot_dir": "/root/second-brain/data/runs/20260304T110701Z"}	[]	[]	[]	[]	[]	{"auto_fix": "false", "db_count": 66, "stale_count": 0, "missing_count": 0, "snapshot_count": 66}
0fe753e8-e8f2-4c00-a9fb-753ed02a8ed6	2026-03-04 11:20:51.001237+00	{"snapshot_dir": "/root/second-brain/data/runs/20260304T112043Z"}	[]	[]	[]	[]	[]	{"auto_fix": "false", "db_count": 66, "stale_count": 0, "missing_count": 0, "snapshot_count": 66}
895d5f8a-50ec-408b-9d3c-5bed9fc26f75	2026-03-04 11:52:58.767018+00	{"snapshot_dir": "/root/second-brain/data/runs/20260304T115255Z"}	[]	["endpoint:sb-missing-from-sb-accept-low-20260304115255.internal", "endpoint:sb-missing-to-sb-accept-low-20260304115255.internal", "program:n8n:takbul-webhook-001", "service:sb-accept-low-20260304115255"]	[]	[]	["endpoint:sb-missing-from-sb-accept-low-20260304115255.internal", "endpoint:sb-missing-to-sb-accept-low-20260304115255.internal", "program:n8n:takbul-webhook-001", "service:sb-accept-low-20260304115255"]	{"auto_fix": "false", "db_count": 70, "stale_count": 4, "missing_count": 0, "snapshot_count": 66}
591e6080-5713-4664-a885-754d50e4b5db	2026-03-04 11:53:01.00323+00	{"snapshot_dir": "/root/second-brain/data/runs/20260304T115257Z"}	[]	["endpoint:sb-missing-from-sb-accept-low-20260304115255.internal", "endpoint:sb-missing-to-sb-accept-low-20260304115255.internal", "program:n8n:takbul-webhook-001", "service:sb-accept-low-20260304115255"]	[]	[]	["endpoint:sb-missing-from-sb-accept-low-20260304115255.internal", "endpoint:sb-missing-to-sb-accept-low-20260304115255.internal", "program:n8n:takbul-webhook-001", "service:sb-accept-low-20260304115255"]	{"auto_fix": "false", "db_count": 70, "stale_count": 4, "missing_count": 0, "snapshot_count": 66}
75de4d18-2cc7-4584-989b-03bc7d27344b	2026-03-04 12:07:08.071966+00	{"snapshot_dir": "/root/second-brain/data/runs/20260304T120701Z"}	[]	["program:n8n:takbul-webhook-001"]	[]	[]	["program:n8n:takbul-webhook-001"]	{"auto_fix": "false", "db_count": 67, "stale_count": 1, "missing_count": 0, "snapshot_count": 66}
3e03ce93-272c-4fb2-b3ab-5991181723de	2026-03-04 13:07:07.668159+00	{"snapshot_dir": "/root/second-brain/data/runs/20260304T130701Z"}	[]	["program:n8n:takbul-webhook-001"]	[]	[]	["program:n8n:takbul-webhook-001"]	{"auto_fix": "false", "db_count": 67, "stale_count": 1, "missing_count": 0, "snapshot_count": 66}
d8503856-72c8-4b3e-a979-89f3c7ffea61	2026-03-04 14:07:07.541403+00	{"snapshot_dir": "/root/second-brain/data/runs/20260304T140701Z"}	[]	["program:n8n:takbul-webhook-001"]	[]	[]	["program:n8n:takbul-webhook-001"]	{"auto_fix": "false", "db_count": 67, "stale_count": 1, "missing_count": 0, "snapshot_count": 66}
d0b15820-7436-40b4-8e4a-862e1b0753f8	2026-03-04 15:07:07.427153+00	{"snapshot_dir": "/root/second-brain/data/runs/20260304T150701Z"}	[]	["program:n8n:takbul-webhook-001"]	[]	[]	["program:n8n:takbul-webhook-001"]	{"auto_fix": "false", "db_count": 67, "stale_count": 1, "missing_count": 0, "snapshot_count": 66}
78927f90-d033-4c4d-bcf0-00e68c037598	2026-03-04 16:07:08.063945+00	{"snapshot_dir": "/root/second-brain/data/runs/20260304T160701Z"}	[]	["program:n8n:takbul-webhook-001"]	[]	[]	["program:n8n:takbul-webhook-001"]	{"auto_fix": "false", "db_count": 67, "stale_count": 1, "missing_count": 0, "snapshot_count": 66}
d77ef710-bae1-45ad-830d-db14bb5382e6	2026-03-04 17:07:07.078936+00	{"snapshot_dir": "/root/second-brain/data/runs/20260304T170701Z"}	[]	["program:n8n:takbul-webhook-001"]	[]	[]	["program:n8n:takbul-webhook-001"]	{"auto_fix": "false", "db_count": 67, "stale_count": 1, "missing_count": 0, "snapshot_count": 66}
ac316148-b8ef-4023-9910-fc392d4911e9	2026-03-04 17:17:35.478494+00	{"snapshot_dir": "/root/second-brain/data/runs/20260304T171731Z"}	[]	["program:n8n:takbul-webhook-001"]	[]	[]	["program:n8n:takbul-webhook-001"]	{"auto_fix": "false", "db_count": 67, "stale_count": 1, "missing_count": 0, "snapshot_count": 66}
cde41ccd-7a15-4ccf-afe2-8aeffee2f9e6	2026-03-04 17:55:59.641683+00	{"snapshot_dir": "/root/second-brain/data/runs/20260304T175556Z"}	["program:gemini:cli"]	["program:n8n:takbul-webhook-001", "program:system:gemini:cli"]	[]	[]	["program:n8n:takbul-webhook-001", "program:system:gemini:cli"]	{"auto_fix": "false", "db_count": 68, "stale_count": 2, "missing_count": 1, "snapshot_count": 67}
f61afa9a-c9fa-42bb-9170-8ed83016730a	2026-03-04 18:02:27.206236+00	{"snapshot_dir": "/root/second-brain/data/runs/20260304T180224Z"}	["program:gemini:cli"]	["program:n8n:takbul-webhook-001", "program:system:gemini:cli"]	[]	[]	["program:n8n:takbul-webhook-001", "program:system:gemini:cli"]	{"auto_fix": "false", "db_count": 68, "stale_count": 2, "missing_count": 1, "snapshot_count": 67}
901dab1d-ea8a-4afb-96ad-283e621085bb	2026-03-04 18:07:10.679671+00	{"snapshot_dir": "/root/second-brain/data/runs/20260304T180701Z"}	[]	["program:n8n:takbul-webhook-001", "program:system:gemini:cli"]	[]	[]	["program:n8n:takbul-webhook-001", "program:system:gemini:cli"]	{"auto_fix": "false", "db_count": 69, "stale_count": 2, "missing_count": 0, "snapshot_count": 67}
9ee499b1-6399-4503-af46-6d7d94d7697d	2026-03-04 18:12:36.240193+00	{"snapshot_dir": "/root/second-brain/data/runs/20260304T181231Z"}	[]	["program:n8n:takbul-webhook-001", "program:system:gemini:cli"]	[]	[]	["program:n8n:takbul-webhook-001", "program:system:gemini:cli"]	{"auto_fix": "false", "db_count": 69, "stale_count": 2, "missing_count": 0, "snapshot_count": 67}
619d635b-a8b4-4fab-be30-3cf474f43bd3	2026-03-04 18:17:48.250784+00	{"snapshot_dir": "/root/second-brain/data/runs/20260304T181742Z"}	[]	["program:n8n:takbul-webhook-001", "program:system:gemini:cli"]	[]	[]	["program:n8n:takbul-webhook-001", "program:system:gemini:cli"]	{"auto_fix": "false", "db_count": 69, "stale_count": 2, "missing_count": 0, "snapshot_count": 67}
04ff67a8-c01d-4900-a6ea-4d0c6c248373	2026-03-04 19:03:25.017208+00	{"snapshot_dir": "/root/second-brain/data/runs/20260304T190317Z"}	[]	["program:n8n:takbul-webhook-001", "program:system:gemini:cli"]	[]	[]	["program:n8n:takbul-webhook-001", "program:system:gemini:cli"]	{"auto_fix": "false", "db_count": 69, "stale_count": 2, "missing_count": 0, "snapshot_count": 67}
5d79670b-aec0-4048-8bca-4a780ddcc659	2026-03-04 19:15:36.961712+00	{"snapshot_dir": "/root/second-brain/data/runs/20260304T190701Z"}	[]	["program:n8n:takbul-webhook-001", "program:system:gemini:cli"]	[]	[]	["program:n8n:takbul-webhook-001", "program:system:gemini:cli"]	{"auto_fix": "false", "db_count": 69, "stale_count": 2, "missing_count": 0, "snapshot_count": 67}
b0ae57ef-346a-4272-9538-7fe3c4cb401e	2026-03-04 19:41:38.163025+00	{"snapshot_dir": "/root/second-brain/data/runs/20260304T194134Z"}	[]	["program:n8n:takbul-webhook-001", "program:system:gemini:cli"]	[]	[]	["program:n8n:takbul-webhook-001", "program:system:gemini:cli"]	{"auto_fix": "false", "db_count": 69, "stale_count": 2, "missing_count": 0, "snapshot_count": 67}
d7566811-924d-4d32-806a-649ad9f875da	2026-03-04 20:07:07.611155+00	{"snapshot_dir": "/root/second-brain/data/runs/20260304T200701Z"}	[]	["program:n8n:takbul-webhook-001", "program:system:gemini:cli"]	[]	[]	["program:n8n:takbul-webhook-001", "program:system:gemini:cli"]	{"auto_fix": "false", "db_count": 69, "stale_count": 2, "missing_count": 0, "snapshot_count": 67}
f7916755-df61-43e5-90aa-f8aeaab19ef5	2026-03-04 20:25:35.240807+00	{"snapshot_dir": "/root/second-brain/data/runs/20260304T202531Z"}	[]	["program:n8n:takbul-webhook-001", "program:system:gemini:cli"]	[]	[]	["program:n8n:takbul-webhook-001", "program:system:gemini:cli"]	{"auto_fix": "false", "db_count": 69, "stale_count": 2, "missing_count": 0, "snapshot_count": 67}
8926be49-dc12-4c6f-96d7-1dd6aa332048	2026-03-04 20:26:27.199563+00	{"snapshot_dir": "/root/second-brain/data/runs/20260304T202624Z"}	[]	["program:n8n:takbul-webhook-001", "program:system:gemini:cli"]	[]	[]	["program:n8n:takbul-webhook-001", "program:system:gemini:cli"]	{"auto_fix": "false", "db_count": 69, "stale_count": 2, "missing_count": 0, "snapshot_count": 67}
39940f77-dda5-4106-b285-d03ce3583cf7	2026-03-04 21:00:51.537492+00	{"snapshot_dir": "/root/second-brain/data/runs/20260304T210048Z"}	[]	["program:n8n:takbul-webhook-001", "program:system:gemini:cli"]	[]	[]	["program:n8n:takbul-webhook-001", "program:system:gemini:cli"]	{"auto_fix": "false", "db_count": 69, "stale_count": 2, "missing_count": 0, "snapshot_count": 67}
edad73d4-ee25-4362-9fd8-80afe2f9cb27	2026-03-04 21:07:07.458202+00	{"snapshot_dir": "/root/second-brain/data/runs/20260304T210701Z"}	[]	["program:n8n:takbul-webhook-001", "program:system:gemini:cli"]	[]	[]	["program:n8n:takbul-webhook-001", "program:system:gemini:cli"]	{"auto_fix": "false", "db_count": 69, "stale_count": 2, "missing_count": 0, "snapshot_count": 67}
f7ec3016-28c7-4703-be2f-af339164187a	2026-03-04 21:50:36.921277+00	{"snapshot_dir": "/root/second-brain/data/runs/20260304T215033Z"}	[]	["program:n8n:takbul-webhook-001", "program:system:gemini:cli"]	[]	[]	["program:n8n:takbul-webhook-001", "program:system:gemini:cli"]	{"auto_fix": "false", "db_count": 69, "stale_count": 2, "missing_count": 0, "snapshot_count": 67}
49ed913f-f41e-437d-9457-d4a045c39913	2026-03-04 22:07:07.62377+00	{"snapshot_dir": "/root/second-brain/data/runs/20260304T220701Z"}	[]	["program:n8n:takbul-webhook-001", "program:system:gemini:cli"]	[]	[]	["program:n8n:takbul-webhook-001", "program:system:gemini:cli"]	{"auto_fix": "false", "db_count": 69, "stale_count": 2, "missing_count": 0, "snapshot_count": 67}
4c961b93-07ed-4e0f-8684-5f770b5224b8	2026-03-04 23:07:07.214594+00	{"snapshot_dir": "/root/second-brain/data/runs/20260304T230701Z"}	[]	["program:n8n:takbul-webhook-001", "program:system:gemini:cli"]	[]	[]	["program:n8n:takbul-webhook-001", "program:system:gemini:cli"]	{"auto_fix": "false", "db_count": 69, "stale_count": 2, "missing_count": 0, "snapshot_count": 67}
bc2514d5-d67b-49da-bf11-3abf7eba69fa	2026-03-05 00:07:07.036668+00	{"snapshot_dir": "/root/second-brain/data/runs/20260305T000701Z"}	[]	["program:n8n:takbul-webhook-001", "program:system:gemini:cli"]	[]	[]	["program:n8n:takbul-webhook-001", "program:system:gemini:cli"]	{"auto_fix": "false", "db_count": 69, "stale_count": 2, "missing_count": 0, "snapshot_count": 67}
4c5dc5e4-9926-4977-af58-88ff8d663955	2026-03-05 01:07:07.177563+00	{"snapshot_dir": "/root/second-brain/data/runs/20260305T010701Z"}	[]	["program:n8n:takbul-webhook-001", "program:system:gemini:cli"]	[]	[]	["program:n8n:takbul-webhook-001", "program:system:gemini:cli"]	{"auto_fix": "false", "db_count": 69, "stale_count": 2, "missing_count": 0, "snapshot_count": 67}
032785b8-748a-45f0-b545-61ab2af100ef	2026-03-05 02:07:06.980774+00	{"snapshot_dir": "/root/second-brain/data/runs/20260305T020701Z"}	[]	["program:n8n:takbul-webhook-001", "program:system:gemini:cli"]	[]	[]	["program:n8n:takbul-webhook-001", "program:system:gemini:cli"]	{"auto_fix": "false", "db_count": 69, "stale_count": 2, "missing_count": 0, "snapshot_count": 67}
36f9357f-00e6-4ffb-a315-8e204ca11c9a	2026-03-05 03:07:07.400679+00	{"snapshot_dir": "/root/second-brain/data/runs/20260305T030701Z"}	[]	["program:n8n:takbul-webhook-001", "program:system:gemini:cli"]	[]	[]	["program:n8n:takbul-webhook-001", "program:system:gemini:cli"]	{"auto_fix": "false", "db_count": 69, "stale_count": 2, "missing_count": 0, "snapshot_count": 67}
aa244c3b-292c-48eb-8ad5-77eaa6e5c235	2026-03-05 04:07:07.448876+00	{"snapshot_dir": "/root/second-brain/data/runs/20260305T040701Z"}	[]	["program:n8n:takbul-webhook-001", "program:system:gemini:cli"]	[]	[]	["program:n8n:takbul-webhook-001", "program:system:gemini:cli"]	{"auto_fix": "false", "db_count": 69, "stale_count": 2, "missing_count": 0, "snapshot_count": 67}
5e694ba0-6a3f-4fda-89df-96050355dd2b	2026-03-05 05:07:07.096332+00	{"snapshot_dir": "/root/second-brain/data/runs/20260305T050701Z"}	[]	["program:n8n:takbul-webhook-001", "program:system:gemini:cli"]	[]	[]	["program:n8n:takbul-webhook-001", "program:system:gemini:cli"]	{"auto_fix": "false", "db_count": 69, "stale_count": 2, "missing_count": 0, "snapshot_count": 67}
49189d11-a756-4746-b22e-90351fa3a7b5	2026-03-05 06:07:07.902984+00	{"snapshot_dir": "/root/second-brain/data/runs/20260305T060701Z"}	[]	["program:n8n:takbul-webhook-001", "program:system:gemini:cli"]	[]	[]	["program:n8n:takbul-webhook-001", "program:system:gemini:cli"]	{"auto_fix": "false", "db_count": 69, "stale_count": 2, "missing_count": 0, "snapshot_count": 67}
363a6eb5-7fcb-4362-8342-35ed1fe81a67	2026-03-05 07:07:07.532061+00	{"snapshot_dir": "/root/second-brain/data/runs/20260305T070701Z"}	[]	["program:n8n:takbul-webhook-001", "program:system:gemini:cli"]	[]	[]	["program:n8n:takbul-webhook-001", "program:system:gemini:cli"]	{"auto_fix": "false", "db_count": 69, "stale_count": 2, "missing_count": 0, "snapshot_count": 67}
47b2f2d0-554d-4a9a-9ed4-b9a81a9c4836	2026-03-05 08:07:07.480844+00	{"snapshot_dir": "/root/second-brain/data/runs/20260305T080701Z"}	[]	["program:n8n:takbul-webhook-001", "program:system:gemini:cli"]	[]	[]	["program:n8n:takbul-webhook-001", "program:system:gemini:cli"]	{"auto_fix": "false", "db_count": 69, "stale_count": 2, "missing_count": 0, "snapshot_count": 67}
b7871f3a-2dbc-42c4-8108-327c88b75d8b	2026-03-05 09:07:07.581144+00	{"snapshot_dir": "/root/second-brain/data/runs/20260305T090701Z"}	[]	["program:n8n:takbul-webhook-001", "program:system:gemini:cli"]	[]	[]	["program:n8n:takbul-webhook-001", "program:system:gemini:cli"]	{"auto_fix": "false", "db_count": 69, "stale_count": 2, "missing_count": 0, "snapshot_count": 67}
c6534d04-2950-4bdb-a8a7-b275afe75890	2026-03-05 10:07:07.525107+00	{"snapshot_dir": "/root/second-brain/data/runs/20260305T100701Z"}	[]	["program:n8n:takbul-webhook-001", "program:system:gemini:cli"]	[]	[]	["program:n8n:takbul-webhook-001", "program:system:gemini:cli"]	{"auto_fix": "false", "db_count": 69, "stale_count": 2, "missing_count": 0, "snapshot_count": 67}
04619760-ab2b-40c2-903a-bffce81fa686	2026-03-05 11:07:07.199122+00	{"snapshot_dir": "/root/second-brain/data/runs/20260305T110701Z"}	[]	["program:n8n:takbul-webhook-001", "program:system:gemini:cli"]	[]	[]	["program:n8n:takbul-webhook-001", "program:system:gemini:cli"]	{"auto_fix": "false", "db_count": 69, "stale_count": 2, "missing_count": 0, "snapshot_count": 67}
d397faf0-239f-43d5-b05d-c7a149088247	2026-03-05 12:07:07.129757+00	{"snapshot_dir": "/root/second-brain/data/runs/20260305T120701Z"}	[]	["program:n8n:takbul-webhook-001", "program:system:gemini:cli"]	[]	[]	["program:n8n:takbul-webhook-001", "program:system:gemini:cli"]	{"auto_fix": "false", "db_count": 69, "stale_count": 2, "missing_count": 0, "snapshot_count": 67}
dd93aaaa-8d05-4d43-82ae-a2660d419e6e	2026-03-05 13:07:07.344441+00	{"snapshot_dir": "/root/second-brain/data/runs/20260305T130701Z"}	[]	["program:n8n:takbul-webhook-001", "program:system:gemini:cli"]	[]	[]	["program:n8n:takbul-webhook-001", "program:system:gemini:cli"]	{"auto_fix": "false", "db_count": 69, "stale_count": 2, "missing_count": 0, "snapshot_count": 67}
76697b13-f9d7-4f74-9908-6620c112331d	2026-03-05 14:07:07.868895+00	{"snapshot_dir": "/root/second-brain/data/runs/20260305T140701Z"}	[]	["program:n8n:takbul-webhook-001", "program:system:gemini:cli"]	[]	[]	["program:n8n:takbul-webhook-001", "program:system:gemini:cli"]	{"auto_fix": "false", "db_count": 69, "stale_count": 2, "missing_count": 0, "snapshot_count": 67}
b06e65b4-382f-48b7-8843-f5eba644f5ae	2026-03-05 15:07:07.170126+00	{"snapshot_dir": "/root/second-brain/data/runs/20260305T150701Z"}	[]	["program:n8n:takbul-webhook-001", "program:system:gemini:cli"]	[]	[]	["program:n8n:takbul-webhook-001", "program:system:gemini:cli"]	{"auto_fix": "false", "db_count": 69, "stale_count": 2, "missing_count": 0, "snapshot_count": 67}
0fd0ca09-e503-494a-be78-a4a11bf5d6ec	2026-03-05 16:07:07.08485+00	{"snapshot_dir": "/root/second-brain/data/runs/20260305T160701Z"}	[]	["program:n8n:takbul-webhook-001", "program:system:gemini:cli"]	[]	[]	["program:n8n:takbul-webhook-001", "program:system:gemini:cli"]	{"auto_fix": "false", "db_count": 69, "stale_count": 2, "missing_count": 0, "snapshot_count": 67}
a238c312-b79c-453c-8dbf-69e41ef71997	2026-03-05 17:07:07.392596+00	{"snapshot_dir": "/root/second-brain/data/runs/20260305T170701Z"}	[]	["program:n8n:takbul-webhook-001", "program:system:gemini:cli"]	[]	[]	["program:n8n:takbul-webhook-001", "program:system:gemini:cli"]	{"auto_fix": "false", "db_count": 69, "stale_count": 2, "missing_count": 0, "snapshot_count": 67}
267a1f67-78d0-426c-9373-c6c9a980322c	2026-03-05 18:07:07.079248+00	{"snapshot_dir": "/root/second-brain/data/runs/20260305T180701Z"}	[]	["program:n8n:takbul-webhook-001", "program:system:gemini:cli"]	[]	[]	["program:n8n:takbul-webhook-001", "program:system:gemini:cli"]	{"auto_fix": "false", "db_count": 69, "stale_count": 2, "missing_count": 0, "snapshot_count": 67}
47c53cf2-8b0a-4f2d-a5e1-775d61cf9402	2026-03-05 19:07:07.143207+00	{"snapshot_dir": "/root/second-brain/data/runs/20260305T190701Z"}	[]	["program:n8n:takbul-webhook-001", "program:system:gemini:cli"]	[]	[]	["program:n8n:takbul-webhook-001", "program:system:gemini:cli"]	{"auto_fix": "false", "db_count": 69, "stale_count": 2, "missing_count": 0, "snapshot_count": 67}
c8622bd8-f99f-43bb-8cd1-f68c92a16cc6	2026-03-05 20:07:07.621304+00	{"snapshot_dir": "/root/second-brain/data/runs/20260305T200701Z"}	[]	["program:n8n:takbul-webhook-001", "program:system:gemini:cli"]	[]	[]	["program:n8n:takbul-webhook-001", "program:system:gemini:cli"]	{"auto_fix": "false", "db_count": 69, "stale_count": 2, "missing_count": 0, "snapshot_count": 67}
7b3cdf34-3d1d-4e9d-8ed4-86450fca6c52	2026-03-05 21:07:07.075988+00	{"snapshot_dir": "/root/second-brain/data/runs/20260305T210701Z"}	[]	["program:n8n:takbul-webhook-001", "program:system:gemini:cli"]	[]	[]	["program:n8n:takbul-webhook-001", "program:system:gemini:cli"]	{"auto_fix": "false", "db_count": 69, "stale_count": 2, "missing_count": 0, "snapshot_count": 67}
aa0ec71a-8843-4963-b19a-4f05b663f223	2026-03-05 22:07:07.229761+00	{"snapshot_dir": "/root/second-brain/data/runs/20260305T220701Z"}	[]	["program:n8n:takbul-webhook-001", "program:system:gemini:cli"]	[]	[]	["program:n8n:takbul-webhook-001", "program:system:gemini:cli"]	{"auto_fix": "false", "db_count": 69, "stale_count": 2, "missing_count": 0, "snapshot_count": 67}
0ddff328-afc3-4b69-89e8-d0f57d80e14c	2026-03-05 22:46:54.203875+00	{"snapshot_dir": "/root/second-brain/data/runs/20260305T224650Z"}	[]	["program:n8n:takbul-webhook-001", "program:system:gemini:cli"]	[]	[]	["program:n8n:takbul-webhook-001", "program:system:gemini:cli"]	{"auto_fix": "false", "db_count": 69, "stale_count": 2, "missing_count": 0, "snapshot_count": 67}
9a8d0f51-185b-4ecb-9ce6-417fba5d73cb	2026-03-05 23:07:07.209367+00	{"snapshot_dir": "/root/second-brain/data/runs/20260305T230701Z"}	[]	["program:n8n:takbul-webhook-001", "program:system:gemini:cli"]	[]	[]	["program:n8n:takbul-webhook-001", "program:system:gemini:cli"]	{"auto_fix": "false", "db_count": 69, "stale_count": 2, "missing_count": 0, "snapshot_count": 67}
5b1596bc-c63b-4059-9626-983ea161fe2e	2026-03-06 00:07:06.962325+00	{"snapshot_dir": "/root/second-brain/data/runs/20260306T000701Z"}	[]	["program:n8n:takbul-webhook-001", "program:system:gemini:cli"]	[]	[]	["program:n8n:takbul-webhook-001", "program:system:gemini:cli"]	{"auto_fix": "false", "db_count": 69, "stale_count": 2, "missing_count": 0, "snapshot_count": 67}
c33f25ca-dafc-4e0b-944c-655131656eb1	2026-03-06 01:07:07.03615+00	{"snapshot_dir": "/root/second-brain/data/runs/20260306T010701Z"}	[]	["program:n8n:takbul-webhook-001", "program:system:gemini:cli"]	[]	[]	["program:n8n:takbul-webhook-001", "program:system:gemini:cli"]	{"auto_fix": "false", "db_count": 69, "stale_count": 2, "missing_count": 0, "snapshot_count": 67}
e4234e9b-07ca-442f-ae29-51f00c8165dd	2026-03-06 02:07:07.671096+00	{"snapshot_dir": "/root/second-brain/data/runs/20260306T020701Z"}	[]	["program:n8n:takbul-webhook-001", "program:system:gemini:cli"]	[]	[]	["program:n8n:takbul-webhook-001", "program:system:gemini:cli"]	{"auto_fix": "false", "db_count": 69, "stale_count": 2, "missing_count": 0, "snapshot_count": 67}
23c63b90-3435-423a-9c9e-9a07ca678987	2026-03-06 03:07:07.38221+00	{"snapshot_dir": "/root/second-brain/data/runs/20260306T030701Z"}	[]	["program:n8n:takbul-webhook-001", "program:system:gemini:cli"]	[]	[]	["program:n8n:takbul-webhook-001", "program:system:gemini:cli"]	{"auto_fix": "false", "db_count": 69, "stale_count": 2, "missing_count": 0, "snapshot_count": 67}
59678af4-95fa-4e45-ad6c-cfbe2632be3c	2026-03-06 04:07:07.388368+00	{"snapshot_dir": "/root/second-brain/data/runs/20260306T040701Z"}	[]	["program:n8n:takbul-webhook-001", "program:system:gemini:cli"]	[]	[]	["program:n8n:takbul-webhook-001", "program:system:gemini:cli"]	{"auto_fix": "false", "db_count": 69, "stale_count": 2, "missing_count": 0, "snapshot_count": 67}
4365e705-ec4a-4745-b79a-1b364dce4395	2026-03-06 05:07:07.589218+00	{"snapshot_dir": "/root/second-brain/data/runs/20260306T050701Z"}	[]	["program:n8n:takbul-webhook-001", "program:system:gemini:cli"]	[]	[]	["program:n8n:takbul-webhook-001", "program:system:gemini:cli"]	{"auto_fix": "false", "db_count": 69, "stale_count": 2, "missing_count": 0, "snapshot_count": 67}
66299ab9-f212-43e6-9a85-5c648467fe93	2026-03-06 06:07:06.85627+00	{"snapshot_dir": "/root/second-brain/data/runs/20260306T060701Z"}	[]	["program:n8n:takbul-webhook-001", "program:system:gemini:cli"]	[]	[]	["program:n8n:takbul-webhook-001", "program:system:gemini:cli"]	{"auto_fix": "false", "db_count": 69, "stale_count": 2, "missing_count": 0, "snapshot_count": 67}
062651e6-8154-4f76-9007-43fe9589b95d	2026-03-06 07:07:07.219748+00	{"snapshot_dir": "/root/second-brain/data/runs/20260306T070701Z"}	[]	["program:n8n:takbul-webhook-001", "program:system:gemini:cli"]	[]	[]	["program:n8n:takbul-webhook-001", "program:system:gemini:cli"]	{"auto_fix": "false", "db_count": 69, "stale_count": 2, "missing_count": 0, "snapshot_count": 67}
903bf67e-4cc0-440f-b796-221bbf1961a3	2026-03-06 08:07:07.571556+00	{"snapshot_dir": "/root/second-brain/data/runs/20260306T080701Z"}	[]	["program:n8n:takbul-webhook-001", "program:system:gemini:cli"]	[]	[]	["program:n8n:takbul-webhook-001", "program:system:gemini:cli"]	{"auto_fix": "false", "db_count": 69, "stale_count": 2, "missing_count": 0, "snapshot_count": 67}
ccd5ecf2-63a9-454e-ac42-009c5b095ed5	2026-03-06 09:07:07.548359+00	{"snapshot_dir": "/root/second-brain/data/runs/20260306T090701Z"}	[]	["program:n8n:takbul-webhook-001", "program:system:gemini:cli"]	[]	[]	["program:n8n:takbul-webhook-001", "program:system:gemini:cli"]	{"auto_fix": "false", "db_count": 69, "stale_count": 2, "missing_count": 0, "snapshot_count": 67}
6178798f-7bde-401e-8aeb-2d1d0e58790b	2026-03-06 10:07:07.961699+00	{"snapshot_dir": "/root/second-brain/data/runs/20260306T100701Z"}	[]	["program:n8n:takbul-webhook-001", "program:system:gemini:cli"]	[]	[]	["program:n8n:takbul-webhook-001", "program:system:gemini:cli"]	{"auto_fix": "false", "db_count": 69, "stale_count": 2, "missing_count": 0, "snapshot_count": 67}
a6c873b4-2f33-4ddb-b39a-bcff95335e96	2026-03-06 10:33:20.669691+00	{"snapshot_dir": "/root/second-brain/data/runs/20260306T103315Z"}	[]	["endpoint:sb-missing-from-sb-accept-low-20260306103315.internal", "endpoint:sb-missing-to-sb-accept-low-20260306103315.internal", "program:n8n:takbul-webhook-001", "program:system:gemini:cli", "service:sb-accept-low-20260306103315"]	[]	[]	["endpoint:sb-missing-from-sb-accept-low-20260306103315.internal", "endpoint:sb-missing-to-sb-accept-low-20260306103315.internal", "program:n8n:takbul-webhook-001", "program:system:gemini:cli", "service:sb-accept-low-20260306103315"]	{"auto_fix": "false", "db_count": 72, "stale_count": 5, "missing_count": 0, "snapshot_count": 67}
1c342eca-5451-43e0-8f19-87e76f9adda4	2026-03-06 10:33:21.197147+00	{"snapshot_dir": "/root/second-brain/data/runs/20260306T103317Z"}	[]	["endpoint:sb-missing-from-sb-accept-low-20260306103315.internal", "endpoint:sb-missing-to-sb-accept-low-20260306103315.internal", "program:n8n:takbul-webhook-001", "program:system:gemini:cli", "service:sb-accept-low-20260306103315"]	[]	[]	["endpoint:sb-missing-from-sb-accept-low-20260306103315.internal", "endpoint:sb-missing-to-sb-accept-low-20260306103315.internal", "program:n8n:takbul-webhook-001", "program:system:gemini:cli", "service:sb-accept-low-20260306103315"]	{"auto_fix": "false", "db_count": 72, "stale_count": 5, "missing_count": 0, "snapshot_count": 67}
618a6938-3645-4f77-8e39-94ab418592d8	2026-03-06 11:07:07.919805+00	{"snapshot_dir": "/root/second-brain/data/runs/20260306T110701Z"}	[]	["program:n8n:takbul-webhook-001", "program:system:gemini:cli"]	[]	[]	["program:n8n:takbul-webhook-001", "program:system:gemini:cli"]	{"auto_fix": "false", "db_count": 69, "stale_count": 2, "missing_count": 0, "snapshot_count": 67}
c02e3d90-ad67-4cea-9539-f49b98725533	2026-03-06 11:44:50.098069+00	{"snapshot_dir": "/root/second-brain/data/runs/20260306T114446Z"}	[]	["program:n8n:takbul-webhook-001", "program:system:gemini:cli"]	[]	[]	["program:n8n:takbul-webhook-001", "program:system:gemini:cli"]	{"auto_fix": "false", "db_count": 69, "stale_count": 2, "missing_count": 0, "snapshot_count": 67}
eb677fdb-cdde-470e-b802-4e7a9d4b784c	2026-03-06 12:07:08.790263+00	{"snapshot_dir": "/root/second-brain/data/runs/20260306T120701Z"}	[]	["program:n8n:takbul-webhook-001", "program:system:gemini:cli"]	[]	[]	["program:n8n:takbul-webhook-001", "program:system:gemini:cli"]	{"auto_fix": "false", "db_count": 69, "stale_count": 2, "missing_count": 0, "snapshot_count": 67}
bd3c1012-263a-4618-9d9e-7049c718794f	2026-03-06 13:07:08.723042+00	{"snapshot_dir": "/root/second-brain/data/runs/20260306T130701Z"}	[]	["program:n8n:takbul-webhook-001", "program:system:gemini:cli"]	[]	[]	["program:n8n:takbul-webhook-001", "program:system:gemini:cli"]	{"auto_fix": "false", "db_count": 69, "stale_count": 2, "missing_count": 0, "snapshot_count": 67}
e3ea2b2a-3c6d-4e08-8f65-26d2f2d97f6b	2026-03-06 13:12:03.224857+00	{"snapshot_dir": "/root/second-brain/data/runs/20260306T131158Z"}	[]	["program:n8n:takbul-webhook-001", "program:system:gemini:cli", "service:manual:https://api.takbull.co.il"]	[]	[]	["program:n8n:takbul-webhook-001", "program:system:gemini:cli", "service:manual:https://api.takbull.co.il"]	{"auto_fix": "false", "db_count": 70, "stale_count": 3, "missing_count": 0, "snapshot_count": 67}
245d2e76-f18f-473b-b3e1-c861f20670a3	2026-03-06 13:26:16.09003+00	{"snapshot_dir": "/root/second-brain/data/runs/20260306T132611Z"}	[]	["endpoint:sb-missing-from-sb-accept-low-20260306132612.internal", "endpoint:sb-missing-to-sb-accept-low-20260306132612.internal", "program:n8n:takbul-webhook-001", "program:system:gemini:cli", "service:manual:https://api.takbull.co.il", "service:sb-accept-low-20260306132612"]	[]	[]	["endpoint:sb-missing-from-sb-accept-low-20260306132612.internal", "endpoint:sb-missing-to-sb-accept-low-20260306132612.internal", "program:n8n:takbul-webhook-001", "program:system:gemini:cli", "service:manual:https://api.takbull.co.il", "service:sb-accept-low-20260306132612"]	{"auto_fix": "false", "db_count": 73, "stale_count": 6, "missing_count": 0, "snapshot_count": 67}
32f946f0-f93b-4cd4-b9ca-c423bf5a6ca6	2026-03-06 13:26:18.045712+00	{"snapshot_dir": "/root/second-brain/data/runs/20260306T132614Z"}	[]	["endpoint:sb-missing-from-sb-accept-low-20260306132612.internal", "endpoint:sb-missing-to-sb-accept-low-20260306132612.internal", "program:n8n:takbul-webhook-001", "program:system:gemini:cli", "service:manual:https://api.takbull.co.il", "service:sb-accept-low-20260306132612"]	[]	[]	["endpoint:sb-missing-from-sb-accept-low-20260306132612.internal", "endpoint:sb-missing-to-sb-accept-low-20260306132612.internal", "program:n8n:takbul-webhook-001", "program:system:gemini:cli", "service:manual:https://api.takbull.co.il", "service:sb-accept-low-20260306132612"]	{"auto_fix": "false", "db_count": 73, "stale_count": 6, "missing_count": 0, "snapshot_count": 67}
d0097dc6-9269-41d2-b05b-84e69ef0c278	2026-03-06 14:07:07.77191+00	{"snapshot_dir": "/root/second-brain/data/runs/20260306T140701Z"}	[]	["program:n8n:takbul-webhook-001", "program:system:gemini:cli", "service:manual:https://api.takbull.co.il"]	[]	[]	["program:n8n:takbul-webhook-001", "program:system:gemini:cli", "service:manual:https://api.takbull.co.il"]	{"auto_fix": "false", "db_count": 70, "stale_count": 3, "missing_count": 0, "snapshot_count": 67}
fcea6a27-0683-4912-acdb-eada1a714f07	2026-03-06 14:30:07.685228+00	{"snapshot_dir": "/root/second-brain/data/runs/20260306T143004Z"}	[]	["program:n8n:takbul-webhook-001", "program:system:gemini:cli", "service:manual:https://api.takbull.co.il"]	[]	[]	["program:n8n:takbul-webhook-001", "program:system:gemini:cli", "service:manual:https://api.takbull.co.il"]	{"auto_fix": "false", "db_count": 70, "stale_count": 3, "missing_count": 0, "snapshot_count": 67}
988e6648-7e2e-4a86-b4ed-d8e016666b28	2026-03-06 14:30:19.905347+00	{"snapshot_dir": "/root/second-brain/data/runs/20260306T143016Z"}	[]	["endpoint:sb-missing-from-sb-accept-low-20260306143014.internal", "endpoint:sb-missing-to-sb-accept-low-20260306143014.internal", "program:n8n:takbul-webhook-001", "program:system:gemini:cli", "service:manual:https://api.takbull.co.il", "service:sb-accept-low-20260306143014"]	[]	[]	["endpoint:sb-missing-from-sb-accept-low-20260306143014.internal", "endpoint:sb-missing-to-sb-accept-low-20260306143014.internal", "program:n8n:takbul-webhook-001", "program:system:gemini:cli", "service:manual:https://api.takbull.co.il", "service:sb-accept-low-20260306143014"]	{"auto_fix": "false", "db_count": 73, "stale_count": 6, "missing_count": 0, "snapshot_count": 67}
65a41a07-38fa-4ce5-ba98-11d8b076273e	2026-03-06 14:34:57.19002+00	{"snapshot_dir": "/root/second-brain/data/runs/20260306T143454Z"}	[]	["program:n8n:takbul-webhook-001", "program:system:gemini:cli", "service:manual:https://api.takbull.co.il"]	[]	[]	["program:n8n:takbul-webhook-001", "program:system:gemini:cli", "service:manual:https://api.takbull.co.il"]	{"auto_fix": "false", "db_count": 70, "stale_count": 3, "missing_count": 0, "snapshot_count": 67}
cd9eb7bb-b617-4db4-bea8-36406312dfb2	2026-03-06 14:35:11.707208+00	{"snapshot_dir": "/root/second-brain/data/runs/20260306T143508Z"}	[]	["endpoint:sb-missing-from-sb-accept-low-20260306143505.internal", "endpoint:sb-missing-to-sb-accept-low-20260306143505.internal", "program:n8n:takbul-webhook-001", "program:system:gemini:cli", "service:manual:https://api.takbull.co.il", "service:sb-accept-low-20260306143505"]	[]	[]	["endpoint:sb-missing-from-sb-accept-low-20260306143505.internal", "endpoint:sb-missing-to-sb-accept-low-20260306143505.internal", "program:n8n:takbul-webhook-001", "program:system:gemini:cli", "service:manual:https://api.takbull.co.il", "service:sb-accept-low-20260306143505"]	{"auto_fix": "false", "db_count": 73, "stale_count": 6, "missing_count": 0, "snapshot_count": 67}
10ea0fd2-2e12-4ce8-a2ce-e091d0ff8b08	2026-03-06 15:07:08.764065+00	{"snapshot_dir": "/root/second-brain/data/runs/20260306T150701Z"}	[]	["program:n8n:takbul-webhook-001", "program:system:gemini:cli", "service:manual:https://api.takbull.co.il"]	[]	[]	["program:n8n:takbul-webhook-001", "program:system:gemini:cli", "service:manual:https://api.takbull.co.il"]	{"auto_fix": "false", "db_count": 70, "stale_count": 3, "missing_count": 0, "snapshot_count": 67}
2805c01a-d7a5-4174-94ad-4c99e0d604fc	2026-03-06 15:15:54.714092+00	{"snapshot_dir": "/root/second-brain/data/runs/20260306T151551Z"}	[]	["program:n8n:takbul-webhook-001", "program:system:gemini:cli", "service:manual:https://api.takbull.co.il"]	[]	[]	["program:n8n:takbul-webhook-001", "program:system:gemini:cli", "service:manual:https://api.takbull.co.il"]	{"auto_fix": "false", "db_count": 70, "stale_count": 3, "missing_count": 0, "snapshot_count": 67}
06cd245b-570c-443d-923c-c6f6e99dfc44	2026-03-06 16:07:07.133577+00	{"snapshot_dir": "/root/second-brain/data/runs/20260306T160701Z"}	[]	["program:n8n:takbul-webhook-001", "program:system:gemini:cli", "service:manual:https://api.takbull.co.il"]	[]	[]	["program:n8n:takbul-webhook-001", "program:system:gemini:cli", "service:manual:https://api.takbull.co.il"]	{"auto_fix": "false", "db_count": 70, "stale_count": 3, "missing_count": 0, "snapshot_count": 67}
9a46fef9-e339-46dd-b056-2bfcd7260311	2026-03-06 17:07:07.442328+00	{"snapshot_dir": "/root/second-brain/data/runs/20260306T170701Z"}	[]	["program:n8n:takbul-webhook-001", "program:system:gemini:cli", "service:manual:https://api.takbull.co.il"]	[]	[]	["program:n8n:takbul-webhook-001", "program:system:gemini:cli", "service:manual:https://api.takbull.co.il"]	{"auto_fix": "false", "db_count": 70, "stale_count": 3, "missing_count": 0, "snapshot_count": 67}
a0149df3-8cd5-4c1a-a487-4e3d25bcbd28	2026-03-06 18:07:07.746487+00	{"snapshot_dir": "/root/second-brain/data/runs/20260306T180702Z"}	[]	["program:n8n:takbul-webhook-001", "program:system:gemini:cli", "service:manual:https://api.takbull.co.il"]	[]	[]	["program:n8n:takbul-webhook-001", "program:system:gemini:cli", "service:manual:https://api.takbull.co.il"]	{"auto_fix": "false", "db_count": 70, "stale_count": 3, "missing_count": 0, "snapshot_count": 67}
203eded8-ced0-4aa4-a34e-e8c3da53f031	2026-03-06 19:07:07.129345+00	{"snapshot_dir": "/root/second-brain/data/runs/20260306T190701Z"}	[]	["program:n8n:takbul-webhook-001", "program:system:gemini:cli", "service:manual:https://api.takbull.co.il"]	[]	[]	["program:n8n:takbul-webhook-001", "program:system:gemini:cli", "service:manual:https://api.takbull.co.il"]	{"auto_fix": "false", "db_count": 70, "stale_count": 3, "missing_count": 0, "snapshot_count": 67}
a39251b2-e638-416d-8cd0-65a93c81839c	2026-03-06 20:07:07.664522+00	{"snapshot_dir": "/root/second-brain/data/runs/20260306T200701Z"}	[]	["program:n8n:takbul-webhook-001", "program:system:gemini:cli", "service:manual:https://api.takbull.co.il"]	[]	[]	["program:n8n:takbul-webhook-001", "program:system:gemini:cli", "service:manual:https://api.takbull.co.il"]	{"auto_fix": "false", "db_count": 70, "stale_count": 3, "missing_count": 0, "snapshot_count": 67}
328c5e0b-8bf4-42bc-8412-009c3e42696e	2026-03-06 21:07:07.187373+00	{"snapshot_dir": "/root/second-brain/data/runs/20260306T210701Z"}	[]	["program:n8n:takbul-webhook-001", "program:system:gemini:cli", "service:manual:https://api.takbull.co.il"]	[]	[]	["program:n8n:takbul-webhook-001", "program:system:gemini:cli", "service:manual:https://api.takbull.co.il"]	{"auto_fix": "false", "db_count": 70, "stale_count": 3, "missing_count": 0, "snapshot_count": 67}
34f6e0d9-548c-4fc8-b278-965c6d8b7d2e	2026-03-06 22:07:07.578594+00	{"snapshot_dir": "/root/second-brain/data/runs/20260306T220701Z"}	[]	["program:n8n:takbul-webhook-001", "program:system:gemini:cli", "service:manual:https://api.takbull.co.il"]	[]	[]	["program:n8n:takbul-webhook-001", "program:system:gemini:cli", "service:manual:https://api.takbull.co.il"]	{"auto_fix": "false", "db_count": 70, "stale_count": 3, "missing_count": 0, "snapshot_count": 67}
b0e99bb2-e6c6-4bc3-bbfc-1491f135bc73	2026-03-06 23:07:07.29848+00	{"snapshot_dir": "/root/second-brain/data/runs/20260306T230701Z"}	[]	["program:n8n:takbul-webhook-001", "program:system:gemini:cli", "service:manual:https://api.takbull.co.il"]	[]	[]	["program:n8n:takbul-webhook-001", "program:system:gemini:cli", "service:manual:https://api.takbull.co.il"]	{"auto_fix": "false", "db_count": 70, "stale_count": 3, "missing_count": 0, "snapshot_count": 67}
7983196e-2d04-4462-8396-810dd7121f71	2026-03-07 00:07:07.100682+00	{"snapshot_dir": "/root/second-brain/data/runs/20260307T000701Z"}	[]	["program:n8n:takbul-webhook-001", "program:system:gemini:cli", "service:manual:https://api.takbull.co.il"]	[]	[]	["program:n8n:takbul-webhook-001", "program:system:gemini:cli", "service:manual:https://api.takbull.co.il"]	{"auto_fix": "false", "db_count": 70, "stale_count": 3, "missing_count": 0, "snapshot_count": 67}
b3c70be9-ad9f-460e-bba7-2cb4c5a522c6	2026-03-07 01:07:07.525453+00	{"snapshot_dir": "/root/second-brain/data/runs/20260307T010701Z"}	[]	["program:n8n:takbul-webhook-001", "program:system:gemini:cli", "service:manual:https://api.takbull.co.il"]	[]	[]	["program:n8n:takbul-webhook-001", "program:system:gemini:cli", "service:manual:https://api.takbull.co.il"]	{"auto_fix": "false", "db_count": 70, "stale_count": 3, "missing_count": 0, "snapshot_count": 67}
5988e517-252c-4225-a78b-a1b07822a3b8	2026-03-07 02:07:06.701433+00	{"snapshot_dir": "/root/second-brain/data/runs/20260307T020701Z"}	[]	["program:n8n:takbul-webhook-001", "program:system:gemini:cli", "service:manual:https://api.takbull.co.il"]	[]	[]	["program:n8n:takbul-webhook-001", "program:system:gemini:cli", "service:manual:https://api.takbull.co.il"]	{"auto_fix": "false", "db_count": 70, "stale_count": 3, "missing_count": 0, "snapshot_count": 67}
ee0be11b-5d21-4fc3-ad54-45dce28aea18	2026-03-07 03:07:07.330494+00	{"snapshot_dir": "/root/second-brain/data/runs/20260307T030701Z"}	[]	["program:n8n:takbul-webhook-001", "program:system:gemini:cli", "service:manual:https://api.takbull.co.il"]	[]	[]	["program:n8n:takbul-webhook-001", "program:system:gemini:cli", "service:manual:https://api.takbull.co.il"]	{"auto_fix": "false", "db_count": 70, "stale_count": 3, "missing_count": 0, "snapshot_count": 67}
51a79525-f4db-45dd-ae4c-2364274c2fb1	2026-03-07 04:07:07.327883+00	{"snapshot_dir": "/root/second-brain/data/runs/20260307T040701Z"}	[]	["program:n8n:takbul-webhook-001", "program:system:gemini:cli", "service:manual:https://api.takbull.co.il"]	[]	[]	["program:n8n:takbul-webhook-001", "program:system:gemini:cli", "service:manual:https://api.takbull.co.il"]	{"auto_fix": "false", "db_count": 70, "stale_count": 3, "missing_count": 0, "snapshot_count": 67}
4ed2b413-784f-4832-b68b-85090de2d133	2026-03-07 05:07:07.407946+00	{"snapshot_dir": "/root/second-brain/data/runs/20260307T050701Z"}	[]	["program:n8n:takbul-webhook-001", "program:system:gemini:cli", "service:manual:https://api.takbull.co.il"]	[]	[]	["program:n8n:takbul-webhook-001", "program:system:gemini:cli", "service:manual:https://api.takbull.co.il"]	{"auto_fix": "false", "db_count": 70, "stale_count": 3, "missing_count": 0, "snapshot_count": 67}
12a7d02a-34e5-4076-9ce0-e720a3f283a8	2026-03-07 06:07:07.83248+00	{"snapshot_dir": "/root/second-brain/data/runs/20260307T060701Z"}	[]	["program:n8n:takbul-webhook-001", "program:system:gemini:cli", "service:manual:https://api.takbull.co.il"]	[]	[]	["program:n8n:takbul-webhook-001", "program:system:gemini:cli", "service:manual:https://api.takbull.co.il"]	{"auto_fix": "false", "db_count": 70, "stale_count": 3, "missing_count": 0, "snapshot_count": 67}
1fc51f10-8a76-4c64-a2b1-86e561624ffa	2026-03-07 07:07:08.011903+00	{"snapshot_dir": "/root/second-brain/data/runs/20260307T070701Z"}	[]	["program:n8n:takbul-webhook-001", "program:system:gemini:cli", "service:manual:https://api.takbull.co.il"]	[]	[]	["program:n8n:takbul-webhook-001", "program:system:gemini:cli", "service:manual:https://api.takbull.co.il"]	{"auto_fix": "false", "db_count": 70, "stale_count": 3, "missing_count": 0, "snapshot_count": 67}
8c26cd8e-710e-4fa3-936e-31fbdb8f7f55	2026-03-07 08:07:07.554478+00	{"snapshot_dir": "/root/second-brain/data/runs/20260307T080701Z"}	[]	["program:n8n:takbul-webhook-001", "program:system:gemini:cli", "service:manual:https://api.takbull.co.il"]	[]	[]	["program:n8n:takbul-webhook-001", "program:system:gemini:cli", "service:manual:https://api.takbull.co.il"]	{"auto_fix": "false", "db_count": 70, "stale_count": 3, "missing_count": 0, "snapshot_count": 67}
d42d7003-ce0a-4b37-81e5-2deff8861734	2026-03-07 09:07:07.561579+00	{"snapshot_dir": "/root/second-brain/data/runs/20260307T090701Z"}	[]	["program:n8n:takbul-webhook-001", "program:system:gemini:cli", "service:manual:https://api.takbull.co.il"]	[]	[]	["program:n8n:takbul-webhook-001", "program:system:gemini:cli", "service:manual:https://api.takbull.co.il"]	{"auto_fix": "false", "db_count": 70, "stale_count": 3, "missing_count": 0, "snapshot_count": 67}
ad86515e-0fd2-4530-a7aa-0a5d4ef48ae4	2026-03-07 10:07:07.794958+00	{"snapshot_dir": "/root/second-brain/data/runs/20260307T100701Z"}	[]	["program:n8n:takbul-webhook-001", "program:system:gemini:cli", "service:manual:https://api.takbull.co.il"]	[]	[]	["program:n8n:takbul-webhook-001", "program:system:gemini:cli", "service:manual:https://api.takbull.co.il"]	{"auto_fix": "false", "db_count": 70, "stale_count": 3, "missing_count": 0, "snapshot_count": 67}
ee7a74e9-3dbb-4883-91f3-8c61d73890f2	2026-03-07 11:07:07.723619+00	{"snapshot_dir": "/root/second-brain/data/runs/20260307T110701Z"}	[]	["program:n8n:takbul-webhook-001", "program:system:gemini:cli", "service:manual:https://api.takbull.co.il"]	[]	[]	["program:n8n:takbul-webhook-001", "program:system:gemini:cli", "service:manual:https://api.takbull.co.il"]	{"auto_fix": "false", "db_count": 70, "stale_count": 3, "missing_count": 0, "snapshot_count": 67}
d38dcaa1-0bbe-4698-904d-fc8e5b2a9dca	2026-03-07 12:07:07.560486+00	{"snapshot_dir": "/root/second-brain/data/runs/20260307T120701Z"}	[]	["program:n8n:takbul-webhook-001", "program:system:gemini:cli", "service:manual:https://api.takbull.co.il"]	[]	[]	["program:n8n:takbul-webhook-001", "program:system:gemini:cli", "service:manual:https://api.takbull.co.il"]	{"auto_fix": "false", "db_count": 70, "stale_count": 3, "missing_count": 0, "snapshot_count": 67}
342d09aa-60c3-42f5-8b92-5a81bde9153a	2026-03-07 13:07:07.756563+00	{"snapshot_dir": "/root/second-brain/data/runs/20260307T130701Z"}	[]	["program:n8n:takbul-webhook-001", "program:system:gemini:cli", "service:manual:https://api.takbull.co.il"]	[]	[]	["program:n8n:takbul-webhook-001", "program:system:gemini:cli", "service:manual:https://api.takbull.co.il"]	{"auto_fix": "false", "db_count": 70, "stale_count": 3, "missing_count": 0, "snapshot_count": 67}
6b5a1b26-bc7a-493c-a3da-6a1d67ed7144	2026-03-07 14:07:07.753939+00	{"snapshot_dir": "/root/second-brain/data/runs/20260307T140701Z"}	[]	["program:n8n:takbul-webhook-001", "program:system:gemini:cli", "service:manual:https://api.takbull.co.il"]	[]	[]	["program:n8n:takbul-webhook-001", "program:system:gemini:cli", "service:manual:https://api.takbull.co.il"]	{"auto_fix": "false", "db_count": 70, "stale_count": 3, "missing_count": 0, "snapshot_count": 67}
40fe2ba1-fea7-49fc-8e6e-6e91768d133c	2026-03-07 15:07:07.191698+00	{"snapshot_dir": "/root/second-brain/data/runs/20260307T150701Z"}	[]	["program:n8n:takbul-webhook-001", "program:system:gemini:cli", "service:manual:https://api.takbull.co.il"]	[]	[]	["program:n8n:takbul-webhook-001", "program:system:gemini:cli", "service:manual:https://api.takbull.co.il"]	{"auto_fix": "false", "db_count": 70, "stale_count": 3, "missing_count": 0, "snapshot_count": 67}
b0bb7aa2-259d-4485-8165-c9b8125b7797	2026-03-07 16:07:07.015754+00	{"snapshot_dir": "/root/second-brain/data/runs/20260307T160701Z"}	[]	["program:n8n:takbul-webhook-001", "program:system:gemini:cli", "service:manual:https://api.takbull.co.il"]	[]	[]	["program:n8n:takbul-webhook-001", "program:system:gemini:cli", "service:manual:https://api.takbull.co.il"]	{"auto_fix": "false", "db_count": 70, "stale_count": 3, "missing_count": 0, "snapshot_count": 67}
a80fec4b-ece7-4180-ad53-1d8914663900	2026-03-07 17:07:07.218118+00	{"snapshot_dir": "/root/second-brain/data/runs/20260307T170701Z"}	[]	["program:n8n:takbul-webhook-001", "program:system:gemini:cli", "service:manual:https://api.takbull.co.il"]	[]	[]	["program:n8n:takbul-webhook-001", "program:system:gemini:cli", "service:manual:https://api.takbull.co.il"]	{"auto_fix": "false", "db_count": 70, "stale_count": 3, "missing_count": 0, "snapshot_count": 67}
718e0407-9859-44e1-b6bf-f7b2d14643eb	2026-03-07 17:11:11.867923+00	{"snapshot_dir": "/root/second-brain/data/runs/20260307T171107Z"}	[]	["program:n8n:takbul-webhook-001", "program:system:gemini:cli", "service:manual:https://api.takbull.co.il"]	[]	[]	["program:n8n:takbul-webhook-001", "program:system:gemini:cli", "service:manual:https://api.takbull.co.il"]	{"auto_fix": "false", "db_count": 70, "stale_count": 3, "missing_count": 0, "snapshot_count": 67}
5341f871-9d07-4d24-932c-1445b5d1d0c5	2026-03-07 18:07:07.337089+00	{"snapshot_dir": "/root/second-brain/data/runs/20260307T180701Z"}	[]	["program:n8n:takbul-webhook-001", "program:system:gemini:cli", "service:manual:https://api.takbull.co.il"]	[]	[]	["program:n8n:takbul-webhook-001", "program:system:gemini:cli", "service:manual:https://api.takbull.co.il"]	{"auto_fix": "false", "db_count": 70, "stale_count": 3, "missing_count": 0, "snapshot_count": 67}
0ba459c8-e42b-437a-8798-495b13fae895	2026-03-07 19:07:07.012128+00	{"snapshot_dir": "/root/second-brain/data/runs/20260307T190701Z"}	[]	["program:n8n:takbul-webhook-001", "program:system:gemini:cli", "service:manual:https://api.takbull.co.il"]	[]	[]	["program:n8n:takbul-webhook-001", "program:system:gemini:cli", "service:manual:https://api.takbull.co.il"]	{"auto_fix": "false", "db_count": 70, "stale_count": 3, "missing_count": 0, "snapshot_count": 67}
ed10130a-7594-4eb3-9ccc-d3e218c7be0d	2026-03-07 20:07:07.172485+00	{"snapshot_dir": "/root/second-brain/data/runs/20260307T200701Z"}	[]	["program:n8n:takbul-webhook-001", "program:system:gemini:cli", "service:manual:https://api.takbull.co.il"]	[]	[]	["program:n8n:takbul-webhook-001", "program:system:gemini:cli", "service:manual:https://api.takbull.co.il"]	{"auto_fix": "false", "db_count": 70, "stale_count": 3, "missing_count": 0, "snapshot_count": 67}
4ae3b275-de31-4056-ae9d-121190300381	2026-03-07 21:07:07.181834+00	{"snapshot_dir": "/root/second-brain/data/runs/20260307T210701Z"}	[]	["program:n8n:takbul-webhook-001", "program:system:gemini:cli", "service:manual:https://api.takbull.co.il"]	[]	[]	["program:n8n:takbul-webhook-001", "program:system:gemini:cli", "service:manual:https://api.takbull.co.il"]	{"auto_fix": "false", "db_count": 70, "stale_count": 3, "missing_count": 0, "snapshot_count": 67}
5432f5f5-36fb-4b18-9215-08d7df81a4d3	2026-03-07 22:07:06.887812+00	{"snapshot_dir": "/root/second-brain/data/runs/20260307T220701Z"}	[]	["program:n8n:takbul-webhook-001", "program:system:gemini:cli", "service:manual:https://api.takbull.co.il"]	[]	[]	["program:n8n:takbul-webhook-001", "program:system:gemini:cli", "service:manual:https://api.takbull.co.il"]	{"auto_fix": "false", "db_count": 70, "stale_count": 3, "missing_count": 0, "snapshot_count": 67}
5da6f143-0d29-4830-a16b-45c3583a5903	2026-03-07 23:07:07.251495+00	{"snapshot_dir": "/root/second-brain/data/runs/20260307T230701Z"}	[]	["program:n8n:takbul-webhook-001", "program:system:gemini:cli", "service:manual:https://api.takbull.co.il"]	[]	[]	["program:n8n:takbul-webhook-001", "program:system:gemini:cli", "service:manual:https://api.takbull.co.il"]	{"auto_fix": "false", "db_count": 70, "stale_count": 3, "missing_count": 0, "snapshot_count": 67}
22350e62-5603-49b5-9686-83438e61d149	2026-03-08 00:07:06.818395+00	{"snapshot_dir": "/root/second-brain/data/runs/20260308T000701Z"}	[]	["program:n8n:takbul-webhook-001", "program:system:gemini:cli", "service:manual:https://api.takbull.co.il"]	[]	[]	["program:n8n:takbul-webhook-001", "program:system:gemini:cli", "service:manual:https://api.takbull.co.il"]	{"auto_fix": "false", "db_count": 70, "stale_count": 3, "missing_count": 0, "snapshot_count": 67}
3c7aae41-94c0-4714-827d-d8a78b85a70b	2026-03-08 01:07:06.667103+00	{"snapshot_dir": "/root/second-brain/data/runs/20260308T010701Z"}	[]	["program:n8n:takbul-webhook-001", "program:system:gemini:cli", "service:manual:https://api.takbull.co.il"]	[]	[]	["program:n8n:takbul-webhook-001", "program:system:gemini:cli", "service:manual:https://api.takbull.co.il"]	{"auto_fix": "false", "db_count": 70, "stale_count": 3, "missing_count": 0, "snapshot_count": 67}
ea119e62-97d8-4eb9-abcc-2d0a4449bba2	2026-03-08 02:07:07.076571+00	{"snapshot_dir": "/root/second-brain/data/runs/20260308T020701Z"}	[]	["program:n8n:takbul-webhook-001", "program:system:gemini:cli", "service:manual:https://api.takbull.co.il"]	[]	[]	["program:n8n:takbul-webhook-001", "program:system:gemini:cli", "service:manual:https://api.takbull.co.il"]	{"auto_fix": "false", "db_count": 70, "stale_count": 3, "missing_count": 0, "snapshot_count": 67}
f0529c0d-6aa5-4cb9-8b5f-128ade52ca99	2026-03-08 03:07:07.517975+00	{"snapshot_dir": "/root/second-brain/data/runs/20260308T030701Z"}	[]	["program:n8n:takbul-webhook-001", "program:system:gemini:cli", "service:manual:https://api.takbull.co.il"]	[]	[]	["program:n8n:takbul-webhook-001", "program:system:gemini:cli", "service:manual:https://api.takbull.co.il"]	{"auto_fix": "false", "db_count": 70, "stale_count": 3, "missing_count": 0, "snapshot_count": 67}
9cda6e35-b16e-4430-a597-634fc500e2e6	2026-03-08 04:07:07.130695+00	{"snapshot_dir": "/root/second-brain/data/runs/20260308T040701Z"}	[]	["program:n8n:takbul-webhook-001", "program:system:gemini:cli", "service:manual:https://api.takbull.co.il"]	[]	[]	["program:n8n:takbul-webhook-001", "program:system:gemini:cli", "service:manual:https://api.takbull.co.il"]	{"auto_fix": "false", "db_count": 70, "stale_count": 3, "missing_count": 0, "snapshot_count": 67}
06ae3144-1188-48aa-bb47-3f82521872e7	2026-03-08 05:07:06.883633+00	{"snapshot_dir": "/root/second-brain/data/runs/20260308T050701Z"}	[]	["program:n8n:takbul-webhook-001", "program:system:gemini:cli", "service:manual:https://api.takbull.co.il"]	[]	[]	["program:n8n:takbul-webhook-001", "program:system:gemini:cli", "service:manual:https://api.takbull.co.il"]	{"auto_fix": "false", "db_count": 70, "stale_count": 3, "missing_count": 0, "snapshot_count": 67}
0f3a87cd-2a8b-4059-9976-723add804d41	2026-03-08 06:07:07.464837+00	{"snapshot_dir": "/root/second-brain/data/runs/20260308T060701Z"}	[]	["program:n8n:takbul-webhook-001", "program:system:gemini:cli", "service:manual:https://api.takbull.co.il"]	[]	[]	["program:n8n:takbul-webhook-001", "program:system:gemini:cli", "service:manual:https://api.takbull.co.il"]	{"auto_fix": "false", "db_count": 70, "stale_count": 3, "missing_count": 0, "snapshot_count": 67}
610ebcf4-a706-4087-b61a-97d8e7d40a9e	2026-03-08 07:07:07.716561+00	{"snapshot_dir": "/root/second-brain/data/runs/20260308T070701Z"}	[]	["program:n8n:takbul-webhook-001", "program:system:gemini:cli", "service:manual:https://api.takbull.co.il"]	[]	[]	["program:n8n:takbul-webhook-001", "program:system:gemini:cli", "service:manual:https://api.takbull.co.il"]	{"auto_fix": "false", "db_count": 70, "stale_count": 3, "missing_count": 0, "snapshot_count": 67}
266b5886-b467-4f62-91f0-407b5cacf5e0	2026-03-08 08:07:07.847137+00	{"snapshot_dir": "/root/second-brain/data/runs/20260308T080701Z"}	[]	["program:n8n:takbul-webhook-001", "program:system:gemini:cli", "service:manual:https://api.takbull.co.il"]	[]	[]	["program:n8n:takbul-webhook-001", "program:system:gemini:cli", "service:manual:https://api.takbull.co.il"]	{"auto_fix": "false", "db_count": 70, "stale_count": 3, "missing_count": 0, "snapshot_count": 67}
aaf6d525-64e3-4f64-836f-b3285b19e9de	2026-03-08 09:07:07.089997+00	{"snapshot_dir": "/root/second-brain/data/runs/20260308T090701Z"}	[]	["program:n8n:takbul-webhook-001", "program:system:gemini:cli", "service:manual:https://api.takbull.co.il"]	[]	[]	["program:n8n:takbul-webhook-001", "program:system:gemini:cli", "service:manual:https://api.takbull.co.il"]	{"auto_fix": "false", "db_count": 70, "stale_count": 3, "missing_count": 0, "snapshot_count": 67}
b6a18d94-749e-49cb-8bcf-be0e4831e667	2026-03-08 09:46:13.824169+00	{"snapshot_dir": "/root/second-brain/data/runs/20260308T094610Z"}	[]	["program:n8n:takbul-webhook-001", "program:system:gemini:cli", "service:manual:https://api.takbull.co.il"]	[]	[]	["program:n8n:takbul-webhook-001", "program:system:gemini:cli", "service:manual:https://api.takbull.co.il"]	{"auto_fix": "false", "db_count": 70, "stale_count": 3, "missing_count": 0, "snapshot_count": 67}
7d5ea233-3f28-4cba-b038-6d92cdb47797	2026-03-08 10:07:07.255722+00	{"snapshot_dir": "/root/second-brain/data/runs/20260308T100701Z"}	[]	["program:n8n:takbul-webhook-001", "program:system:gemini:cli", "service:manual:https://api.takbull.co.il"]	[]	[]	["program:n8n:takbul-webhook-001", "program:system:gemini:cli", "service:manual:https://api.takbull.co.il"]	{"auto_fix": "false", "db_count": 70, "stale_count": 3, "missing_count": 0, "snapshot_count": 67}
1144fa33-d501-4b2d-b40a-2c448871deb5	2026-03-08 11:07:07.631081+00	{"snapshot_dir": "/root/second-brain/data/runs/20260308T110701Z"}	[]	["program:n8n:takbul-webhook-001", "program:system:gemini:cli", "service:manual:https://api.takbull.co.il"]	[]	[]	["program:n8n:takbul-webhook-001", "program:system:gemini:cli", "service:manual:https://api.takbull.co.il"]	{"auto_fix": "false", "db_count": 70, "stale_count": 3, "missing_count": 0, "snapshot_count": 67}
87b5e7a5-2591-4a8a-a0ed-f3f84ac44d41	2026-03-08 11:16:56.852547+00	{"snapshot_dir": "/root/second-brain/data/runs/20260308T111653Z"}	[]	["program:n8n:takbul-webhook-001", "program:system:gemini:cli", "service:manual:https://api.takbull.co.il"]	[]	[]	["program:n8n:takbul-webhook-001", "program:system:gemini:cli", "service:manual:https://api.takbull.co.il"]	{"auto_fix": "false", "db_count": 70, "stale_count": 3, "missing_count": 0, "snapshot_count": 67}
4eabbe80-804c-4633-ba0f-d8061831be78	2026-03-08 11:17:12.802417+00	{"snapshot_dir": "/root/second-brain/data/runs/20260308T111709Z"}	[]	["endpoint:sb-missing-from-sb-accept-low-20260308111708.internal", "endpoint:sb-missing-to-sb-accept-low-20260308111708.internal", "program:n8n:takbul-webhook-001", "program:system:gemini:cli", "service:manual:https://api.takbull.co.il", "service:sb-accept-low-20260308111708"]	[]	[]	["endpoint:sb-missing-from-sb-accept-low-20260308111708.internal", "endpoint:sb-missing-to-sb-accept-low-20260308111708.internal", "program:n8n:takbul-webhook-001", "program:system:gemini:cli", "service:manual:https://api.takbull.co.il", "service:sb-accept-low-20260308111708"]	{"auto_fix": "false", "db_count": 73, "stale_count": 6, "missing_count": 0, "snapshot_count": 67}
420d68e5-2544-48b4-895e-2460cc77b318	2026-03-08 11:54:19.632988+00	{"snapshot_dir": "/root/second-brain/data/runs/20260308T115416Z"}	[]	["program:n8n:takbul-webhook-001", "program:system:gemini:cli", "service:manual:https://api.takbull.co.il"]	[]	[]	["program:n8n:takbul-webhook-001", "program:system:gemini:cli", "service:manual:https://api.takbull.co.il"]	{"auto_fix": "false", "db_count": 70, "stale_count": 3, "missing_count": 0, "snapshot_count": 67}
aae53c5d-381a-40af-9198-06a00b43a7f5	2026-03-08 12:07:10.092569+00	{"snapshot_dir": "/root/second-brain/data/runs/20260308T120701Z"}	[]	["program:n8n:takbul-webhook-001", "program:system:gemini:cli", "service:manual:https://api.takbull.co.il"]	[]	[]	["program:n8n:takbul-webhook-001", "program:system:gemini:cli", "service:manual:https://api.takbull.co.il"]	{"auto_fix": "false", "db_count": 70, "stale_count": 3, "missing_count": 0, "snapshot_count": 67}
\.


--
-- Data for Name: relationships; Type: TABLE DATA; Schema: second_brain; Owner: postgres
--

COPY second_brain.relationships (relationship_id, from_entity, relation_type, to_entity, properties, confidence_score, created_at, updated_at) FROM stdin;
db5de338-cbfb-4f90-9611-7a7e821f64aa	00af116e-9b4f-476c-9b8e-31c1e9ecd5d6	DEPENDS_ON	a83fe9c0-7589-4266-a92c-b60ce4a022c7	{"source": "caddy", "target": "127.0.0.1:8055"}	0.950	2026-02-27 10:08:58.343156+00	2026-03-08 12:07:09.130152+00
f2953cca-13c7-4c2c-977f-23981c8a55c5	00af116e-9b4f-476c-9b8e-31c1e9ecd5d6	EXPOSES	6acf1e93-bcdc-4755-9b90-3616062c0978	{"note": "Endpoint defined in Caddy", "source": "caddy"}	0.600	2026-02-27 10:08:58.343156+00	2026-03-08 12:07:09.130152+00
a276403b-7bfc-40b9-ae61-f893dcfb9f63	03078fb8-c8c5-471c-af78-4a0d18117f09	EXPOSES	6acf1e93-bcdc-4755-9b90-3616062c0978	{"note": "Endpoint defined in Caddy", "source": "caddy"}	0.600	2026-02-27 10:08:58.343156+00	2026-03-08 12:07:09.130152+00
5e029a84-7fe6-468d-b6a4-a4c5e80f43f9	20090ea8-932a-43bf-b6c5-7af81693e4a8	EXPOSES	a4928a9d-c99a-4afd-b245-19f4cce75cff	{"source": "caddy"}	0.950	2026-02-27 10:08:58.343156+00	2026-03-08 12:07:09.130152+00
01d3a629-8535-47db-a69b-06696c9b4d77	2a368fa0-fa2b-46dc-ae36-2033ecedb925	EXPOSES	da9ab684-f8d0-4f3d-838c-a4f0b5264f43	{"source": "caddy"}	0.950	2026-02-27 10:08:58.343156+00	2026-03-08 12:07:09.130152+00
ed2a4068-c03d-4bac-8597-42e4c37d1311	4e4e0a73-4579-4dfa-ba33-a04f3a29d605	EXPOSES	7c0c933c-0165-419e-82e9-376057fd6c24	{"source": "caddy"}	0.950	2026-02-27 10:08:58.343156+00	2026-03-08 12:07:09.130152+00
765afee9-4602-488a-9a67-bad643486996	4f043947-e061-4439-9016-d6eb261d30eb	DEPENDS_ON	72f6560c-22b7-485b-8206-e36d38c73dc7	{"source": "caddy", "target": "127.0.0.1:3011"}	0.950	2026-02-27 09:50:13.244593+00	2026-03-08 12:07:09.130152+00
156a98c0-0b62-4c35-8397-7434b479dba1	55600813-5f96-4d39-94b9-b3ce8693c40a	DEPLOYED_IN	4e4e0a73-4579-4dfa-ba33-a04f3a29d605	{"source": "n8n"}	0.900	2026-02-27 09:50:13.244593+00	2026-03-08 12:07:09.130152+00
f7001a7b-3640-4801-b689-f2cd5b7a4871	596c28bf-5832-4b4d-bcf3-9c092a9b1dcc	DEPLOYED_IN	4e4e0a73-4579-4dfa-ba33-a04f3a29d605	{"source": "n8n"}	0.900	2026-02-27 09:50:13.244593+00	2026-03-08 12:07:09.130152+00
c03f87f4-a62c-407c-bd77-d6ecbf878170	65573218-10e6-4eaf-ab56-9f20a9b93a59	DEPLOYED_IN	4e4e0a73-4579-4dfa-ba33-a04f3a29d605	{"source": "n8n"}	0.900	2026-02-27 09:50:13.244593+00	2026-03-08 12:07:09.130152+00
f72649b1-c377-41cc-a191-0945b0e6a233	18ece66b-b629-4e19-bee1-bb288a29426b	DEPENDS_ON	3b59cd00-0b13-49d4-a1ca-6db0c830dd4d	{"source": "acceptance"}	0.900	2026-02-27 10:10:52.532778+00	2026-02-27 10:10:52.532778+00
9b8f6685-957a-4768-b050-6b03c6998886	72f6560c-22b7-485b-8206-e36d38c73dc7	EXPOSES	4f043947-e061-4439-9016-d6eb261d30eb	{"source": "caddy"}	0.950	2026-02-27 09:50:13.244593+00	2026-03-08 12:07:09.130152+00
48f9db9d-d885-4438-bb7c-9d204416f3f9	7c0c933c-0165-419e-82e9-376057fd6c24	DEPENDS_ON	4e4e0a73-4579-4dfa-ba33-a04f3a29d605	{"source": "caddy", "target": "127.0.0.1:5678"}	0.950	2026-02-27 10:08:58.343156+00	2026-03-08 12:07:09.130152+00
490bd3f3-11c8-4718-b413-1a5d0d7af47b	7c0c933c-0165-419e-82e9-376057fd6c24	EXPOSES	6acf1e93-bcdc-4755-9b90-3616062c0978	{"note": "Endpoint defined in Caddy", "source": "caddy"}	0.600	2026-02-27 10:08:58.343156+00	2026-03-08 12:07:09.130152+00
5b68ed2a-d12a-48d7-8716-9865026e8727	7f3c27b4-9cb3-4b4e-92c5-9d4fff013694	DEPENDS_ON	fad8cc13-ec29-4a04-9bba-c8a7b58836c2	{"source": "caddy", "target": "127.0.0.1:8091"}	0.950	2026-02-27 10:08:58.343156+00	2026-03-08 12:07:09.130152+00
d26357b9-26c6-4179-ab9a-610c40b6764a	183e8a5b-350a-4ead-b6a0-1c2c7332597f	DEPENDS_ON	2a368fa0-fa2b-46dc-ae36-2033ecedb925	{"source": "caddy", "target": "127.0.0.1:8080"}	0.950	2026-02-27 09:50:13.244593+00	2026-02-27 09:58:19.51648+00
81cca701-c942-4135-b963-a3562c283390	2a368fa0-fa2b-46dc-ae36-2033ecedb925	EXPOSES	183e8a5b-350a-4ead-b6a0-1c2c7332597f	{"source": "caddy"}	0.950	2026-02-27 09:50:13.244593+00	2026-02-27 09:58:19.51648+00
06548278-6cd6-49a2-acf0-36b6694aca30	4e4e0a73-4579-4dfa-ba33-a04f3a29d605	EXPOSES	da71652d-4e86-4105-8d50-2f8a31282d55	{"source": "caddy"}	0.950	2026-02-27 09:50:13.244593+00	2026-02-27 09:58:19.51648+00
5d5e5f34-2772-4d24-824a-287783f4a9cb	da71652d-4e86-4105-8d50-2f8a31282d55	DEPENDS_ON	4e4e0a73-4579-4dfa-ba33-a04f3a29d605	{"source": "caddy", "target": "127.0.0.1:5678"}	0.950	2026-02-27 09:50:13.244593+00	2026-02-27 09:58:19.51648+00
1af8961d-6215-4907-b0c0-37e5119c0827	00ed78c3-08f2-4de1-bb9a-945ef32a3ba3	SUPPORTED_BY	537368b2-7b4a-444b-8a9b-9e81e1f25495	{"source": "manual"}	0.950	2026-02-27 14:20:36.249851+00	2026-02-27 14:20:36.249851+00
9323eb94-feaf-4e13-8494-a9ac35663e11	d327fbcb-c734-458b-9571-da459aadc929	SUPPORTED_BY	537368b2-7b4a-444b-8a9b-9e81e1f25495	{"source": "manual"}	0.950	2026-02-27 14:20:36.249851+00	2026-02-27 14:20:36.249851+00
a2957d6d-8bd5-40e6-9424-d6f14a83bad3	a0cdc745-a35f-4442-9e60-5f015512cfdd	SUPPORTED_BY	537368b2-7b4a-444b-8a9b-9e81e1f25495	{"source": "manual"}	0.950	2026-02-27 14:20:36.249851+00	2026-02-27 14:20:36.249851+00
cc584b8c-183b-4a3d-842a-36dd1ebb81c4	20090ea8-932a-43bf-b6c5-7af81693e4a8	DEPENDS_ON	6630e557-bce2-4dd4-9635-cc7c3fb8be34	{"source": "manual", "purpose": "manifest-driven receipt backfill and accounting counter-doc fallback"}	0.940	2026-03-06 13:11:50.368568+00	2026-03-06 13:13:00.627464+00
02298254-b3fe-44e5-b5d8-ae6d8908414c	7f3c27b4-9cb3-4b4e-92c5-9d4fff013694	EXPOSES	6acf1e93-bcdc-4755-9b90-3616062c0978	{"note": "Endpoint defined in Caddy", "source": "caddy"}	0.600	2026-02-27 10:08:58.343156+00	2026-03-08 12:07:09.130152+00
afc4b8a8-7935-43ba-b192-0a55b1894c94	0ad20d93-6817-47a0-bd9b-16367f064f48	DEPLOYED_IN	4e4e0a73-4579-4dfa-ba33-a04f3a29d605	{"reason": "workflow-runtime", "source": "manual"}	0.950	2026-03-04 11:52:37.817947+00	2026-03-04 11:52:37.817947+00
1ef8d440-1e34-42d8-b2a5-0aeb56867bce	00ed78c3-08f2-4de1-bb9a-945ef32a3ba3	SUPPORTED_BY	00498146-1a29-443f-a39f-5ba19fe1e660	{"role": "compliance-base", "source": "manual"}	0.900	2026-03-04 11:52:38.387141+00	2026-03-04 11:52:38.387141+00
ba31086e-4dcb-4a8f-8c3f-a3bd881e6698	9ce7926b-9f3d-4232-b3ab-4ecedeb5616a	DEPENDS_ON	5a0a7f4b-6323-4350-a638-db9825ad76e8	{"source": "acceptance"}	0.900	2026-03-04 11:52:57.617305+00	2026-03-04 11:52:57.617305+00
9024fc77-204d-4491-b09d-f6e594dada1c	84ab4f68-3ab6-45b8-9d35-8e9987509b50	EXPOSES	6acf1e93-bcdc-4755-9b90-3616062c0978	{"note": "Endpoint defined in Caddy", "source": "caddy"}	0.600	2026-02-27 10:08:58.343156+00	2026-03-08 12:07:09.130152+00
00638203-219a-4c94-8356-1753b391a23d	85c08760-cebd-45da-8be1-78dfccfdcafd	EXPOSES	b1155788-45e5-4f93-b26b-fbddde4f4a26	{"source": "caddy"}	0.950	2026-02-27 10:08:58.343156+00	2026-03-08 12:07:09.130152+00
8b1f9482-594c-4cfd-a498-ec25560dc333	5660cf15-9db6-4dcc-ab40-ecde80312287	DEPENDS_ON	a772426e-12f1-43e1-b9e5-6239c1e04ecc	{"source": "acceptance"}	0.900	2026-03-06 14:35:07.788553+00	2026-03-06 14:35:07.788553+00
0148cc68-6e64-48fb-b9ba-81b2c07969a9	3f7ce1a8-55b1-4189-bb71-3086de431c69	DEPENDS_ON	edb363e8-7b07-4e5d-8ec6-096c60c5c5f2	{"source": "acceptance"}	0.900	2026-02-27 10:36:12.451884+00	2026-02-27 10:36:12.451884+00
d0ac8dea-e130-4213-a59d-8ef9ae18325e	0ad20d93-6817-47a0-bd9b-16367f064f48	DEPENDS_ON	20090ea8-932a-43bf-b6c5-7af81693e4a8	{"reason": "directus-api-write", "source": "manual"}	0.950	2026-03-04 11:52:38.013757+00	2026-03-04 11:52:38.013757+00
a41b571c-f43e-4bf1-905c-9b47482f5cd0	d327fbcb-c734-458b-9571-da459aadc929	SUPPORTED_BY	00498146-1a29-443f-a39f-5ba19fe1e660	{"role": "filings-base", "source": "manual"}	0.900	2026-03-04 11:52:38.576001+00	2026-03-04 11:52:38.576001+00
00237097-2b52-43ee-b0a3-9df48f781416	27d9e704-ceb3-4e67-a662-6539e9861435	DEPENDS_ON	05cd6be0-c536-4183-89ac-926aa71be1c7	{"source": "acceptance"}	0.900	2026-03-06 13:26:14.339177+00	2026-03-06 13:26:14.339177+00
fc7e1e29-b6f3-4454-ac42-ab0dc3ec8e1a	b16a051b-f18b-4a9f-aeab-c9f959e28551	DEPENDS_ON	4c6ca5cd-5634-4754-91dd-51a45ac13009	{"source": "acceptance"}	0.900	2026-03-08 11:17:09.479046+00	2026-03-08 11:17:09.479046+00
523218ee-e03b-4c4e-9b2f-d0d23e4719ac	248fce47-05f9-41e0-9bcd-2d97cc4299c4	DEPLOYED_IN	4e4e0a73-4579-4dfa-ba33-a04f3a29d605	{"source": "n8n"}	0.900	2026-02-27 09:50:13.244593+00	2026-03-08 12:07:09.130152+00
38e6a333-ddc3-441d-8e77-fb3d62d1df91	28b96265-b608-4aa5-a749-46deb8279384	DEPLOYED_IN	4e4e0a73-4579-4dfa-ba33-a04f3a29d605	{"source": "n8n"}	0.900	2026-02-27 09:50:13.244593+00	2026-03-08 12:07:09.130152+00
b68048c3-ad43-4e5c-9902-c0c5b97e8990	3feca2a7-8577-414d-a14a-9660df4d266a	DEPLOYED_IN	4e4e0a73-4579-4dfa-ba33-a04f3a29d605	{"source": "n8n"}	0.900	2026-02-27 09:50:13.244593+00	2026-03-08 12:07:09.130152+00
3faf6329-70c5-4b21-8c21-86b1a07e6660	43ab2dfd-4403-4f54-bfed-090e48de0891	DEPLOYED_IN	4e4e0a73-4579-4dfa-ba33-a04f3a29d605	{"source": "n8n"}	0.900	2026-02-27 09:50:13.244593+00	2026-03-08 12:07:09.130152+00
5eee4d94-c806-47c8-8f81-400df1adceae	6979ee89-ce73-4420-a28a-2ea66fb29840	DEPLOYED_IN	4e4e0a73-4579-4dfa-ba33-a04f3a29d605	{"source": "n8n"}	0.900	2026-02-27 09:50:13.244593+00	2026-03-08 12:07:09.130152+00
e2ccb156-1b62-4648-87b9-73a62f89a3ef	797c375d-1bc3-4e16-819b-41914b459cc2	DEPLOYED_IN	4e4e0a73-4579-4dfa-ba33-a04f3a29d605	{"source": "n8n"}	0.900	2026-02-27 09:50:13.244593+00	2026-03-08 12:07:09.130152+00
2db43645-5e16-44c6-b51a-5184abe80570	8751f8fa-5552-469a-b205-c0f01977d0ec	DEPLOYED_IN	4e4e0a73-4579-4dfa-ba33-a04f3a29d605	{"source": "n8n"}	0.900	2026-02-27 09:50:13.244593+00	2026-03-08 12:07:09.130152+00
0d6a03b8-87d7-4d22-a523-db4e70f066ae	6cee415b-9735-4557-8164-b297fed6ac1c	DEPENDS_ON	61e4b337-f7e7-419b-8631-a5a75e1fcf52	{"source": "acceptance"}	0.900	2026-02-27 10:09:56.274193+00	2026-02-27 10:09:56.274193+00
9f7cb06f-ef61-4aa4-ae26-0591f737aa6f	876ea516-a414-4da8-82ea-66e6a1faa03a	DEPLOYED_IN	4e4e0a73-4579-4dfa-ba33-a04f3a29d605	{"source": "n8n"}	0.900	2026-02-27 09:50:13.244593+00	2026-03-08 12:07:09.130152+00
b3b7b118-0557-4783-8a3a-1f6658cf6e62	a4928a9d-c99a-4afd-b245-19f4cce75cff	DEPENDS_ON	20090ea8-932a-43bf-b6c5-7af81693e4a8	{"source": "caddy", "target": "127.0.0.1:18055"}	0.950	2026-02-27 10:08:58.343156+00	2026-03-08 12:07:09.130152+00
73a52c50-e907-43b5-9301-ac79280819c5	a4928a9d-c99a-4afd-b245-19f4cce75cff	EXPOSES	6acf1e93-bcdc-4755-9b90-3616062c0978	{"note": "Endpoint defined in Caddy", "source": "caddy"}	0.600	2026-02-27 10:08:58.343156+00	2026-03-08 12:07:09.130152+00
6419bd97-7f71-46cf-ab21-f1230a56c1c7	a83fe9c0-7589-4266-a92c-b60ce4a022c7	EXPOSES	00af116e-9b4f-476c-9b8e-31c1e9ecd5d6	{"source": "caddy"}	0.950	2026-02-27 10:08:58.343156+00	2026-03-08 12:07:09.130152+00
c9c6acaa-ba5e-4fc6-b821-39cfc183729e	ac198a6a-c11a-4063-a5de-f27796ae3320	DEPLOYED_IN	4e4e0a73-4579-4dfa-ba33-a04f3a29d605	{"source": "n8n"}	0.900	2026-02-27 09:50:13.244593+00	2026-03-08 12:07:09.130152+00
231a0b84-1add-4e83-a019-bfc2811e0a55	b1155788-45e5-4f93-b26b-fbddde4f4a26	DEPENDS_ON	85c08760-cebd-45da-8be1-78dfccfdcafd	{"source": "caddy", "target": "127.0.0.1:3002"}	0.950	2026-02-27 10:08:58.343156+00	2026-03-08 12:07:09.130152+00
7192f72c-4ae1-4cda-b320-57fbb90c5f75	b1155788-45e5-4f93-b26b-fbddde4f4a26	EXPOSES	6acf1e93-bcdc-4755-9b90-3616062c0978	{"note": "Endpoint defined in Caddy", "source": "caddy"}	0.600	2026-02-27 10:08:58.343156+00	2026-03-08 12:07:09.130152+00
e55c138d-bd44-429b-afe1-c191e4c2f8a5	bfce08a7-d277-4f6d-8094-3288c14477a2	EXPOSES	f2da5d79-3d44-4a4f-a849-37a55df340c5	{"source": "caddy"}	0.950	2026-02-27 10:08:58.343156+00	2026-03-08 12:07:09.130152+00
0b45fa5b-ecda-4ac9-9428-ef9a3290a15b	c3c64d2f-2d2f-4486-b950-8921082642b2	DEPLOYED_IN	4e4e0a73-4579-4dfa-ba33-a04f3a29d605	{"source": "n8n"}	0.900	2026-02-27 09:50:13.244593+00	2026-03-08 12:07:09.130152+00
6710d3db-794e-4ee1-9253-daffd98b8fc8	1a609bee-6290-4f98-8d44-be801c4394a3	DEPENDS_ON	d27679b9-3972-45e0-b905-d98df396a5cd	{"source": "acceptance"}	0.900	2026-02-27 10:37:02.546018+00	2026-02-27 10:37:02.546018+00
8d0f5d52-6565-44b4-bf10-1374a181dc6c	5e683b4d-7868-451f-8310-1dc2d9b8a3c7	DEPENDS_ON	9b425099-1a3c-4652-8d60-80e5a485a3a9	{"source": "acceptance"}	0.900	2026-03-06 10:33:17.259297+00	2026-03-06 10:33:17.259297+00
9a54a042-83b5-4ba2-9f2d-b0bfbab624f2	c3cdbd89-8a57-4c61-b396-da236e27455b	DEPLOYED_IN	4e4e0a73-4579-4dfa-ba33-a04f3a29d605	{"source": "n8n"}	0.900	2026-02-27 09:50:13.244593+00	2026-03-08 12:07:09.130152+00
9f88d841-9983-4b13-bd84-cc184b4e95b6	ca85a51f-885a-4031-a1da-833db401a09d	EXPOSES	6acf1e93-bcdc-4755-9b90-3616062c0978	{"note": "Endpoint defined in Caddy", "source": "caddy"}	0.600	2026-02-27 10:08:58.343156+00	2026-03-08 12:07:09.130152+00
0eec10f9-7e0f-4356-83aa-170a7711ed23	da9ab684-f8d0-4f3d-838c-a4f0b5264f43	DEPENDS_ON	2a368fa0-fa2b-46dc-ae36-2033ecedb925	{"source": "caddy", "target": "127.0.0.1:8080"}	0.950	2026-02-27 10:08:58.343156+00	2026-03-08 12:07:09.130152+00
45342958-7a54-4757-9b18-3cd68c78ee4d	da9ab684-f8d0-4f3d-838c-a4f0b5264f43	EXPOSES	6acf1e93-bcdc-4755-9b90-3616062c0978	{"note": "Endpoint defined in Caddy", "source": "caddy"}	0.600	2026-02-27 10:08:58.343156+00	2026-03-08 12:07:09.130152+00
4485632c-cd75-4cfc-aa80-6b9ec53c8d11	eb2c40df-8110-4042-99c8-f7501c2ffd49	EXPOSES	6acf1e93-bcdc-4755-9b90-3616062c0978	{"note": "Endpoint defined in Caddy", "source": "caddy"}	0.600	2026-02-27 10:08:58.343156+00	2026-03-08 12:07:09.130152+00
2631b29f-820d-4bb0-bfb0-c492fa76fe9a	f2da5d79-3d44-4a4f-a849-37a55df340c5	DEPENDS_ON	bfce08a7-d277-4f6d-8094-3288c14477a2	{"source": "caddy", "target": "127.0.0.1:8090"}	0.950	2026-02-27 10:08:58.343156+00	2026-03-08 12:07:09.130152+00
1249f030-b367-41eb-a771-d63f92f2aa7f	f2da5d79-3d44-4a4f-a849-37a55df340c5	EXPOSES	6acf1e93-bcdc-4755-9b90-3616062c0978	{"note": "Endpoint defined in Caddy", "source": "caddy"}	0.600	2026-02-27 10:08:58.343156+00	2026-03-08 12:07:09.130152+00
acfa8f0a-cf14-4b2a-bbf8-a4a8741413c9	31f134a2-8aab-4d29-bc7a-dea39718f1e8	DEPLOYED_IN	4e4e0a73-4579-4dfa-ba33-a04f3a29d605	{"source": "n8n"}	0.900	2026-02-27 09:58:19.51648+00	2026-03-08 12:07:09.130152+00
fa29c7d9-bb63-432c-84e1-6b8e91954f26	183e8a5b-350a-4ead-b6a0-1c2c7332597f	EXPOSES	6acf1e93-bcdc-4755-9b90-3616062c0978	{"note": "Endpoint defined in Caddy", "source": "caddy"}	0.600	2026-02-27 09:57:56.496556+00	2026-02-27 09:58:19.51648+00
980fc208-5651-4973-9d88-dd959ec9cde3	889d70f7-6a45-45d0-befd-e0d994ff0367	DEPENDS_ON	e8dc3859-ac78-4cc0-b6e6-d7ca88917c3b	{"source": "acceptance"}	0.900	2026-02-27 10:12:45.214908+00	2026-02-27 10:12:45.214908+00
4c3ab5af-3900-4d56-9470-e33fd8524cbb	4f043947-e061-4439-9016-d6eb261d30eb	EXPOSES	6acf1e93-bcdc-4755-9b90-3616062c0978	{"note": "Endpoint defined in Caddy", "source": "caddy"}	0.600	2026-02-27 09:57:56.496556+00	2026-03-08 12:07:09.130152+00
a885d81d-e5a6-489f-8dc0-541b4a8dd5ab	da71652d-4e86-4105-8d50-2f8a31282d55	EXPOSES	6acf1e93-bcdc-4755-9b90-3616062c0978	{"note": "Endpoint defined in Caddy", "source": "caddy"}	0.600	2026-02-27 09:57:56.496556+00	2026-02-27 09:58:19.51648+00
0280551b-6fef-4e0e-aa76-060c24abb372	53d6b1f5-79d5-45c5-8f85-495d1b44cbc7	DEPLOYED_IN	4e4e0a73-4579-4dfa-ba33-a04f3a29d605	{"source": "n8n"}	0.900	2026-02-27 09:50:13.244593+00	2026-03-08 12:07:09.130152+00
7f6858a1-7d84-4342-a264-e5cca75d6adb	55f3a078-cbc9-46ee-a1e4-fee8857fcd12	DEPLOYED_IN	4e4e0a73-4579-4dfa-ba33-a04f3a29d605	{"source": "n8n"}	0.900	2026-02-27 09:50:13.244593+00	2026-03-08 12:07:09.130152+00
8ba50183-4d34-4d8a-8660-394fff1b4e9b	5f6468e8-e2bf-41e4-80c9-e9676f54e644	DEPLOYED_IN	4e4e0a73-4579-4dfa-ba33-a04f3a29d605	{"source": "n8n"}	0.900	2026-02-27 09:50:13.244593+00	2026-03-08 12:07:09.130152+00
64121f23-8f73-4794-ae8e-45cf874cae4d	609f14f6-1cd4-486e-b91c-26138e107cde	DEPLOYED_IN	4e4e0a73-4579-4dfa-ba33-a04f3a29d605	{"source": "n8n"}	0.900	2026-02-27 09:50:13.244593+00	2026-03-08 12:07:09.130152+00
7d29f5d9-5f53-4e60-a300-cdb90b80ba98	65ffab58-5018-4600-866e-2b1f1fdbfb9e	DEPLOYED_IN	4e4e0a73-4579-4dfa-ba33-a04f3a29d605	{"source": "n8n"}	0.900	2026-02-27 09:50:13.244593+00	2026-03-08 12:07:09.130152+00
96f976c4-5cd7-462d-a492-20ae9305f64d	6a157917-6a0e-4edb-97a8-6cbfdb85aa6b	DEPLOYED_IN	4e4e0a73-4579-4dfa-ba33-a04f3a29d605	{"source": "n8n"}	0.900	2026-02-27 09:58:19.51648+00	2026-03-08 12:07:09.130152+00
f3ca94df-595c-4a0d-b185-eae5f9f7231b	879099d6-0f1e-4487-857a-644445b72f52	DEPLOYED_IN	4e4e0a73-4579-4dfa-ba33-a04f3a29d605	{"source": "n8n"}	0.900	2026-02-27 09:50:13.244593+00	2026-03-08 12:07:09.130152+00
d56053d3-e9f3-41f8-aef7-0f2620f218e7	87cd24cb-626f-494d-8b66-08a02d9c3912	DEPLOYED_IN	4e4e0a73-4579-4dfa-ba33-a04f3a29d605	{"source": "n8n"}	0.900	2026-02-27 09:50:13.244593+00	2026-03-08 12:07:09.130152+00
3b954712-bb91-4ef4-99dc-e23e2a68c767	89f50d5b-54fc-4b3b-ac7e-a3fb534d349f	DEPLOYED_IN	4e4e0a73-4579-4dfa-ba33-a04f3a29d605	{"source": "n8n"}	0.900	2026-02-27 09:50:13.244593+00	2026-03-08 12:07:09.130152+00
dee67fd0-c62f-4b55-ac3c-05e86335e331	b4db7973-bf9a-4854-9cb1-ce4ebc789048	DEPLOYED_IN	4e4e0a73-4579-4dfa-ba33-a04f3a29d605	{"source": "n8n"}	0.900	2026-02-27 09:50:13.244593+00	2026-03-08 12:07:09.130152+00
f2f36ec5-d589-4c4b-a021-7c3a83f96bba	b50d4508-f886-4593-9238-01576496e26e	DEPLOYED_IN	4e4e0a73-4579-4dfa-ba33-a04f3a29d605	{"source": "n8n"}	0.900	2026-02-27 09:50:13.244593+00	2026-03-08 12:07:09.130152+00
3be53a85-696e-4e80-a7e8-13d2df05ec57	b5d15e53-c13d-49e5-9832-2f8974545ac3	DEPLOYED_IN	4e4e0a73-4579-4dfa-ba33-a04f3a29d605	{"source": "n8n"}	0.900	2026-02-27 09:50:13.244593+00	2026-03-08 12:07:09.130152+00
1dfe5b9b-79d5-4941-a5dd-897045a5e790	b61c3220-1369-445e-af16-5fef54d8865e	DEPLOYED_IN	4e4e0a73-4579-4dfa-ba33-a04f3a29d605	{"source": "n8n"}	0.900	2026-02-27 09:58:19.51648+00	2026-03-08 12:07:09.130152+00
e90434e5-b0c3-476e-9878-b9210b970fc2	233ebbd8-b614-4823-a5c7-11962aec7401	DEPENDS_ON	8254b08a-7eb2-4b3b-ad57-c9c79073e091	{"source": "acceptance"}	0.900	2026-02-27 10:38:27.815327+00	2026-02-27 10:38:27.815327+00
daef41fb-6f27-4b59-bcec-f45438a47f5f	bb09f462-1a80-4566-a13f-8c2cf9942b94	DEPLOYED_IN	4e4e0a73-4579-4dfa-ba33-a04f3a29d605	{"source": "n8n"}	0.900	2026-02-27 09:58:19.51648+00	2026-03-08 12:07:09.130152+00
b13e3687-8470-4193-a19a-8888e3379aba	c3ee7528-e45e-4b5a-b772-ac344381b21f	DEPLOYED_IN	4e4e0a73-4579-4dfa-ba33-a04f3a29d605	{"source": "n8n"}	0.900	2026-02-27 09:50:13.244593+00	2026-03-08 12:07:09.130152+00
ca5793c4-9565-420d-947d-ae5c8caf003f	924fffa6-2622-4755-9b9a-b21af66232b4	DEPENDS_ON	d093f997-c2b8-4ad3-96b8-44361e359b73	{"source": "acceptance"}	0.900	2026-02-27 10:10:47.249697+00	2026-02-27 10:10:47.249697+00
98922707-7380-4435-9b9f-68fedf64be3d	9c5f4644-a1f3-4903-bc6a-35de34051b1d	SUPPORTED_BY	00498146-1a29-443f-a39f-5ba19fe1e660	{"source": "manual"}	0.950	2026-03-04 11:52:38.205613+00	2026-03-04 11:52:38.205613+00
4c52498c-57c8-4613-8da0-3416145e75a1	a0cdc745-a35f-4442-9e60-5f015512cfdd	SUPPORTED_BY	00498146-1a29-443f-a39f-5ba19fe1e660	{"role": "governance-base", "source": "manual"}	0.900	2026-03-04 11:52:38.771077+00	2026-03-04 11:52:38.771077+00
9678bea2-ddd6-4590-96ea-4a847cb8e8f2	e6135613-3794-4b57-92eb-a03037e5cc2c	DEPLOYED_IN	4e4e0a73-4579-4dfa-ba33-a04f3a29d605	{"source": "n8n"}	0.900	2026-02-27 09:50:13.244593+00	2026-03-08 12:07:09.130152+00
1bb75cb5-91fe-499c-9916-811521c9885f	f3291c77-6d32-4eba-a896-4ad2fa2cd7be	DEPLOYED_IN	4e4e0a73-4579-4dfa-ba33-a04f3a29d605	{"source": "n8n"}	0.900	2026-02-27 09:50:13.244593+00	2026-03-08 12:07:09.130152+00
c558bbd7-d0cc-4067-8bdf-2922ef88be7f	7ca12bb6-dde8-4ac4-8c12-64927eda3f99	DEPENDS_ON	e1e2f779-cc22-42c3-9d6c-d23152caab7e	{"source": "acceptance"}	0.900	2026-03-06 14:30:16.414579+00	2026-03-06 14:30:16.414579+00
e371e34d-1936-4e1e-ab9b-131c0053f3df	fad8cc13-ec29-4a04-9bba-c8a7b58836c2	EXPOSES	7f3c27b4-9cb3-4b4e-92c5-9d4fff013694	{"source": "caddy"}	0.950	2026-02-27 10:08:58.343156+00	2026-03-08 12:07:09.130152+00
37148e36-4695-403c-b395-36b017dc5cb4	1d62fd9d-d433-412b-aa89-035b319ac4c4	DEPLOYED_IN	4e4e0a73-4579-4dfa-ba33-a04f3a29d605	{"source": "n8n"}	0.900	2026-02-27 09:58:19.51648+00	2026-03-08 12:07:09.130152+00
fc6537ab-41a0-4ee4-b7e9-7147aa4ef72b	fcb7af9a-a299-4390-a953-91040d4aaac9	DEPLOYED_IN	4e4e0a73-4579-4dfa-ba33-a04f3a29d605	{"source": "n8n"}	0.900	2026-02-27 09:50:13.244593+00	2026-03-08 12:07:09.130152+00
0eca9212-39cc-499b-b4b6-9debfa7f4149	27e656a3-d2ce-4239-9d23-171a70a375c2	DEPLOYED_IN	4e4e0a73-4579-4dfa-ba33-a04f3a29d605	{"source": "n8n"}	0.900	2026-02-27 09:50:13.244593+00	2026-03-08 12:07:09.130152+00
\.


--
-- Data for Name: source_registry; Type: TABLE DATA; Schema: second_brain; Owner: postgres
--

COPY second_brain.source_registry (source_id, source_type, owner, scan_frequency, health_state, schema_version, last_scan_at, last_success_at, last_error, metadata, created_at, updated_at) FROM stdin;
docker_runtime	docker	platform	00:10:00	healthy	v1	2026-02-27 09:51:35.52232+00	2026-02-27 09:51:35.52232+00	\N	{"description": "Container and runtime inventory from docker ps"}	2026-02-27 09:49:31.769234+00	2026-02-27 09:51:35.52232+00
caddy_routes	caddy	platform	00:30:00	healthy	v1	2026-02-27 09:51:35.52232+00	2026-02-27 09:51:35.52232+00	\N	{"description": "Domain and reverse_proxy mappings from Caddyfile"}	2026-02-27 09:49:31.769234+00	2026-02-27 09:51:35.52232+00
n8n_workflows	n8n	automation	00:30:00	healthy	v1	2026-02-27 09:51:35.52232+00	2026-02-27 09:51:35.52232+00	\N	{"description": "Workflow metadata from /home/elron/services/n8n/workflows"}	2026-02-27 09:49:31.769234+00	2026-02-27 09:51:35.52232+00
shared_context_docs	shared_context	platform	01:00:00	healthy	v1	2026-02-27 09:51:35.52232+00	2026-02-27 09:51:35.52232+00	\N	{"description": "Shared agent context docs"}	2026-02-27 09:49:31.769234+00	2026-02-27 09:51:35.52232+00
ai_jobs_tracker	ai_jobs	platform	01:00:00	healthy	v1	2026-02-27 09:51:35.52232+00	2026-02-27 09:51:35.52232+00	\N	{"description": "/root/AI_JOBS.md operational memory"}	2026-02-27 09:49:31.769234+00	2026-02-27 09:51:35.52232+00
gcloud_inventory	gcloud	platform	06:00:00	healthy	v1	2026-02-27 09:51:35.52232+00	2026-02-27 09:51:35.52232+00	\N	{"description": "GCP metadata inventory without secrets"}	2026-02-27 09:49:31.769234+00	2026-02-27 09:51:35.52232+00
manual	manual	platform	1 day	healthy	v1	2026-02-27 09:51:41.001323+00	2026-02-27 09:51:41.001323+00	\N	{"auto_registered": true}	2026-02-27 09:51:41.001323+00	2026-02-27 09:51:41.001323+00
snapshot_ingest	manual	platform	00:10:00	healthy	v1	2026-03-08 12:07:09.437053+00	2026-03-08 12:07:09.437053+00	\N	{"note": "snapshot loader"}	2026-02-27 09:49:53.1239+00	2026-03-08 12:07:09.437053+00
\.


--
-- Data for Name: update_journal; Type: TABLE DATA; Schema: second_brain; Owner: postgres
--

COPY second_brain.update_journal (event_id, journal_offset, idempotency_key, trace_id, intent, request, source_id, created_by, risk_level, dry_run, state, state_reason, replayable, received_at, applied_at, updated_at) FROM stdin;
d34a0fd4-0d4d-42e6-9838-f69a303dc7ee	8	c74f107495848e7a4c3006e1c84cb45097f0419aa797711b550ad231e13c2924	deprecate-20260227T100859Z-3236	deprecate	{"intent": "deprecate", "dry_run": false, "payload": {"entity_natural_key": "endpoint:route"}, "trace_id": "deprecate-20260227T100859Z-3236", "source_id": "manual", "created_by": "deprecate_invalid_endpoints", "risk_level": "low", "idempotency_key": "c74f107495848e7a4c3006e1c84cb45097f0419aa797711b550ad231e13c2924"}	manual	deprecate_invalid_endpoints	low	f	applied	APPLIED	f	2026-02-27 10:08:59.235708+00	2026-02-27 10:08:59.235708+00	2026-02-27 10:08:59.235708+00
e44b4929-1b52-4c4e-947c-c54a56888b1f	6	example-add-memory-001	example-trace-003	add_memory	{"intent": "add_memory", "dry_run": false, "payload": {"tags": ["memory:second-brain", "source:manual", "contract:v1"], "title": "Example runbook note", "content": "This memory is intentionally medium risk so it lands in proposed state.", "ttl_policy": "review_30d", "change_origin": "human", "confidence_score": 0.8, "source_path_or_url": "/root/second-brain/docs/examples", "entity_natural_keys": ["service:example-api"]}, "trace_id": "example-trace-003", "source_id": "manual", "created_by": "operator", "risk_level": "medium", "idempotency_key": "example-add-memory-001"}	manual	operator	low	f	applied	APPLIED	f	2026-02-27 09:51:55.648713+00	2026-02-27 09:51:59.271758+00	2026-02-27 09:51:59.271758+00
9f76abdc-2ffb-47ab-8756-3a29d8facac3	9	gate-low-add-entity-sb-accept-low-20260227100927	gate-20260227T100927Z-22151	add_entity	{"intent": "add_entity", "dry_run": false, "payload": {"name": "sb-accept-low-20260227100927", "properties": {"env": "staging", "gate": "acceptance", "owner": "platform"}, "entity_type": "service", "external_ref": "manual:sb-accept-low-20260227100927"}, "trace_id": "gate-20260227T100927Z-22151", "source_id": "manual", "created_by": "staging_acceptance_gate", "risk_level": "low", "idempotency_key": "gate-low-add-entity-sb-accept-low-20260227100927"}	manual	staging_acceptance_gate	low	f	applied	APPLIED	f	2026-02-27 10:09:27.190126+00	2026-02-27 10:09:27.290609+00	2026-02-27 10:09:27.290609+00
1fea411c-454d-4fea-bc95-89e20bb75c8b	5	example-add-entity-001	example-trace-001	add_entity	{"intent": "add_entity", "dry_run": false, "payload": {"name": "example-api", "properties": {"env": "staging", "owner": "platform"}, "entity_type": "service", "external_ref": "manual:example-api"}, "trace_id": "example-trace-001", "source_id": "manual", "created_by": "operator", "risk_level": "low", "idempotency_key": "example-add-entity-001"}	manual	operator	low	f	applied	APPLIED	f	2026-02-27 09:51:41.001323+00	2026-02-27 09:51:46.365753+00	2026-02-27 09:51:46.365753+00
39b7bb85-543d-4a28-bdde-ced5e2edf656	3	c11cba8c415dae4ce68bc03f45dd9b3a7311027c86e75cda673ba0e14ca87f57	7b098204-6e26-4a4a-b182-08d125a1e7a9	link_entities	{"intent": "link_entities", "dry_run": false, "payload": {"properties": {"note": "Endpoint defined in Caddy", "source": "caddy"}, "relation_type": "EXPOSES", "to_natural_key": "service:caddy", "confidence_score": 0.60, "from_natural_key": "endpoint:expiryalert.coriathost.cloud"}, "trace_id": "7b098204-6e26-4a4a-b182-08d125a1e7a9", "source_id": "snapshot_ingest", "created_by": "ingest_snapshot", "risk_level": "low", "idempotency_key": "c11cba8c415dae4ce68bc03f45dd9b3a7311027c86e75cda673ba0e14ca87f57"}	snapshot_ingest	ingest_snapshot	low	f	applied	APPLIED	f	2026-02-27 09:50:13.341578+00	2026-02-27 09:57:56.496556+00	2026-02-27 09:57:56.496556+00
9fa3226e-9fec-4325-ae34-ca82bbeaf455	1	262e559052fcb83ad8dcc83c11e00d49e278fe07f396b7a1a30448f9a8557745	6c0d1e43-3a4b-403c-a1bd-e414925e3b5e	link_entities	{"intent": "link_entities", "dry_run": false, "payload": {"properties": {"note": "Endpoint defined in Caddy", "source": "caddy"}, "relation_type": "EXPOSES", "to_natural_key": "service:caddy", "confidence_score": 0.60, "from_natural_key": "endpoint:handle"}, "trace_id": "6c0d1e43-3a4b-403c-a1bd-e414925e3b5e", "source_id": "snapshot_ingest", "created_by": "ingest_snapshot", "risk_level": "low", "idempotency_key": "262e559052fcb83ad8dcc83c11e00d49e278fe07f396b7a1a30448f9a8557745"}	snapshot_ingest	ingest_snapshot	low	f	applied	APPLIED	f	2026-02-27 09:50:13.341578+00	2026-02-27 09:57:56.496556+00	2026-02-27 09:57:56.496556+00
79b613cb-51d0-499b-8075-9d51fad94e9d	2	ca3fc78b31b0c23a6cdd61d6f407432e8aedd10eeaae5ca747b8eaadcdcf2493	f8dbc493-3b29-448b-b6a7-4d8aa3119708	link_entities	{"intent": "link_entities", "dry_run": false, "payload": {"properties": {"note": "Endpoint defined in Caddy", "source": "caddy"}, "relation_type": "EXPOSES", "to_natural_key": "service:caddy", "confidence_score": 0.60, "from_natural_key": "endpoint:route"}, "trace_id": "f8dbc493-3b29-448b-b6a7-4d8aa3119708", "source_id": "snapshot_ingest", "created_by": "ingest_snapshot", "risk_level": "low", "idempotency_key": "ca3fc78b31b0c23a6cdd61d6f407432e8aedd10eeaae5ca747b8eaadcdcf2493"}	snapshot_ingest	ingest_snapshot	low	f	applied	APPLIED	f	2026-02-27 09:50:13.341578+00	2026-02-27 09:57:56.496556+00	2026-02-27 09:57:56.496556+00
77723cfe-9c54-4f09-9dcb-92c3c1d3def0	7	cf5b37022b87e25e16627503d24a6d3d5f8ea7fec6dbc1e1a786a9c9eaa27401	deprecate-20260227T100859Z-29060	deprecate	{"intent": "deprecate", "dry_run": false, "payload": {"entity_natural_key": "endpoint:handle"}, "trace_id": "deprecate-20260227T100859Z-29060", "source_id": "manual", "created_by": "deprecate_invalid_endpoints", "risk_level": "low", "idempotency_key": "cf5b37022b87e25e16627503d24a6d3d5f8ea7fec6dbc1e1a786a9c9eaa27401"}	manual	deprecate_invalid_endpoints	low	f	applied	APPLIED	f	2026-02-27 10:08:59.104347+00	2026-02-27 10:08:59.104347+00	2026-02-27 10:08:59.104347+00
cd09a9b6-6179-4f3f-955e-04ec0dd558a6	29	f366eb136422386add0fa07f7b6eee309a22e3cb561b831b1443d0f6e248245d	cleanup-20260227T101225Z-30533	deprecate	{"intent": "deprecate", "dry_run": false, "payload": {"entity_natural_key": "endpoint:sb-missing-from-sb-accept-low-20260227101026.internal"}, "trace_id": "cleanup-20260227T101225Z-30533", "source_id": "manual", "created_by": "cleanup_acceptance_artifacts", "risk_level": "low", "idempotency_key": "f366eb136422386add0fa07f7b6eee309a22e3cb561b831b1443d0f6e248245d"}	manual	cleanup_acceptance_artifacts	low	f	applied	APPLIED	f	2026-02-27 10:12:25.407337+00	2026-02-27 10:12:25.407337+00	2026-02-27 10:12:25.407337+00
3bf3e7ff-09fe-494d-85d2-ce578ff5e1ed	30	3d34cec769903380e81af2ce72e2b8c03ad5257840428f2564bbdd4e4a161e05	cleanup-20260227T101225Z-20061	deprecate	{"intent": "deprecate", "dry_run": false, "payload": {"entity_natural_key": "endpoint:sb-missing-from-sb-accept-low-20260227101050.internal"}, "trace_id": "cleanup-20260227T101225Z-20061", "source_id": "manual", "created_by": "cleanup_acceptance_artifacts", "risk_level": "low", "idempotency_key": "3d34cec769903380e81af2ce72e2b8c03ad5257840428f2564bbdd4e4a161e05"}	manual	cleanup_acceptance_artifacts	low	f	applied	APPLIED	f	2026-02-27 10:12:25.52971+00	2026-02-27 10:12:25.52971+00	2026-02-27 10:12:25.52971+00
8618ac0b-39e1-4628-a196-b3824259a521	31	d057b7e88fc39035622c62d1adc6b53e27fd27f3dbe10c18b8e349272084bfec	cleanup-20260227T101225Z-4165	deprecate	{"intent": "deprecate", "dry_run": false, "payload": {"entity_natural_key": "endpoint:sb-missing-to-sb-accept-low-20260227101026-internal"}, "trace_id": "cleanup-20260227T101225Z-4165", "source_id": "manual", "created_by": "cleanup_acceptance_artifacts", "risk_level": "low", "idempotency_key": "d057b7e88fc39035622c62d1adc6b53e27fd27f3dbe10c18b8e349272084bfec"}	manual	cleanup_acceptance_artifacts	low	f	applied	APPLIED	f	2026-02-27 10:12:25.645332+00	2026-02-27 10:12:25.645332+00	2026-02-27 10:12:25.645332+00
faa0e354-6343-4b10-8d91-b915a9eb9066	32	d1c65b69cefe5c12d25917d0c11d88b85e155256815a772c9b03fa8eb2d3d5fb	cleanup-20260227T101225Z-15290	deprecate	{"intent": "deprecate", "dry_run": false, "payload": {"entity_natural_key": "endpoint:sb-missing-to-sb-accept-low-20260227101026.internal"}, "trace_id": "cleanup-20260227T101225Z-15290", "source_id": "manual", "created_by": "cleanup_acceptance_artifacts", "risk_level": "low", "idempotency_key": "d1c65b69cefe5c12d25917d0c11d88b85e155256815a772c9b03fa8eb2d3d5fb"}	manual	cleanup_acceptance_artifacts	low	f	applied	APPLIED	f	2026-02-27 10:12:25.74978+00	2026-02-27 10:12:25.74978+00	2026-02-27 10:12:25.74978+00
7672f6f5-922d-42bb-bdc9-84cd9299d9a5	10	gate-medium-memory-sb-accept-low-20260227100927	gate-20260227T100927Z-31159	add_memory	{"intent": "add_memory", "dry_run": false, "payload": {"tags": ["memory:second-brain", "source:acceptance", "contract:v1"], "title": "Staging acceptance memory", "content": "Medium-risk memory proposal for acceptance gate.", "ttl_policy": "review_30d", "change_origin": "agent", "confidence_score": 0.8, "source_path_or_url": "/root/second-brain/scripts/run_staging_acceptance_gate.sh", "entity_natural_keys": ["service:sb-accept-low-20260227100927"]}, "trace_id": "gate-20260227T100927Z-31159", "source_id": "manual", "created_by": "staging_acceptance_gate", "risk_level": "medium", "idempotency_key": "gate-medium-memory-sb-accept-low-20260227100927"}	manual	staging_acceptance_gate	low	f	applied	APPLIED	f	2026-02-27 10:09:27.583588+00	2026-02-27 10:09:27.764029+00	2026-02-27 10:09:27.764029+00
ea65d5af-b130-43c1-a3ac-2b2ed69e6bbd	46	gate-low-add-entity-sb-accept-low-20260227103610	gate-20260227T103610Z-12671	add_entity	{"intent": "add_entity", "dry_run": false, "payload": {"name": "sb-accept-low-20260227103610", "properties": {"env": "staging", "gate": "acceptance", "owner": "platform"}, "entity_type": "service"}, "trace_id": "gate-20260227T103610Z-12671", "source_id": "manual", "created_by": "staging_acceptance_gate", "risk_level": "low", "idempotency_key": "gate-low-add-entity-sb-accept-low-20260227103610"}	manual	staging_acceptance_gate	low	f	applied	APPLIED	f	2026-02-27 10:36:10.612936+00	2026-02-27 10:36:10.702712+00	2026-02-27 10:36:10.702712+00
18035e6d-0bb5-4581-9984-297057efbc83	12	gate-create-from-sb-accept-low-20260227100927	gate-20260227T100928Z-16123	add_entity	{"intent": "add_entity", "dry_run": false, "payload": {"name": "sb-missing-from-sb-accept-low-20260227100927", "properties": {"source": "acceptance"}, "entity_type": "endpoint", "external_ref": "manual:sb-missing-from-sb-accept-low-20260227100927"}, "trace_id": "gate-20260227T100928Z-16123", "source_id": "manual", "created_by": "staging_acceptance_gate", "risk_level": "low", "idempotency_key": "gate-create-from-sb-accept-low-20260227100927"}	manual	staging_acceptance_gate	low	f	applied	APPLIED	f	2026-02-27 10:09:28.195109+00	2026-02-27 10:09:28.377833+00	2026-02-27 10:09:28.377833+00
f3b813d6-20a4-41de-be95-208ec213d683	13	gate-create-to-sb-accept-low-20260227100927	gate-20260227T100928Z-11581	add_entity	{"intent": "add_entity", "dry_run": false, "payload": {"name": "sb-missing-to-sb-accept-low-20260227100927", "properties": {"source": "acceptance"}, "entity_type": "endpoint", "external_ref": "manual:sb-missing-to-sb-accept-low-20260227100927"}, "trace_id": "gate-20260227T100928Z-11581", "source_id": "manual", "created_by": "staging_acceptance_gate", "risk_level": "low", "idempotency_key": "gate-create-to-sb-accept-low-20260227100927"}	manual	staging_acceptance_gate	low	f	applied	APPLIED	f	2026-02-27 10:09:28.286848+00	2026-02-27 10:09:28.473424+00	2026-02-27 10:09:28.473424+00
0fddde90-87da-4144-9687-751d75b0d301	14	871c7b3815cc4354b70a214d49af02521d47c3fcaad209d27cfd12e869532123	deprecate-20260227T101014Z-3417	deprecate	{"intent": "deprecate", "dry_run": false, "payload": {"entity_natural_key": "endpoint:manual:sb-missing-from-sb-accept-low-20260227100927"}, "trace_id": "deprecate-20260227T101014Z-3417", "source_id": "manual", "created_by": "deprecate_invalid_endpoints", "risk_level": "low", "idempotency_key": "871c7b3815cc4354b70a214d49af02521d47c3fcaad209d27cfd12e869532123"}	manual	deprecate_invalid_endpoints	low	f	applied	APPLIED	f	2026-02-27 10:10:14.235239+00	2026-02-27 10:10:14.235239+00	2026-02-27 10:10:14.235239+00
5967f053-8908-4fa8-a94a-7e0d20fdee3c	11	gate-link-missing-sb-accept-low-20260227100927	gate-20260227T100927Z-28432	link_entities	{"intent": "link_entities", "dry_run": false, "payload": {"properties": {"source": "acceptance"}, "relation_type": "DEPENDS_ON", "to_natural_key": "endpoint:sb-missing-to-sb-accept-low-20260227100927", "confidence_score": 0.9, "from_natural_key": "endpoint:sb-missing-from-sb-accept-low-20260227100927"}, "trace_id": "gate-20260227T100927Z-28432", "source_id": "manual", "created_by": "staging_acceptance_gate", "risk_level": "low", "idempotency_key": "gate-link-missing-sb-accept-low-20260227100927"}	manual	staging_acceptance_gate	low	f	applied	APPLIED	f	2026-02-27 10:09:27.973796+00	2026-02-27 10:09:56.274193+00	2026-02-27 10:09:56.274193+00
2809a669-ed50-4f14-8ef5-3066ceebb665	51	gate-deprecate-service:sb-accept-low-20260227103610	gate-cleanup-20260227T103616Z-9477	deprecate	{"intent": "deprecate", "dry_run": false, "payload": {"entity_natural_key": "service:sb-accept-low-20260227103610"}, "trace_id": "gate-cleanup-20260227T103616Z-9477", "source_id": "manual", "created_by": "staging_acceptance_gate", "risk_level": "low", "idempotency_key": "gate-deprecate-service:sb-accept-low-20260227103610"}	manual	staging_acceptance_gate	low	f	applied	APPLIED	f	2026-02-27 10:36:16.55641+00	2026-02-27 10:36:16.644041+00	2026-02-27 10:36:16.644041+00
86e01cff-8cef-4c5e-8751-091811462c08	15	d1c3617b916262f3f511675cebb782f06586bdc8243221342c6a6c5449e682a6	deprecate-20260227T101014Z-29017	deprecate	{"intent": "deprecate", "dry_run": false, "payload": {"entity_natural_key": "endpoint:manual:sb-missing-to-sb-accept-low-20260227100927"}, "trace_id": "deprecate-20260227T101014Z-29017", "source_id": "manual", "created_by": "deprecate_invalid_endpoints", "risk_level": "low", "idempotency_key": "d1c3617b916262f3f511675cebb782f06586bdc8243221342c6a6c5449e682a6"}	manual	deprecate_invalid_endpoints	low	f	applied	APPLIED	f	2026-02-27 10:10:14.350847+00	2026-02-27 10:10:14.350847+00	2026-02-27 10:10:14.350847+00
3b231460-8c26-44f1-bbad-e58a54ea2f25	16	2649f8cd05240f3f97e08c908cac94f5509ad740e3fbc88efe3fe5c589ca82bf	deprecate-20260227T101014Z-29603	deprecate	{"intent": "deprecate", "dry_run": false, "payload": {"entity_natural_key": "endpoint:sb-missing-from-sb-accept-low-20260227100927"}, "trace_id": "deprecate-20260227T101014Z-29603", "source_id": "manual", "created_by": "deprecate_invalid_endpoints", "risk_level": "low", "idempotency_key": "2649f8cd05240f3f97e08c908cac94f5509ad740e3fbc88efe3fe5c589ca82bf"}	manual	deprecate_invalid_endpoints	low	f	applied	APPLIED	f	2026-02-27 10:10:14.452706+00	2026-02-27 10:10:14.452706+00	2026-02-27 10:10:14.452706+00
86272d05-b0d7-402c-9396-20596185d1a8	17	d82000fadf4b78da50b3a8501459fc49b623492cedc2dde632614f53077e225f	deprecate-20260227T101014Z-17476	deprecate	{"intent": "deprecate", "dry_run": false, "payload": {"entity_natural_key": "endpoint:sb-missing-to-sb-accept-low-20260227100927"}, "trace_id": "deprecate-20260227T101014Z-17476", "source_id": "manual", "created_by": "deprecate_invalid_endpoints", "risk_level": "low", "idempotency_key": "d82000fadf4b78da50b3a8501459fc49b623492cedc2dde632614f53077e225f"}	manual	deprecate_invalid_endpoints	low	f	applied	APPLIED	f	2026-02-27 10:10:14.570174+00	2026-02-27 10:10:14.570174+00	2026-02-27 10:10:14.570174+00
ed9990d9-045f-4750-b4e2-9fa3c1e205b0	18	gate-low-add-entity-sb-accept-low-20260227101026	gate-20260227T101026Z-13559	add_entity	{"intent": "add_entity", "dry_run": false, "payload": {"name": "sb-accept-low-20260227101026", "properties": {"env": "staging", "gate": "acceptance", "owner": "platform"}, "entity_type": "service", "external_ref": "manual:sb-accept-low-20260227101026"}, "trace_id": "gate-20260227T101026Z-13559", "source_id": "manual", "created_by": "staging_acceptance_gate", "risk_level": "low", "idempotency_key": "gate-low-add-entity-sb-accept-low-20260227101026"}	manual	staging_acceptance_gate	low	f	applied	APPLIED	f	2026-02-27 10:10:26.130729+00	2026-02-27 10:10:26.220642+00	2026-02-27 10:10:26.220642+00
73f58754-5457-4c1f-9325-2dd5eee68ca4	19	gate-medium-memory-sb-accept-low-20260227101026	gate-20260227T101026Z-30983	add_memory	{"intent": "add_memory", "dry_run": false, "payload": {"tags": ["memory:second-brain", "source:acceptance", "contract:v1"], "title": "Staging acceptance memory", "content": "Medium-risk memory proposal for acceptance gate.", "ttl_policy": "review_30d", "change_origin": "agent", "confidence_score": 0.8, "source_path_or_url": "/root/second-brain/scripts/run_staging_acceptance_gate.sh", "entity_natural_keys": ["service:sb-accept-low-20260227101026"]}, "trace_id": "gate-20260227T101026Z-30983", "source_id": "manual", "created_by": "staging_acceptance_gate", "risk_level": "medium", "idempotency_key": "gate-medium-memory-sb-accept-low-20260227101026"}	manual	staging_acceptance_gate	low	f	applied	APPLIED	f	2026-02-27 10:10:26.511146+00	2026-02-27 10:10:26.691578+00	2026-02-27 10:10:26.691578+00
1122b48a-31a8-495e-8a2f-c2dfd3e18e4b	53	gate-deprecate-endpoint:sb-missing-to-sb-accept-low-20260227103610.internal	gate-cleanup-20260227T103616Z-26504	deprecate	{"intent": "deprecate", "dry_run": false, "payload": {"entity_natural_key": "endpoint:sb-missing-to-sb-accept-low-20260227103610.internal"}, "trace_id": "gate-cleanup-20260227T103616Z-26504", "source_id": "manual", "created_by": "staging_acceptance_gate", "risk_level": "low", "idempotency_key": "gate-deprecate-endpoint:sb-missing-to-sb-accept-low-20260227103610.internal"}	manual	staging_acceptance_gate	low	f	applied	APPLIED	f	2026-02-27 10:36:17.182753+00	2026-02-27 10:36:17.293709+00	2026-02-27 10:36:17.293709+00
29e4022c-88a8-456c-8177-59bd28d5a8e2	21	gate-create-from-sb-accept-low-20260227101026	gate-20260227T101027Z-19184	add_entity	{"intent": "add_entity", "dry_run": false, "payload": {"name": "sb-missing-from-sb-accept-low-20260227101026.internal", "properties": {"source": "acceptance"}, "entity_type": "endpoint"}, "trace_id": "gate-20260227T101027Z-19184", "source_id": "manual", "created_by": "staging_acceptance_gate", "risk_level": "low", "idempotency_key": "gate-create-from-sb-accept-low-20260227101026"}	manual	staging_acceptance_gate	low	f	applied	APPLIED	f	2026-02-27 10:10:27.08767+00	2026-02-27 10:10:27.275235+00	2026-02-27 10:10:27.275235+00
8794209a-1954-4a7f-847d-60da24c85b6c	22	gate-create-to-sb-accept-low-20260227101026	gate-20260227T101027Z-9558	add_entity	{"intent": "add_entity", "dry_run": false, "payload": {"name": "sb-missing-to-sb-accept-low-20260227101026.internal", "properties": {"source": "acceptance"}, "entity_type": "endpoint"}, "trace_id": "gate-20260227T101027Z-9558", "source_id": "manual", "created_by": "staging_acceptance_gate", "risk_level": "low", "idempotency_key": "gate-create-to-sb-accept-low-20260227101026"}	manual	staging_acceptance_gate	low	f	applied	APPLIED	f	2026-02-27 10:10:27.179062+00	2026-02-27 10:10:27.361014+00	2026-02-27 10:10:27.361014+00
e5fc3157-2eac-4404-b35e-88644a28df67	20	gate-link-missing-sb-accept-low-20260227101026	gate-20260227T101026Z-12742	link_entities	{"intent": "link_entities", "dry_run": false, "payload": {"properties": {"source": "acceptance"}, "relation_type": "DEPENDS_ON", "to_natural_key": "endpoint:sb-missing-to-sb-accept-low-20260227101026.internal", "confidence_score": 0.9, "from_natural_key": "endpoint:sb-missing-from-sb-accept-low-20260227101026.internal"}, "trace_id": "gate-20260227T101026Z-12742", "source_id": "manual", "created_by": "staging_acceptance_gate", "risk_level": "low", "idempotency_key": "gate-link-missing-sb-accept-low-20260227101026"}	manual	staging_acceptance_gate	low	f	applied	APPLIED	f	2026-02-27 10:10:26.8762+00	2026-02-27 10:10:47.249697+00	2026-02-27 10:10:47.249697+00
311f642f-1925-4703-a689-32ece7116c18	23	gate-low-add-entity-sb-accept-low-20260227101050	gate-20260227T101050Z-1014	add_entity	{"intent": "add_entity", "dry_run": false, "payload": {"name": "sb-accept-low-20260227101050", "properties": {"env": "staging", "gate": "acceptance", "owner": "platform"}, "entity_type": "service", "external_ref": "manual:sb-accept-low-20260227101050"}, "trace_id": "gate-20260227T101050Z-1014", "source_id": "manual", "created_by": "staging_acceptance_gate", "risk_level": "low", "idempotency_key": "gate-low-add-entity-sb-accept-low-20260227101050"}	manual	staging_acceptance_gate	low	f	applied	APPLIED	f	2026-02-27 10:10:51.084171+00	2026-02-27 10:10:51.194041+00	2026-02-27 10:10:51.194041+00
0dc2b6ed-4685-44cb-b7f6-9ab69b489a1d	24	gate-medium-memory-sb-accept-low-20260227101050	gate-20260227T101051Z-26064	add_memory	{"intent": "add_memory", "dry_run": false, "payload": {"tags": ["memory:second-brain", "source:acceptance", "contract:v1"], "title": "Staging acceptance memory", "content": "Medium-risk memory proposal for acceptance gate.", "ttl_policy": "review_30d", "change_origin": "agent", "confidence_score": 0.8, "source_path_or_url": "/root/second-brain/scripts/run_staging_acceptance_gate.sh", "entity_natural_keys": ["service:sb-accept-low-20260227101050"]}, "trace_id": "gate-20260227T101051Z-26064", "source_id": "manual", "created_by": "staging_acceptance_gate", "risk_level": "medium", "idempotency_key": "gate-medium-memory-sb-accept-low-20260227101050"}	manual	staging_acceptance_gate	low	f	applied	APPLIED	f	2026-02-27 10:10:51.526117+00	2026-02-27 10:10:51.724457+00	2026-02-27 10:10:51.724457+00
bc98fab2-93d2-4ba0-9023-3b5519722fbe	26	gate-create-from-sb-accept-low-20260227101050	gate-20260227T101052Z-20880	add_entity	{"intent": "add_entity", "dry_run": false, "payload": {"name": "sb-missing-from-sb-accept-low-20260227101050.internal", "properties": {"source": "acceptance"}, "entity_type": "endpoint", "external_ref": "sb-missing-from-sb-accept-low-20260227101050.internal"}, "trace_id": "gate-20260227T101052Z-20880", "source_id": "manual", "created_by": "staging_acceptance_gate", "risk_level": "low", "idempotency_key": "gate-create-from-sb-accept-low-20260227101050"}	manual	staging_acceptance_gate	low	f	applied	APPLIED	f	2026-02-27 10:10:52.134521+00	2026-02-27 10:10:52.310456+00	2026-02-27 10:10:52.310456+00
555f8976-7591-425b-92b5-d07d6eec1ba2	27	gate-create-to-sb-accept-low-20260227101050	gate-20260227T101052Z-19561	add_entity	{"intent": "add_entity", "dry_run": false, "payload": {"name": "sb-missing-to-sb-accept-low-20260227101050.internal", "properties": {"source": "acceptance"}, "entity_type": "endpoint", "external_ref": "sb-missing-to-sb-accept-low-20260227101050.internal"}, "trace_id": "gate-20260227T101052Z-19561", "source_id": "manual", "created_by": "staging_acceptance_gate", "risk_level": "low", "idempotency_key": "gate-create-to-sb-accept-low-20260227101050"}	manual	staging_acceptance_gate	low	f	applied	APPLIED	f	2026-02-27 10:10:52.221567+00	2026-02-27 10:10:52.414501+00	2026-02-27 10:10:52.414501+00
7a711f83-56ec-49e2-8ef7-22ac6d06fa39	25	gate-link-missing-sb-accept-low-20260227101050	gate-20260227T101051Z-32057	link_entities	{"intent": "link_entities", "dry_run": false, "payload": {"properties": {"source": "acceptance"}, "relation_type": "DEPENDS_ON", "to_natural_key": "endpoint:sb-missing-to-sb-accept-low-20260227101050.internal", "confidence_score": 0.9, "from_natural_key": "endpoint:sb-missing-from-sb-accept-low-20260227101050.internal"}, "trace_id": "gate-20260227T101051Z-32057", "source_id": "manual", "created_by": "staging_acceptance_gate", "risk_level": "low", "idempotency_key": "gate-link-missing-sb-accept-low-20260227101050"}	manual	staging_acceptance_gate	low	f	applied	APPLIED	f	2026-02-27 10:10:51.930623+00	2026-02-27 10:10:52.532778+00	2026-02-27 10:10:52.532778+00
a6c0a4c1-160a-460b-a520-faf5ee8ec790	28	9e1389d8d306088f053442dc88fb922c0af1f17f623e10210190c55ab155817d	cleanup-20260227T101225Z-1204	deprecate	{"intent": "deprecate", "dry_run": false, "payload": {"entity_natural_key": "endpoint:sb-missing-from-sb-accept-low-20260227101026-internal"}, "trace_id": "cleanup-20260227T101225Z-1204", "source_id": "manual", "created_by": "cleanup_acceptance_artifacts", "risk_level": "low", "idempotency_key": "9e1389d8d306088f053442dc88fb922c0af1f17f623e10210190c55ab155817d"}	manual	cleanup_acceptance_artifacts	low	f	applied	APPLIED	f	2026-02-27 10:12:25.294528+00	2026-02-27 10:12:25.294528+00	2026-02-27 10:12:25.294528+00
4897c617-0eb0-42a8-8d7d-55fc2c476424	33	50df2abfe998f80bc4010a80d7639d87611fa18ff717193b9c6031a7d740de31	cleanup-20260227T101225Z-31711	deprecate	{"intent": "deprecate", "dry_run": false, "payload": {"entity_natural_key": "endpoint:sb-missing-to-sb-accept-low-20260227101050.internal"}, "trace_id": "cleanup-20260227T101225Z-31711", "source_id": "manual", "created_by": "cleanup_acceptance_artifacts", "risk_level": "low", "idempotency_key": "50df2abfe998f80bc4010a80d7639d87611fa18ff717193b9c6031a7d740de31"}	manual	cleanup_acceptance_artifacts	low	f	applied	APPLIED	f	2026-02-27 10:12:25.857323+00	2026-02-27 10:12:25.857323+00	2026-02-27 10:12:25.857323+00
91684e63-91c9-4728-93e3-5aa891c139cf	49	gate-create-from-sb-accept-low-20260227103610	gate-20260227T103611Z-30895	add_entity	{"intent": "add_entity", "dry_run": false, "payload": {"name": "sb-missing-from-sb-accept-low-20260227103610.internal", "properties": {"source": "acceptance"}, "entity_type": "endpoint", "external_ref": "sb-missing-from-sb-accept-low-20260227103610.internal"}, "trace_id": "gate-20260227T103611Z-30895", "source_id": "manual", "created_by": "staging_acceptance_gate", "risk_level": "low", "idempotency_key": "gate-create-from-sb-accept-low-20260227103610"}	manual	staging_acceptance_gate	low	f	applied	APPLIED	f	2026-02-27 10:36:11.855304+00	2026-02-27 10:36:12.197402+00	2026-02-27 10:36:12.197402+00
10168359-a105-4708-9e64-23efb16b1f6e	34	062edf565bd0f0a6ce7464483133f4532adc79f2e8322277ef37d7c0cc859053	cleanup-20260227T101225Z-30385	deprecate	{"intent": "deprecate", "dry_run": false, "payload": {"entity_natural_key": "service:manual:example-api"}, "trace_id": "cleanup-20260227T101225Z-30385", "source_id": "manual", "created_by": "cleanup_acceptance_artifacts", "risk_level": "low", "idempotency_key": "062edf565bd0f0a6ce7464483133f4532adc79f2e8322277ef37d7c0cc859053"}	manual	cleanup_acceptance_artifacts	low	f	applied	APPLIED	f	2026-02-27 10:12:25.957797+00	2026-02-27 10:12:25.957797+00	2026-02-27 10:12:25.957797+00
60417692-6b30-4d6a-96e2-eadece4d1901	35	53059c575b5cd69b0fe00ccc8f35f3b9ff41dde53aeafe57991c2acfbe9eb13e	cleanup-20260227T101225Z-6398	deprecate	{"intent": "deprecate", "dry_run": false, "payload": {"entity_natural_key": "service:manual:sb-accept-low-20260227100927"}, "trace_id": "cleanup-20260227T101225Z-6398", "source_id": "manual", "created_by": "cleanup_acceptance_artifacts", "risk_level": "low", "idempotency_key": "53059c575b5cd69b0fe00ccc8f35f3b9ff41dde53aeafe57991c2acfbe9eb13e"}	manual	cleanup_acceptance_artifacts	low	f	applied	APPLIED	f	2026-02-27 10:12:26.07283+00	2026-02-27 10:12:26.07283+00	2026-02-27 10:12:26.07283+00
da5db04a-1514-46fd-9574-d7fca74ba0d1	36	e879359067ccba7a70805c6f42be09d754b6d8e4fae34d52f0295e302531f2e1	cleanup-20260227T101226Z-3936	deprecate	{"intent": "deprecate", "dry_run": false, "payload": {"entity_natural_key": "service:manual:sb-accept-low-20260227101026"}, "trace_id": "cleanup-20260227T101226Z-3936", "source_id": "manual", "created_by": "cleanup_acceptance_artifacts", "risk_level": "low", "idempotency_key": "e879359067ccba7a70805c6f42be09d754b6d8e4fae34d52f0295e302531f2e1"}	manual	cleanup_acceptance_artifacts	low	f	applied	APPLIED	f	2026-02-27 10:12:26.175329+00	2026-02-27 10:12:26.175329+00	2026-02-27 10:12:26.175329+00
c2d4371c-1ab1-4652-88e0-18faa1c8bacc	37	0f8978a4044e5f7e0fcf6f5796a1b8fcf5c776d0d1d9f22e5f6f59428aebdd75	cleanup-20260227T101226Z-11903	deprecate	{"intent": "deprecate", "dry_run": false, "payload": {"entity_natural_key": "service:manual:sb-accept-low-20260227101050"}, "trace_id": "cleanup-20260227T101226Z-11903", "source_id": "manual", "created_by": "cleanup_acceptance_artifacts", "risk_level": "low", "idempotency_key": "0f8978a4044e5f7e0fcf6f5796a1b8fcf5c776d0d1d9f22e5f6f59428aebdd75"}	manual	cleanup_acceptance_artifacts	low	f	applied	APPLIED	f	2026-02-27 10:12:26.282396+00	2026-02-27 10:12:26.282396+00	2026-02-27 10:12:26.282396+00
d4ff2e31-b8ed-4781-bf2c-82b11b2de4e2	38	gate-low-add-entity-sb-accept-low-20260227101243	gate-20260227T101243Z-26257	add_entity	{"intent": "add_entity", "dry_run": false, "payload": {"name": "sb-accept-low-20260227101243", "properties": {"env": "staging", "gate": "acceptance", "owner": "platform"}, "entity_type": "service"}, "trace_id": "gate-20260227T101243Z-26257", "source_id": "manual", "created_by": "staging_acceptance_gate", "risk_level": "low", "idempotency_key": "gate-low-add-entity-sb-accept-low-20260227101243"}	manual	staging_acceptance_gate	low	f	applied	APPLIED	f	2026-02-27 10:12:43.772162+00	2026-02-27 10:12:43.867473+00	2026-02-27 10:12:43.867473+00
88efc3d2-e6ef-4fb1-a9fc-50b36eeb89b2	39	gate-medium-memory-sb-accept-low-20260227101243	gate-20260227T101244Z-10055	add_memory	{"intent": "add_memory", "dry_run": false, "payload": {"tags": ["memory:second-brain", "source:acceptance", "contract:v1"], "title": "Staging acceptance memory", "content": "Medium-risk memory proposal for acceptance gate.", "ttl_policy": "review_30d", "change_origin": "agent", "confidence_score": 0.8, "source_path_or_url": "/root/second-brain/scripts/run_staging_acceptance_gate.sh", "entity_natural_keys": ["service:sb-accept-low-20260227101243"]}, "trace_id": "gate-20260227T101244Z-10055", "source_id": "manual", "created_by": "staging_acceptance_gate", "risk_level": "medium", "idempotency_key": "gate-medium-memory-sb-accept-low-20260227101243"}	manual	staging_acceptance_gate	low	f	applied	APPLIED	f	2026-02-27 10:12:44.183896+00	2026-02-27 10:12:44.389978+00	2026-02-27 10:12:44.389978+00
bd720276-8156-4799-97c8-3f3837524303	41	gate-create-from-sb-accept-low-20260227101243	gate-20260227T101244Z-16615	add_entity	{"intent": "add_entity", "dry_run": false, "payload": {"name": "sb-missing-from-sb-accept-low-20260227101243.internal", "properties": {"source": "acceptance"}, "entity_type": "endpoint", "external_ref": "sb-missing-from-sb-accept-low-20260227101243.internal"}, "trace_id": "gate-20260227T101244Z-16615", "source_id": "manual", "created_by": "staging_acceptance_gate", "risk_level": "low", "idempotency_key": "gate-create-from-sb-accept-low-20260227101243"}	manual	staging_acceptance_gate	low	f	applied	APPLIED	f	2026-02-27 10:12:44.825331+00	2026-02-27 10:12:45.015292+00	2026-02-27 10:12:45.015292+00
2dff5f82-da4c-47dc-aec2-b6c33f387760	42	gate-create-to-sb-accept-low-20260227101243	gate-20260227T101244Z-4429	add_entity	{"intent": "add_entity", "dry_run": false, "payload": {"name": "sb-missing-to-sb-accept-low-20260227101243.internal", "properties": {"source": "acceptance"}, "entity_type": "endpoint", "external_ref": "sb-missing-to-sb-accept-low-20260227101243.internal"}, "trace_id": "gate-20260227T101244Z-4429", "source_id": "manual", "created_by": "staging_acceptance_gate", "risk_level": "low", "idempotency_key": "gate-create-to-sb-accept-low-20260227101243"}	manual	staging_acceptance_gate	low	f	applied	APPLIED	f	2026-02-27 10:12:44.92393+00	2026-02-27 10:12:45.107801+00	2026-02-27 10:12:45.107801+00
a4f4674e-c753-4fa7-8480-11f010bdf240	40	gate-link-missing-sb-accept-low-20260227101243	gate-20260227T101244Z-9132	link_entities	{"intent": "link_entities", "dry_run": false, "payload": {"properties": {"source": "acceptance"}, "relation_type": "DEPENDS_ON", "to_natural_key": "endpoint:sb-missing-to-sb-accept-low-20260227101243.internal", "confidence_score": 0.9, "from_natural_key": "endpoint:sb-missing-from-sb-accept-low-20260227101243.internal"}, "trace_id": "gate-20260227T101244Z-9132", "source_id": "manual", "created_by": "staging_acceptance_gate", "risk_level": "low", "idempotency_key": "gate-link-missing-sb-accept-low-20260227101243"}	manual	staging_acceptance_gate	low	f	applied	APPLIED	f	2026-02-27 10:12:44.6141+00	2026-02-27 10:12:45.214908+00	2026-02-27 10:12:45.214908+00
a462a231-f9b1-446a-94d6-601a25e0f48c	43	gate-deprecate-service:sb-accept-low-20260227101243	gate-cleanup-20260227T101248Z-21806	deprecate	{"intent": "deprecate", "dry_run": false, "payload": {"entity_natural_key": "service:sb-accept-low-20260227101243"}, "trace_id": "gate-cleanup-20260227T101248Z-21806", "source_id": "manual", "created_by": "staging_acceptance_gate", "risk_level": "low", "idempotency_key": "gate-deprecate-service:sb-accept-low-20260227101243"}	manual	staging_acceptance_gate	low	f	applied	APPLIED	f	2026-02-27 10:12:48.537276+00	2026-02-27 10:12:48.618105+00	2026-02-27 10:12:48.618105+00
7df85236-9465-442b-95c0-bcf0989d454c	44	gate-deprecate-endpoint:sb-missing-from-sb-accept-low-20260227101243.internal	gate-cleanup-20260227T101248Z-6497	deprecate	{"intent": "deprecate", "dry_run": false, "payload": {"entity_natural_key": "endpoint:sb-missing-from-sb-accept-low-20260227101243.internal"}, "trace_id": "gate-cleanup-20260227T101248Z-6497", "source_id": "manual", "created_by": "staging_acceptance_gate", "risk_level": "low", "idempotency_key": "gate-deprecate-endpoint:sb-missing-from-sb-accept-low-20260227101243.internal"}	manual	staging_acceptance_gate	low	f	applied	APPLIED	f	2026-02-27 10:12:48.708682+00	2026-02-27 10:12:48.791021+00	2026-02-27 10:12:48.791021+00
3340c218-0f0e-4db3-8272-979181c04c8b	95	gemini-cli-registration-1	gemini-incorporation-task	add_entity	{"intent": "add_entity", "dry_run": false, "payload": {"name": "gemini-cli", "properties": {"mode": "FULL_AUTO_GLOBAL", "path": "/root/.gemini"}, "entity_type": "program", "natural_key": "program:gemini:cli", "external_ref": "system:gemini:cli"}, "trace_id": "gemini-incorporation-task", "source_id": "manual", "created_by": "gemini", "risk_level": "low", "idempotency_key": "gemini-cli-registration-1"}	manual	gemini	low	f	applied	APPLIED	f	2026-03-04 17:35:45.460973+00	2026-03-04 17:36:50.243829+00	2026-03-04 17:36:50.243829+00
a8d6c485-6326-4ba0-8c2e-2072b7260f92	45	gate-deprecate-endpoint:sb-missing-to-sb-accept-low-20260227101243.internal	gate-cleanup-20260227T101248Z-191	deprecate	{"intent": "deprecate", "dry_run": false, "payload": {"entity_natural_key": "endpoint:sb-missing-to-sb-accept-low-20260227101243.internal"}, "trace_id": "gate-cleanup-20260227T101248Z-191", "source_id": "manual", "created_by": "staging_acceptance_gate", "risk_level": "low", "idempotency_key": "gate-deprecate-endpoint:sb-missing-to-sb-accept-low-20260227101243.internal"}	manual	staging_acceptance_gate	low	f	applied	APPLIED	f	2026-02-27 10:12:48.884942+00	2026-02-27 10:12:48.97808+00	2026-02-27 10:12:48.97808+00
f90f232e-f0e9-42a0-9c61-53f9ebe6b048	100	gate-low-add-entity-sb-accept-low-20260306103315	gate-20260306T103315Z-26628	add_entity	{"intent": "add_entity", "dry_run": false, "payload": {"name": "sb-accept-low-20260306103315", "properties": {"env": "staging", "gate": "acceptance", "owner": "platform"}, "entity_type": "service"}, "trace_id": "gate-20260306T103315Z-26628", "source_id": "manual", "created_by": "staging_acceptance_gate", "risk_level": "low", "idempotency_key": "gate-low-add-entity-sb-accept-low-20260306103315"}	manual	staging_acceptance_gate	low	f	applied	APPLIED	f	2026-03-06 10:33:15.592462+00	2026-03-06 10:33:15.767223+00	2026-03-06 10:33:15.767223+00
ff1e402d-43b6-407f-9cb2-3bd71d89472f	47	gate-medium-memory-sb-accept-low-20260227103610	gate-20260227T103610Z-28476	add_memory	{"intent": "add_memory", "dry_run": false, "payload": {"tags": ["memory:second-brain", "source:acceptance", "contract:v1"], "title": "Staging acceptance memory", "content": "Medium-risk memory proposal for acceptance gate.", "ttl_policy": "review_30d", "change_origin": "agent", "confidence_score": 0.8, "source_path_or_url": "/root/second-brain/scripts/run_staging_acceptance_gate.sh", "entity_natural_keys": ["service:sb-accept-low-20260227103610"]}, "trace_id": "gate-20260227T103610Z-28476", "source_id": "manual", "created_by": "staging_acceptance_gate", "risk_level": "medium", "idempotency_key": "gate-medium-memory-sb-accept-low-20260227103610"}	manual	staging_acceptance_gate	low	f	applied	APPLIED	f	2026-02-27 10:36:11.021943+00	2026-02-27 10:36:11.230408+00	2026-02-27 10:36:11.230408+00
84be546c-50a5-455a-89a7-e987ec84e0c3	50	gate-create-to-sb-accept-low-20260227103610	gate-20260227T103611Z-12251	add_entity	{"intent": "add_entity", "dry_run": false, "payload": {"name": "sb-missing-to-sb-accept-low-20260227103610.internal", "properties": {"source": "acceptance"}, "entity_type": "endpoint", "external_ref": "sb-missing-to-sb-accept-low-20260227103610.internal"}, "trace_id": "gate-20260227T103611Z-12251", "source_id": "manual", "created_by": "staging_acceptance_gate", "risk_level": "low", "idempotency_key": "gate-create-to-sb-accept-low-20260227103610"}	manual	staging_acceptance_gate	low	f	applied	APPLIED	f	2026-02-27 10:36:12.040579+00	2026-02-27 10:36:12.333307+00	2026-02-27 10:36:12.333307+00
cee6c38c-fe53-4acc-98f7-017672dabf5d	48	gate-link-missing-sb-accept-low-20260227103610	gate-20260227T103611Z-14572	link_entities	{"intent": "link_entities", "dry_run": false, "payload": {"properties": {"source": "acceptance"}, "relation_type": "DEPENDS_ON", "to_natural_key": "endpoint:sb-missing-to-sb-accept-low-20260227103610.internal", "confidence_score": 0.9, "from_natural_key": "endpoint:sb-missing-from-sb-accept-low-20260227103610.internal"}, "trace_id": "gate-20260227T103611Z-14572", "source_id": "manual", "created_by": "staging_acceptance_gate", "risk_level": "low", "idempotency_key": "gate-link-missing-sb-accept-low-20260227103610"}	manual	staging_acceptance_gate	low	f	applied	APPLIED	f	2026-02-27 10:36:11.514773+00	2026-02-27 10:36:12.451884+00	2026-02-27 10:36:12.451884+00
8072cf8e-1c01-4537-8362-7002694b471e	52	gate-deprecate-endpoint:sb-missing-from-sb-accept-low-20260227103610.internal	gate-cleanup-20260227T103616Z-15990	deprecate	{"intent": "deprecate", "dry_run": false, "payload": {"entity_natural_key": "endpoint:sb-missing-from-sb-accept-low-20260227103610.internal"}, "trace_id": "gate-cleanup-20260227T103616Z-15990", "source_id": "manual", "created_by": "staging_acceptance_gate", "risk_level": "low", "idempotency_key": "gate-deprecate-endpoint:sb-missing-from-sb-accept-low-20260227103610.internal"}	manual	staging_acceptance_gate	low	f	applied	APPLIED	f	2026-02-27 10:36:16.776496+00	2026-02-27 10:36:16.921578+00	2026-02-27 10:36:16.921578+00
4db5c23a-f40a-4f32-8c2b-d77f8a2537c5	54	gate-low-add-entity-sb-accept-low-20260227103700	gate-20260227T103700Z-1922	add_entity	{"intent": "add_entity", "dry_run": false, "payload": {"name": "sb-accept-low-20260227103700", "properties": {"env": "staging", "gate": "acceptance", "owner": "platform"}, "entity_type": "service"}, "trace_id": "gate-20260227T103700Z-1922", "source_id": "manual", "created_by": "staging_acceptance_gate", "risk_level": "low", "idempotency_key": "gate-low-add-entity-sb-accept-low-20260227103700"}	manual	staging_acceptance_gate	low	f	applied	APPLIED	f	2026-02-27 10:37:00.911981+00	2026-02-27 10:37:01.019491+00	2026-02-27 10:37:01.019491+00
c7916f44-bd3f-4a46-a454-2aa1fcd82285	55	gate-medium-memory-sb-accept-low-20260227103700	gate-20260227T103701Z-8145	add_memory	{"intent": "add_memory", "dry_run": false, "payload": {"tags": ["memory:second-brain", "source:acceptance", "contract:v1"], "title": "Staging acceptance memory", "content": "Medium-risk memory proposal for acceptance gate.", "ttl_policy": "review_30d", "change_origin": "agent", "confidence_score": 0.8, "source_path_or_url": "/root/second-brain/scripts/run_staging_acceptance_gate.sh", "entity_natural_keys": ["service:sb-accept-low-20260227103700"]}, "trace_id": "gate-20260227T103701Z-8145", "source_id": "manual", "created_by": "staging_acceptance_gate", "risk_level": "medium", "idempotency_key": "gate-medium-memory-sb-accept-low-20260227103700"}	manual	staging_acceptance_gate	low	f	applied	APPLIED	f	2026-02-27 10:37:01.350036+00	2026-02-27 10:37:01.600716+00	2026-02-27 10:37:01.600716+00
3f96ee38-65b9-4953-b367-fd7782cd55f6	57	gate-create-from-sb-accept-low-20260227103700	gate-20260227T103702Z-26016	add_entity	{"intent": "add_entity", "dry_run": false, "payload": {"name": "sb-missing-from-sb-accept-low-20260227103700.internal", "properties": {"source": "acceptance"}, "entity_type": "endpoint", "external_ref": "sb-missing-from-sb-accept-low-20260227103700.internal"}, "trace_id": "gate-20260227T103702Z-26016", "source_id": "manual", "created_by": "staging_acceptance_gate", "risk_level": "low", "idempotency_key": "gate-create-from-sb-accept-low-20260227103700"}	manual	staging_acceptance_gate	low	f	applied	APPLIED	f	2026-02-27 10:37:02.106792+00	2026-02-27 10:37:02.325563+00	2026-02-27 10:37:02.325563+00
775e0f53-d3e2-4f6b-814b-50b7c6456851	58	gate-create-to-sb-accept-low-20260227103700	gate-20260227T103702Z-3136	add_entity	{"intent": "add_entity", "dry_run": false, "payload": {"name": "sb-missing-to-sb-accept-low-20260227103700.internal", "properties": {"source": "acceptance"}, "entity_type": "endpoint", "external_ref": "sb-missing-to-sb-accept-low-20260227103700.internal"}, "trace_id": "gate-20260227T103702Z-3136", "source_id": "manual", "created_by": "staging_acceptance_gate", "risk_level": "low", "idempotency_key": "gate-create-to-sb-accept-low-20260227103700"}	manual	staging_acceptance_gate	low	f	applied	APPLIED	f	2026-02-27 10:37:02.216359+00	2026-02-27 10:37:02.427445+00	2026-02-27 10:37:02.427445+00
c4d97ae2-fa71-49a6-a8fe-b1b19bfb03f8	56	gate-link-missing-sb-accept-low-20260227103700	gate-20260227T103701Z-16961	link_entities	{"intent": "link_entities", "dry_run": false, "payload": {"properties": {"source": "acceptance"}, "relation_type": "DEPENDS_ON", "to_natural_key": "endpoint:sb-missing-to-sb-accept-low-20260227103700.internal", "confidence_score": 0.9, "from_natural_key": "endpoint:sb-missing-from-sb-accept-low-20260227103700.internal"}, "trace_id": "gate-20260227T103701Z-16961", "source_id": "manual", "created_by": "staging_acceptance_gate", "risk_level": "low", "idempotency_key": "gate-link-missing-sb-accept-low-20260227103700"}	manual	staging_acceptance_gate	low	f	applied	APPLIED	f	2026-02-27 10:37:01.84996+00	2026-02-27 10:37:02.546018+00	2026-02-27 10:37:02.546018+00
914c0e13-189b-40f7-936f-a74a93fd94c2	59	gate-deprecate-service:sb-accept-low-20260227103700	gate-cleanup-20260227T103706Z-13090	deprecate	{"intent": "deprecate", "dry_run": false, "payload": {"entity_natural_key": "service:sb-accept-low-20260227103700"}, "trace_id": "gate-cleanup-20260227T103706Z-13090", "source_id": "manual", "created_by": "staging_acceptance_gate", "risk_level": "low", "idempotency_key": "gate-deprecate-service:sb-accept-low-20260227103700"}	manual	staging_acceptance_gate	low	f	applied	APPLIED	f	2026-02-27 10:37:06.338914+00	2026-02-27 10:37:06.441862+00	2026-02-27 10:37:06.441862+00
691a0598-c2a0-4d65-a434-84fada54a70f	60	gate-deprecate-endpoint:sb-missing-from-sb-accept-low-20260227103700.internal	gate-cleanup-20260227T103706Z-6054	deprecate	{"intent": "deprecate", "dry_run": false, "payload": {"entity_natural_key": "endpoint:sb-missing-from-sb-accept-low-20260227103700.internal"}, "trace_id": "gate-cleanup-20260227T103706Z-6054", "source_id": "manual", "created_by": "staging_acceptance_gate", "risk_level": "low", "idempotency_key": "gate-deprecate-endpoint:sb-missing-from-sb-accept-low-20260227103700.internal"}	manual	staging_acceptance_gate	low	f	applied	APPLIED	f	2026-02-27 10:37:06.550864+00	2026-02-27 10:37:06.632885+00	2026-02-27 10:37:06.632885+00
595d885e-45fb-4a28-a67b-204bcd8afd5f	61	gate-deprecate-endpoint:sb-missing-to-sb-accept-low-20260227103700.internal	gate-cleanup-20260227T103706Z-13112	deprecate	{"intent": "deprecate", "dry_run": false, "payload": {"entity_natural_key": "endpoint:sb-missing-to-sb-accept-low-20260227103700.internal"}, "trace_id": "gate-cleanup-20260227T103706Z-13112", "source_id": "manual", "created_by": "staging_acceptance_gate", "risk_level": "low", "idempotency_key": "gate-deprecate-endpoint:sb-missing-to-sb-accept-low-20260227103700.internal"}	manual	staging_acceptance_gate	low	f	applied	APPLIED	f	2026-02-27 10:37:06.732164+00	2026-02-27 10:37:06.834177+00	2026-02-27 10:37:06.834177+00
60bfe6cc-db6f-4d85-b40e-2d0e694e5501	62	gate-low-add-entity-sb-accept-low-20260227103826	gate-20260227T103826Z-23997	add_entity	{"intent": "add_entity", "dry_run": false, "payload": {"name": "sb-accept-low-20260227103826", "properties": {"env": "staging", "gate": "acceptance", "owner": "platform"}, "entity_type": "service"}, "trace_id": "gate-20260227T103826Z-23997", "source_id": "manual", "created_by": "staging_acceptance_gate", "risk_level": "low", "idempotency_key": "gate-low-add-entity-sb-accept-low-20260227103826"}	manual	staging_acceptance_gate	low	f	applied	APPLIED	f	2026-02-27 10:38:26.444353+00	2026-02-27 10:38:26.535241+00	2026-02-27 10:38:26.535241+00
2881c3f4-77f5-439d-ac99-37d3d8ef3de5	63	gate-medium-memory-sb-accept-low-20260227103826	gate-20260227T103826Z-20760	add_memory	{"intent": "add_memory", "dry_run": false, "payload": {"tags": ["memory:second-brain", "source:acceptance", "contract:v1"], "title": "Staging acceptance memory", "content": "Medium-risk memory proposal for acceptance gate.", "ttl_policy": "review_30d", "change_origin": "agent", "confidence_score": 0.8, "source_path_or_url": "/root/second-brain/scripts/run_staging_acceptance_gate.sh", "entity_natural_keys": ["service:sb-accept-low-20260227103826"]}, "trace_id": "gate-20260227T103826Z-20760", "source_id": "manual", "created_by": "staging_acceptance_gate", "risk_level": "medium", "idempotency_key": "gate-medium-memory-sb-accept-low-20260227103826"}	manual	staging_acceptance_gate	low	f	applied	APPLIED	f	2026-02-27 10:38:26.815412+00	2026-02-27 10:38:26.99541+00	2026-02-27 10:38:26.99541+00
8b182602-1236-4f07-89c3-b5c1676c19bb	65	gate-create-from-sb-accept-low-20260227103826	gate-20260227T103827Z-27387	add_entity	{"intent": "add_entity", "dry_run": false, "payload": {"name": "sb-missing-from-sb-accept-low-20260227103826.internal", "properties": {"source": "acceptance"}, "entity_type": "endpoint", "external_ref": "sb-missing-from-sb-accept-low-20260227103826.internal"}, "trace_id": "gate-20260227T103827Z-27387", "source_id": "manual", "created_by": "staging_acceptance_gate", "risk_level": "low", "idempotency_key": "gate-create-from-sb-accept-low-20260227103826"}	manual	staging_acceptance_gate	low	f	applied	APPLIED	f	2026-02-27 10:38:27.423869+00	2026-02-27 10:38:27.620136+00	2026-02-27 10:38:27.620136+00
08d19a69-5897-4fbd-8797-25d4446307b7	66	gate-create-to-sb-accept-low-20260227103826	gate-20260227T103827Z-3323	add_entity	{"intent": "add_entity", "dry_run": false, "payload": {"name": "sb-missing-to-sb-accept-low-20260227103826.internal", "properties": {"source": "acceptance"}, "entity_type": "endpoint", "external_ref": "sb-missing-to-sb-accept-low-20260227103826.internal"}, "trace_id": "gate-20260227T103827Z-3323", "source_id": "manual", "created_by": "staging_acceptance_gate", "risk_level": "low", "idempotency_key": "gate-create-to-sb-accept-low-20260227103826"}	manual	staging_acceptance_gate	low	f	applied	APPLIED	f	2026-02-27 10:38:27.52062+00	2026-02-27 10:38:27.710098+00	2026-02-27 10:38:27.710098+00
2f97e90b-8bb1-4808-b364-444799d0aa82	64	gate-link-missing-sb-accept-low-20260227103826	gate-20260227T103827Z-23343	link_entities	{"intent": "link_entities", "dry_run": false, "payload": {"properties": {"source": "acceptance"}, "relation_type": "DEPENDS_ON", "to_natural_key": "endpoint:sb-missing-to-sb-accept-low-20260227103826.internal", "confidence_score": 0.9, "from_natural_key": "endpoint:sb-missing-from-sb-accept-low-20260227103826.internal"}, "trace_id": "gate-20260227T103827Z-23343", "source_id": "manual", "created_by": "staging_acceptance_gate", "risk_level": "low", "idempotency_key": "gate-link-missing-sb-accept-low-20260227103826"}	manual	staging_acceptance_gate	low	f	applied	APPLIED	f	2026-02-27 10:38:27.204834+00	2026-02-27 10:38:27.815327+00	2026-02-27 10:38:27.815327+00
9999b39e-642e-4c7e-a202-2fd1bc80c05c	67	gate-deprecate-service:sb-accept-low-20260227103826	gate-cleanup-20260227T103830Z-15710	deprecate	{"intent": "deprecate", "dry_run": false, "payload": {"entity_natural_key": "service:sb-accept-low-20260227103826"}, "trace_id": "gate-cleanup-20260227T103830Z-15710", "source_id": "manual", "created_by": "staging_acceptance_gate", "risk_level": "low", "idempotency_key": "gate-deprecate-service:sb-accept-low-20260227103826"}	manual	staging_acceptance_gate	low	f	applied	APPLIED	f	2026-02-27 10:38:31.05351+00	2026-02-27 10:38:31.134141+00	2026-02-27 10:38:31.134141+00
08534166-9bb5-49a8-8cdc-245e441ddb81	153	n8n-notify-email-to-hoshenyehuda-2026-03-08	codex-n8n-notify-recipient-2026-03-08	add_memory	{"intent": "add_memory", "dry_run": false, "payload": {"tags": ["n8n", "notifications", "email", "env:prod"], "title": "n8n notification recipient switched to hoshenyehuda@gmail.com", "content": "The production n8n service at auto.coriathost.cloud now uses NOTIFY_EMAIL_TO=hoshenyehuda@gmail.com in /home/elron/services/n8n/.env. The n8n container was recreated with an explicit --env-file load and the live container environment confirms the new recipient value.", "ttl_policy": "persistent", "change_origin": "agent", "confidence_score": 0.95, "source_path_or_url": "/home/elron/services/n8n/.env"}, "trace_id": "codex-n8n-notify-recipient-2026-03-08", "source_id": "manual", "created_by": "codex", "risk_level": "low", "idempotency_key": "n8n-notify-email-to-hoshenyehuda-2026-03-08"}	manual	codex	low	f	applied	APPLIED	f	2026-03-08 11:54:10.355015+00	2026-03-08 11:54:12.810604+00	2026-03-08 11:54:12.810604+00
b6cedc1d-84ff-4324-a635-e999dba07ed5	68	gate-deprecate-endpoint:sb-missing-from-sb-accept-low-20260227103826.internal	gate-cleanup-20260227T103831Z-10960	deprecate	{"intent": "deprecate", "dry_run": false, "payload": {"entity_natural_key": "endpoint:sb-missing-from-sb-accept-low-20260227103826.internal"}, "trace_id": "gate-cleanup-20260227T103831Z-10960", "source_id": "manual", "created_by": "staging_acceptance_gate", "risk_level": "low", "idempotency_key": "gate-deprecate-endpoint:sb-missing-from-sb-accept-low-20260227103826.internal"}	manual	staging_acceptance_gate	low	f	applied	APPLIED	f	2026-02-27 10:38:31.224845+00	2026-02-27 10:38:31.312391+00	2026-02-27 10:38:31.312391+00
7e372bd7-190e-4f66-912d-2502c5eed07a	69	gate-deprecate-endpoint:sb-missing-to-sb-accept-low-20260227103826.internal	gate-cleanup-20260227T103831Z-31028	deprecate	{"intent": "deprecate", "dry_run": false, "payload": {"entity_natural_key": "endpoint:sb-missing-to-sb-accept-low-20260227103826.internal"}, "trace_id": "gate-cleanup-20260227T103831Z-31028", "source_id": "manual", "created_by": "staging_acceptance_gate", "risk_level": "low", "idempotency_key": "gate-deprecate-endpoint:sb-missing-to-sb-accept-low-20260227103826.internal"}	manual	staging_acceptance_gate	low	f	applied	APPLIED	f	2026-02-27 10:38:31.411704+00	2026-02-27 10:38:31.508379+00	2026-02-27 10:38:31.508379+00
e9886dc8-856f-437e-bda2-fc049b122a6a	97	backup-policy-weekly-pair-20260304	codex-backup-policy-20260304	add_memory	{"intent": "add_memory", "dry_run": false, "payload": {"tags": ["memory:second-brain", "source:manual", "contract:v1", "owner:platform", "topic:backup-policy"], "title": "VPS backup policy standardized to weekly pair + 7-day daily retention", "content": "Implemented local backup policy: one weekly full backup and one weekly settings/essential-files backup using /usr/local/bin/backup-weekly-pair.sh. Daily quick backups in /usr/local/bin/backup-databases.sh keep 7-day retention with size anomaly warnings. Monthly security updates now call the weekly pair script before package upgrades.", "ttl_policy": "review_90d", "change_origin": "human", "confidence_score": 0.94, "source_path_or_url": "/usr/local/bin/backup-weekly-pair.sh"}, "trace_id": "codex-backup-policy-20260304", "source_id": "manual", "created_by": "codex", "risk_level": "low", "idempotency_key": "backup-policy-weekly-pair-20260304"}	manual	codex	low	f	applied	APPLIED	f	2026-03-04 18:12:23.295166+00	2026-03-04 18:12:25.752065+00	2026-03-04 18:12:25.752065+00
187b177e-8850-40e8-aaf2-ea4c2e48573f	70	20260227-amuta-compliance-agent-add	20260227-amuta-compliance-trace-01	add_entity	{"intent": "add_entity", "dry_run": false, "payload": {"name": "amuta-compliance-manager", "properties": {"env": "prod", "owner": "platform", "domain": "israel-amutot"}, "entity_type": "agent", "external_ref": "/root/policies-repo/skills/external-ecc/agents/amuta-compliance-manager.md"}, "trace_id": "20260227-amuta-compliance-trace-01", "source_id": "manual", "created_by": "codex", "risk_level": "low", "idempotency_key": "20260227-amuta-compliance-agent-add"}	manual	codex	low	f	applied	APPLIED	f	2026-02-27 14:19:26.629329+00	2026-02-27 14:19:42.255102+00	2026-02-27 14:19:42.255102+00
94c91e54-a7d5-476c-b2e9-9553967124ac	71	20260227-amuta-compliance-skill-nihul-add	20260227-amuta-compliance-trace-02	add_entity	{"intent": "add_entity", "dry_run": false, "payload": {"name": "amuta-nihul-takin", "properties": {"env": "prod", "owner": "platform", "domain": "israel-amutot"}, "entity_type": "skill", "external_ref": "/root/policies-repo/skills/external-ecc/amuta-nihul-takin/SKILL.md"}, "trace_id": "20260227-amuta-compliance-trace-02", "source_id": "manual", "created_by": "codex", "risk_level": "low", "idempotency_key": "20260227-amuta-compliance-skill-nihul-add"}	manual	codex	low	f	applied	APPLIED	f	2026-02-27 14:19:42.335966+00	2026-02-27 14:19:42.416836+00	2026-02-27 14:19:42.416836+00
d983a61f-6c4e-43b1-87e4-bde4383f76fe	72	20260227-amuta-compliance-skill-filings-add	20260227-amuta-compliance-trace-03	add_entity	{"intent": "add_entity", "dry_run": false, "payload": {"name": "amuta-rasham-amutot-filings", "properties": {"env": "prod", "owner": "platform", "domain": "israel-amutot"}, "entity_type": "skill", "external_ref": "/root/policies-repo/skills/external-ecc/amuta-rasham-amutot-filings/SKILL.md"}, "trace_id": "20260227-amuta-compliance-trace-03", "source_id": "manual", "created_by": "codex", "risk_level": "low", "idempotency_key": "20260227-amuta-compliance-skill-filings-add"}	manual	codex	low	f	applied	APPLIED	f	2026-02-27 14:19:42.502611+00	2026-02-27 14:19:42.593929+00	2026-02-27 14:19:42.593929+00
5e1b05cd-42f1-40c8-bd40-3955001c7b06	105	gate-deprecate-service:sb-accept-low-20260306103315	gate-cleanup-20260306T103321Z-6674	deprecate	{"intent": "deprecate", "dry_run": false, "payload": {"entity_natural_key": "service:sb-accept-low-20260306103315"}, "trace_id": "gate-cleanup-20260306T103321Z-6674", "source_id": "manual", "created_by": "staging_acceptance_gate", "risk_level": "low", "idempotency_key": "gate-deprecate-service:sb-accept-low-20260306103315"}	manual	staging_acceptance_gate	low	f	applied	APPLIED	f	2026-03-06 10:33:21.518092+00	2026-03-06 10:33:21.595652+00	2026-03-06 10:33:21.595652+00
4b5e9620-e68f-4d7a-a725-0cdea8748a56	73	20260227-amuta-compliance-skill-gov-add	20260227-amuta-compliance-trace-04	add_entity	{"intent": "add_entity", "dry_run": false, "payload": {"name": "amuta-governance-implementation", "properties": {"env": "prod", "owner": "platform", "domain": "israel-amutot"}, "entity_type": "skill", "external_ref": "/root/policies-repo/skills/external-ecc/amuta-governance-implementation/SKILL.md"}, "trace_id": "20260227-amuta-compliance-trace-04", "source_id": "manual", "created_by": "codex", "risk_level": "low", "idempotency_key": "20260227-amuta-compliance-skill-gov-add"}	manual	codex	low	f	applied	APPLIED	f	2026-02-27 14:19:42.675238+00	2026-02-27 14:19:42.756815+00	2026-02-27 14:19:42.756815+00
749c2d3a-880a-4889-999b-c659995c3a31	74	20260227-amuta-compliance-link-nihul-agent	20260227-amuta-compliance-trace-05	link_entities	{"intent": "link_entities", "dry_run": false, "payload": {"properties": {"source": "manual"}, "relation_type": "SUPPORTED_BY", "to_natural_key": "agent:/root/policies-repo/skills/external-ecc/agents/amuta-compliance-manager.md", "confidence_score": 0.95, "from_natural_key": "skill:/root/policies-repo/skills/external-ecc/amuta-nihul-takin/skill.md"}, "trace_id": "20260227-amuta-compliance-trace-05", "source_id": "manual", "created_by": "codex", "risk_level": "low", "idempotency_key": "20260227-amuta-compliance-link-nihul-agent"}	manual	codex	low	f	applied	APPLIED	f	2026-02-27 14:19:42.842717+00	2026-02-27 14:20:36.249851+00	2026-02-27 14:20:36.249851+00
798c5d64-d997-4375-9f17-7cc432a44a99	75	20260227-amuta-compliance-link-filings-agent	20260227-amuta-compliance-trace-06	link_entities	{"intent": "link_entities", "dry_run": false, "payload": {"properties": {"source": "manual"}, "relation_type": "SUPPORTED_BY", "to_natural_key": "agent:/root/policies-repo/skills/external-ecc/agents/amuta-compliance-manager.md", "confidence_score": 0.95, "from_natural_key": "skill:/root/policies-repo/skills/external-ecc/amuta-rasham-amutot-filings/skill.md"}, "trace_id": "20260227-amuta-compliance-trace-06", "source_id": "manual", "created_by": "codex", "risk_level": "low", "idempotency_key": "20260227-amuta-compliance-link-filings-agent"}	manual	codex	low	f	applied	APPLIED	f	2026-02-27 14:19:43.022127+00	2026-02-27 14:20:36.249851+00	2026-02-27 14:20:36.249851+00
11190ce9-1a53-4ff2-a75d-c8fe47a352b6	76	20260227-amuta-compliance-link-gov-agent	20260227-amuta-compliance-trace-07	link_entities	{"intent": "link_entities", "dry_run": false, "payload": {"properties": {"source": "manual"}, "relation_type": "SUPPORTED_BY", "to_natural_key": "agent:/root/policies-repo/skills/external-ecc/agents/amuta-compliance-manager.md", "confidence_score": 0.95, "from_natural_key": "skill:/root/policies-repo/skills/external-ecc/amuta-governance-implementation/skill.md"}, "trace_id": "20260227-amuta-compliance-trace-07", "source_id": "manual", "created_by": "codex", "risk_level": "low", "idempotency_key": "20260227-amuta-compliance-link-gov-agent"}	manual	codex	low	f	applied	APPLIED	f	2026-02-27 14:19:43.211178+00	2026-02-27 14:20:36.249851+00	2026-02-27 14:20:36.249851+00
a1beb162-3ca6-4fc1-bc3d-1251fdc64592	77	crm-accounting-add-program-20260304	crm-accounting-trace-program-20260304	add_entity	{"intent": "add_entity", "dry_run": false, "payload": {"name": "HYCRM Takbul Webhook MVP", "properties": {"domain": "crm-accounting", "platform": "n8n", "workflow_id": "takbul-webhook-001"}, "entity_type": "program", "external_ref": "n8n:takbul-webhook-001"}, "trace_id": "crm-accounting-trace-program-20260304", "source_id": "manual", "created_by": "codex", "risk_level": "low", "idempotency_key": "crm-accounting-add-program-20260304"}	manual	codex	low	f	applied	APPLIED	f	2026-03-04 11:52:25.89618+00	2026-03-04 11:52:37.219832+00	2026-03-04 11:52:37.219832+00
d38e0d79-6278-4574-b06d-93cba4c2553f	78	crm-accounting-add-skill-20260304	crm-accounting-trace-skill-20260304	add_entity	{"intent": "add_entity", "dry_run": false, "payload": {"name": "crm-accounting-compliance-orchestrator", "properties": {"scope": "crm-accounting", "compliance": "nihul-takin+mas-hachnasa"}, "entity_type": "skill", "external_ref": "/root/policies-repo/skills/external-ecc/crm-accounting-compliance-orchestrator/SKILL.md"}, "trace_id": "crm-accounting-trace-skill-20260304", "source_id": "manual", "created_by": "codex", "risk_level": "low", "idempotency_key": "crm-accounting-add-skill-20260304"}	manual	codex	low	f	applied	APPLIED	f	2026-03-04 11:52:37.317471+00	2026-03-04 11:52:37.408633+00	2026-03-04 11:52:37.408633+00
9b22f315-ff4d-46bf-b29f-6d7fdf954935	79	crm-accounting-add-agent-20260304	crm-accounting-trace-agent-20260304	add_entity	{"intent": "add_entity", "dry_run": false, "payload": {"name": "crm-accounting-compliance-manager", "properties": {"role": "orchestrator", "domain": "crm-accounting"}, "entity_type": "agent", "external_ref": "/root/policies-repo/skills/external-ecc/agents/crm-accounting-compliance-manager.md"}, "trace_id": "crm-accounting-trace-agent-20260304", "source_id": "manual", "created_by": "codex", "risk_level": "low", "idempotency_key": "crm-accounting-add-agent-20260304"}	manual	codex	low	f	applied	APPLIED	f	2026-03-04 11:52:37.503811+00	2026-03-04 11:52:37.593484+00	2026-03-04 11:52:37.593484+00
e68e64a3-2d83-4a5c-9ca0-cf89c42fd2f6	80	crm-accounting-link-program-n8n-20260304	crm-accounting-trace-link-1-20260304	link_entities	{"intent": "link_entities", "dry_run": false, "payload": {"properties": {"reason": "workflow-runtime", "source": "manual"}, "relation_type": "DEPLOYED_IN", "to_natural_key": "service:n8n", "confidence_score": 0.95, "from_natural_key": "program:n8n:takbul-webhook-001"}, "trace_id": "crm-accounting-trace-link-1-20260304", "source_id": "manual", "created_by": "codex", "risk_level": "low", "idempotency_key": "crm-accounting-link-program-n8n-20260304"}	manual	codex	low	f	applied	APPLIED	f	2026-03-04 11:52:37.702161+00	2026-03-04 11:52:37.817947+00	2026-03-04 11:52:37.817947+00
220560f7-a054-44ad-b8b0-dc43d15a8aaf	81	crm-accounting-link-program-directus-20260304	crm-accounting-trace-link-2-20260304	link_entities	{"intent": "link_entities", "dry_run": false, "payload": {"properties": {"reason": "directus-api-write", "source": "manual"}, "relation_type": "DEPENDS_ON", "to_natural_key": "service:hycrm-directus", "confidence_score": 0.95, "from_natural_key": "program:n8n:takbul-webhook-001"}, "trace_id": "crm-accounting-trace-link-2-20260304", "source_id": "manual", "created_by": "codex", "risk_level": "low", "idempotency_key": "crm-accounting-link-program-directus-20260304"}	manual	codex	low	f	applied	APPLIED	f	2026-03-04 11:52:37.920437+00	2026-03-04 11:52:38.013757+00	2026-03-04 11:52:38.013757+00
71787e23-c6fd-4045-9c44-dd5c95994038	82	crm-accounting-link-skill-agent-20260304	crm-accounting-trace-link-3-20260304	link_entities	{"intent": "link_entities", "dry_run": false, "payload": {"properties": {"source": "manual"}, "relation_type": "SUPPORTED_BY", "to_natural_key": "agent:/root/policies-repo/skills/external-ecc/agents/crm-accounting-compliance-manager.md", "confidence_score": 0.95, "from_natural_key": "skill:/root/policies-repo/skills/external-ecc/crm-accounting-compliance-orchestrator/skill.md"}, "trace_id": "crm-accounting-trace-link-3-20260304", "source_id": "manual", "created_by": "codex", "risk_level": "low", "idempotency_key": "crm-accounting-link-skill-agent-20260304"}	manual	codex	low	f	applied	APPLIED	f	2026-03-04 11:52:38.108942+00	2026-03-04 11:52:38.205613+00	2026-03-04 11:52:38.205613+00
3c66838f-40e8-4b41-92a0-1c203214d01b	83	crm-accounting-link-amuta-nihul-agent-20260304	crm-accounting-trace-link-4-20260304	link_entities	{"intent": "link_entities", "dry_run": false, "payload": {"properties": {"role": "compliance-base", "source": "manual"}, "relation_type": "SUPPORTED_BY", "to_natural_key": "agent:/root/policies-repo/skills/external-ecc/agents/crm-accounting-compliance-manager.md", "confidence_score": 0.9, "from_natural_key": "skill:/root/policies-repo/skills/external-ecc/amuta-nihul-takin/skill.md"}, "trace_id": "crm-accounting-trace-link-4-20260304", "source_id": "manual", "created_by": "codex", "risk_level": "low", "idempotency_key": "crm-accounting-link-amuta-nihul-agent-20260304"}	manual	codex	low	f	applied	APPLIED	f	2026-03-04 11:52:38.303593+00	2026-03-04 11:52:38.387141+00	2026-03-04 11:52:38.387141+00
b5921b3d-b854-427f-a608-ca7f50948829	92	gate-deprecate-service:sb-accept-low-20260304115255	gate-cleanup-20260304T115301Z-3901	deprecate	{"intent": "deprecate", "dry_run": false, "payload": {"entity_natural_key": "service:sb-accept-low-20260304115255"}, "trace_id": "gate-cleanup-20260304T115301Z-3901", "source_id": "manual", "created_by": "staging_acceptance_gate", "risk_level": "low", "idempotency_key": "gate-deprecate-service:sb-accept-low-20260304115255"}	manual	staging_acceptance_gate	low	f	applied	APPLIED	f	2026-03-04 11:53:01.372489+00	2026-03-04 11:53:01.511084+00	2026-03-04 11:53:01.511084+00
243296d0-47fb-481f-a140-6a84351b5a19	84	crm-accounting-link-amuta-filings-agent-20260304	crm-accounting-trace-link-5-20260304	link_entities	{"intent": "link_entities", "dry_run": false, "payload": {"properties": {"role": "filings-base", "source": "manual"}, "relation_type": "SUPPORTED_BY", "to_natural_key": "agent:/root/policies-repo/skills/external-ecc/agents/crm-accounting-compliance-manager.md", "confidence_score": 0.9, "from_natural_key": "skill:/root/policies-repo/skills/external-ecc/amuta-rasham-amutot-filings/skill.md"}, "trace_id": "crm-accounting-trace-link-5-20260304", "source_id": "manual", "created_by": "codex", "risk_level": "low", "idempotency_key": "crm-accounting-link-amuta-filings-agent-20260304"}	manual	codex	low	f	applied	APPLIED	f	2026-03-04 11:52:38.482487+00	2026-03-04 11:52:38.576001+00	2026-03-04 11:52:38.576001+00
50d92c2a-d142-481b-b92c-a3a2260d67d2	85	crm-accounting-link-amuta-governance-agent-20260304	crm-accounting-trace-link-6-20260304	link_entities	{"intent": "link_entities", "dry_run": false, "payload": {"properties": {"role": "governance-base", "source": "manual"}, "relation_type": "SUPPORTED_BY", "to_natural_key": "agent:/root/policies-repo/skills/external-ecc/agents/crm-accounting-compliance-manager.md", "confidence_score": 0.9, "from_natural_key": "skill:/root/policies-repo/skills/external-ecc/amuta-governance-implementation/skill.md"}, "trace_id": "crm-accounting-trace-link-6-20260304", "source_id": "manual", "created_by": "codex", "risk_level": "low", "idempotency_key": "crm-accounting-link-amuta-governance-agent-20260304"}	manual	codex	low	f	applied	APPLIED	f	2026-03-04 11:52:38.673387+00	2026-03-04 11:52:38.771077+00	2026-03-04 11:52:38.771077+00
c4b4296c-97d2-4cd3-a95b-1e7b53b67860	86	crm-accounting-memory-20260304	crm-accounting-trace-memory-20260304	add_memory	{"intent": "add_memory", "dry_run": false, "payload": {"tags": ["memory:second-brain", "domain:crm-accounting", "source:manual"], "title": "HYCRM accounting hardening and orchestrator rollout", "content": "Takbul webhook persistence was restored (payment_events_raw quarantine writes). payment_events_raw processed_status constraint updated to include duplicate. Added CRM accounting compliance orchestrator skill + crm-accounting-compliance-manager agent, generated bridge skills, and synced to all users.", "ttl_policy": "review_90d", "change_origin": "agent", "confidence_score": 0.95, "source_path_or_url": "/root/policies-repo/skills/external-ecc/crm-accounting-compliance-orchestrator", "entity_natural_keys": ["program:n8n:takbul-webhook-001", "skill:/root/policies-repo/skills/external-ecc/crm-accounting-compliance-orchestrator/skill.md", "agent:/root/policies-repo/skills/external-ecc/agents/crm-accounting-compliance-manager.md", "service:n8n", "service:hycrm-directus"]}, "trace_id": "crm-accounting-trace-memory-20260304", "source_id": "manual", "created_by": "codex", "risk_level": "low", "idempotency_key": "crm-accounting-memory-20260304"}	manual	codex	low	f	applied	APPLIED	f	2026-03-04 11:52:38.875955+00	2026-03-04 11:52:38.962202+00	2026-03-04 11:52:38.962202+00
92385ff8-354c-4d81-bc47-a82eb66e2627	87	gate-low-add-entity-sb-accept-low-20260304115255	gate-20260304T115255Z-4517	add_entity	{"intent": "add_entity", "dry_run": false, "payload": {"name": "sb-accept-low-20260304115255", "properties": {"env": "staging", "gate": "acceptance", "owner": "platform"}, "entity_type": "service"}, "trace_id": "gate-20260304T115255Z-4517", "source_id": "manual", "created_by": "staging_acceptance_gate", "risk_level": "low", "idempotency_key": "gate-low-add-entity-sb-accept-low-20260304115255"}	manual	staging_acceptance_gate	low	f	applied	APPLIED	f	2026-03-04 11:52:56.068217+00	2026-03-04 11:52:56.154906+00	2026-03-04 11:52:56.154906+00
860a375d-ca02-4a39-af95-f3eadabf7b96	88	gate-medium-memory-sb-accept-low-20260304115255	gate-20260304T115256Z-22879	add_memory	{"intent": "add_memory", "dry_run": false, "payload": {"tags": ["memory:second-brain", "source:acceptance", "contract:v1"], "title": "Staging acceptance memory", "content": "Medium-risk memory proposal for acceptance gate.", "ttl_policy": "review_30d", "change_origin": "agent", "confidence_score": 0.8, "source_path_or_url": "/root/second-brain/scripts/run_staging_acceptance_gate.sh", "entity_natural_keys": ["service:sb-accept-low-20260304115255"]}, "trace_id": "gate-20260304T115256Z-22879", "source_id": "manual", "created_by": "staging_acceptance_gate", "risk_level": "medium", "idempotency_key": "gate-medium-memory-sb-accept-low-20260304115255"}	manual	staging_acceptance_gate	low	f	applied	APPLIED	f	2026-03-04 11:52:56.471086+00	2026-03-04 11:52:56.662419+00	2026-03-04 11:52:56.662419+00
f4dcb054-0c8e-4b88-9705-4819abf71861	90	gate-create-from-sb-accept-low-20260304115255	gate-20260304T115257Z-30968	add_entity	{"intent": "add_entity", "dry_run": false, "payload": {"name": "sb-missing-from-sb-accept-low-20260304115255.internal", "properties": {"source": "acceptance"}, "entity_type": "endpoint", "external_ref": "sb-missing-from-sb-accept-low-20260304115255.internal"}, "trace_id": "gate-20260304T115257Z-30968", "source_id": "manual", "created_by": "staging_acceptance_gate", "risk_level": "low", "idempotency_key": "gate-create-from-sb-accept-low-20260304115255"}	manual	staging_acceptance_gate	low	f	applied	APPLIED	f	2026-03-04 11:52:57.122522+00	2026-03-04 11:52:57.34885+00	2026-03-04 11:52:57.34885+00
e4e99c5d-7483-4664-bba6-9c75f58154ac	91	gate-create-to-sb-accept-low-20260304115255	gate-20260304T115257Z-21076	add_entity	{"intent": "add_entity", "dry_run": false, "payload": {"name": "sb-missing-to-sb-accept-low-20260304115255.internal", "properties": {"source": "acceptance"}, "entity_type": "endpoint", "external_ref": "sb-missing-to-sb-accept-low-20260304115255.internal"}, "trace_id": "gate-20260304T115257Z-21076", "source_id": "manual", "created_by": "staging_acceptance_gate", "risk_level": "low", "idempotency_key": "gate-create-to-sb-accept-low-20260304115255"}	manual	staging_acceptance_gate	low	f	applied	APPLIED	f	2026-03-04 11:52:57.241697+00	2026-03-04 11:52:57.472353+00	2026-03-04 11:52:57.472353+00
7f02709f-6066-4048-b262-3976ba324805	89	gate-link-missing-sb-accept-low-20260304115255	gate-20260304T115256Z-14606	link_entities	{"intent": "link_entities", "dry_run": false, "payload": {"properties": {"source": "acceptance"}, "relation_type": "DEPENDS_ON", "to_natural_key": "endpoint:sb-missing-to-sb-accept-low-20260304115255.internal", "confidence_score": 0.9, "from_natural_key": "endpoint:sb-missing-from-sb-accept-low-20260304115255.internal"}, "trace_id": "gate-20260304T115256Z-14606", "source_id": "manual", "created_by": "staging_acceptance_gate", "risk_level": "low", "idempotency_key": "gate-link-missing-sb-accept-low-20260304115255"}	manual	staging_acceptance_gate	low	f	applied	APPLIED	f	2026-03-04 11:52:56.874165+00	2026-03-04 11:52:57.617305+00	2026-03-04 11:52:57.617305+00
5948f309-9fb3-4493-b640-bc4d783cc664	96	gemini-cli-skills-memory-1	gemini-incorporation-task	add_memory	{"intent": "add_memory", "dry_run": false, "payload": {"tags": ["memory:second-brain", "source:gemini", "contract:v1", "skills"], "title": "Gemini CLI and Agent Skills", "content": "Gemini CLI is installed on this VPS and has the following skills available in /root/.gemini/skills: 00-template, add-api-route, add-react-page, claude-agent-amuta-compliance-manager, claude-agent-architect, claude-agent-build-error-resolver, claude-agent-cloudflare-dns, claude-agent-code-reviewer, claude-agent-crm-accounting-compliance-manager, claude-agent-design-master, claude-agent-doc-updater, claude-agent-e2e-runner, claude-agent-gcloud-cli, claude-agent-n8n-automation, claude-agent-n8n-backup, claude-agent-n8n-credentials, claude-agent-n8n-doc-gen, claude-agent-n8n-monitor, claude-agent-n8n-node-builder, claude-agent-n8n-perf, claude-agent-n8n-resilience, claude-agent-n8n-security, claude-agent-n8n-test-runner, claude-agent-n8n-vcs, claude-agent-planner, claude-agent-refactor-cleaner, claude-agent-script-maker, claude-agent-second-brain-keeper, claude-agent-security-reviewer, claude-agent-takbull, claude-agent-tdd-guide, claude-skill-amuta-governance-implementation, claude-skill-amuta-nihul-takin, claude-skill-amuta-rasham-amutot-filings, claude-skill-backend-patterns, claude-skill-crm-accounting-compliance-orchestrator, claude-skill-frontend-patterns, claude-skill-gcloud-patterns, claude-skill-iterative-retrieval, claude-skill-n8n-node-builder-patterns, claude-skill-n8n-perf-patterns, claude-skill-n8n-resilience-patterns, claude-skill-n8n-security-patterns, claude-skill-n8n-testing-patterns, claude-skill-postgres-patterns, claude-skill-second-brain-ops, claude-skill-security-review, claude-skill-tdd-workflow, claude-skill-verification-loop, database-migration, deployment, directus-migration, getting-started, hostinger-vps-ops, n8n-automation, prd-creator, rbac-setup, script-runner, skill-maker, tables, terminal-ssh-vps, testing, ui. It operates in FULL_AUTO_GLOBAL mode. Agents can use these skills to manage VPS operations.", "ttl_policy": "review_30d", "confidence_score": 0.95, "source_path_or_url": "/root/.gemini/skills/", "entity_natural_keys": ["program:gemini:cli"]}, "trace_id": "gemini-incorporation-task", "source_id": "manual", "created_by": "gemini", "risk_level": "low", "idempotency_key": "gemini-cli-skills-memory-1"}	manual	gemini	low	f	applied	APPLIED	f	2026-03-04 17:37:56.839014+00	2026-03-04 17:54:29.522209+00	2026-03-04 17:54:29.522209+00
5077c821-7c4c-421c-98d0-08ae50303f63	93	gate-deprecate-endpoint:sb-missing-from-sb-accept-low-20260304115255.internal	gate-cleanup-20260304T115301Z-31653	deprecate	{"intent": "deprecate", "dry_run": false, "payload": {"entity_natural_key": "endpoint:sb-missing-from-sb-accept-low-20260304115255.internal"}, "trace_id": "gate-cleanup-20260304T115301Z-31653", "source_id": "manual", "created_by": "staging_acceptance_gate", "risk_level": "low", "idempotency_key": "gate-deprecate-endpoint:sb-missing-from-sb-accept-low-20260304115255.internal"}	manual	staging_acceptance_gate	low	f	applied	APPLIED	f	2026-03-04 11:53:01.615624+00	2026-03-04 11:53:01.715947+00	2026-03-04 11:53:01.715947+00
0d64c6ba-276d-4f73-9746-e1035c97aa9c	98	crm-accounting-receipt-audit-memory-20260304	crm-accounting-receipt-audit-trace-20260304	add_memory	{"intent": "add_memory", "dry_run": false, "payload": {"tags": ["memory:second-brain", "domain:crm-accounting", "artifact:receipt-audit", "source:manual"], "title": "HYCRM income receipt integrity audit baseline generated", "content": "Generated automated income receipt audit outputs: total income=964, missing document numbers=12, sequence anomalies=9, sampling queue=41. Added reusable script under crm-accounting-compliance-orchestrator skill and audit methodology reference.", "ttl_policy": "review_90d", "change_origin": "agent", "confidence_score": 0.96, "source_path_or_url": "/root/working/reports/receipt-audit", "entity_natural_keys": ["skill:/root/policies-repo/skills/external-ecc/crm-accounting-compliance-orchestrator/skill.md", "agent:/root/policies-repo/skills/external-ecc/agents/crm-accounting-compliance-manager.md", "service:hycrm-directus"]}, "trace_id": "crm-accounting-receipt-audit-trace-20260304", "source_id": "manual", "created_by": "codex", "risk_level": "low", "idempotency_key": "crm-accounting-receipt-audit-memory-20260304"}	manual	codex	low	f	applied	APPLIED	f	2026-03-04 19:03:13.087566+00	2026-03-04 19:03:13.367933+00	2026-03-04 19:03:13.367933+00
f7618115-b9a6-4b2a-8389-748a680dee12	94	gate-deprecate-endpoint:sb-missing-to-sb-accept-low-20260304115255.internal	gate-cleanup-20260304T115301Z-17589	deprecate	{"intent": "deprecate", "dry_run": false, "payload": {"entity_natural_key": "endpoint:sb-missing-to-sb-accept-low-20260304115255.internal"}, "trace_id": "gate-cleanup-20260304T115301Z-17589", "source_id": "manual", "created_by": "staging_acceptance_gate", "risk_level": "low", "idempotency_key": "gate-deprecate-endpoint:sb-missing-to-sb-accept-low-20260304115255.internal"}	manual	staging_acceptance_gate	low	f	applied	APPLIED	f	2026-03-04 11:53:01.835513+00	2026-03-04 11:53:01.954695+00	2026-03-04 11:53:01.954695+00
b549a1a7-f327-4214-8367-d8d316e5100c	99	b27cec7ed0205d37f85550a77f78092a234a236f442ea6f7c5453c28b9910e2d	a5e8bb9e-5f8d-4079-92d2-c8f35d134ed3	add_memory	{"trace": {"task": "n8n lesson media pipeline hardening", "timestamp": "2026-03-06T10:31:30Z"}, "intent": "add_memory", "source": "codex", "payload": {"tags": ["memory:ops", "service:n8n", "workflow:lesson-media-pipeline", "workflow:google-drive-watch-manager", "contract:v1"], "title": "n8n lesson media pipeline v2 hardening and Google Drive auth blocker", "content": "Updated live workflows Lesson Media Pipeline (Webhook) - v2 (Psi1HjqZw7Zpr1MN), Google Drive Watch Manager - v2 (rrYpd1ZPN5lwRuU9), and Video Pipeline - Error Handler (3da2c7ba-7ed5-4da7-b6af-96a843730aa3). Fixed missing Google Drive credential binding on watch manager, removed self-loop, standardized success/error envelopes, updated docs, and improved Google OAuth refresh diagnostics so failures now surface invalid_grant detail instead of generic 400. Verified error handler triggers successfully on watch-manager failures. Removed accidental RPC credential debug logging from live n8n runtime and source patch path, truncated sensitive Docker log output, and hardened email alert code to skip cleanly when curl is unavailable. Remaining blocker: Google Drive OAuth2 credential refresh token is expired or revoked; watch manager/manual smoke now fails with GOOGLE_AUTH_EXPIRED invalid_grant until the credential is reconnected in n8n UI.", "ttl_policy": "review_30d", "change_origin": "agent", "confidence_score": 0.95, "source_path_or_url": "/home/elron/services/n8n/workflows/lesson-video-pipeline-v2.json", "entity_natural_keys": []}, "risk_level": "low"}	\N	agent	low	f	applied	APPLIED	f	2026-03-06 10:32:25.051811+00	2026-03-06 10:32:28.006234+00	2026-03-06 10:32:28.006234+00
be6501cd-a631-490f-8f8b-37aeb07ef661	101	gate-medium-memory-sb-accept-low-20260306103315	gate-20260306T103316Z-1495	add_memory	{"intent": "add_memory", "dry_run": false, "payload": {"tags": ["memory:second-brain", "source:acceptance", "contract:v1"], "title": "Staging acceptance memory", "content": "Medium-risk memory proposal for acceptance gate.", "ttl_policy": "review_30d", "change_origin": "agent", "confidence_score": 0.8, "source_path_or_url": "/root/second-brain/scripts/run_staging_acceptance_gate.sh", "entity_natural_keys": ["service:sb-accept-low-20260306103315"]}, "trace_id": "gate-20260306T103316Z-1495", "source_id": "manual", "created_by": "staging_acceptance_gate", "risk_level": "medium", "idempotency_key": "gate-medium-memory-sb-accept-low-20260306103315"}	manual	staging_acceptance_gate	low	f	applied	APPLIED	f	2026-03-06 10:33:16.097195+00	2026-03-06 10:33:16.290614+00	2026-03-06 10:33:16.290614+00
df1853b1-dc89-4ce0-a5dd-6f6026020356	113	acct-ctrl-20260306-deprecate-hycrm-directus-manual	acct-ctrl-20260306-trace-deprecate-01	deprecate	{"intent": "deprecate", "dry_run": false, "payload": {"entity_natural_key": "service:manual:hycrm-directus"}, "trace_id": "acct-ctrl-20260306-trace-deprecate-01", "source_id": "manual", "created_by": "codex-gpt5", "risk_level": "low", "idempotency_key": "acct-ctrl-20260306-deprecate-hycrm-directus-manual"}	manual	codex-gpt5	low	f	applied	APPLIED	f	2026-03-06 13:11:38.437703+00	2026-03-06 13:11:50.405577+00	2026-03-06 13:11:50.405577+00
6a5f7924-84ba-4d38-a53e-4043a7e8926b	103	gate-create-from-sb-accept-low-20260306103315	gate-20260306T103316Z-22579	add_entity	{"intent": "add_entity", "dry_run": false, "payload": {"name": "sb-missing-from-sb-accept-low-20260306103315.internal", "properties": {"source": "acceptance"}, "entity_type": "endpoint", "external_ref": "sb-missing-from-sb-accept-low-20260306103315.internal"}, "trace_id": "gate-20260306T103316Z-22579", "source_id": "manual", "created_by": "staging_acceptance_gate", "risk_level": "low", "idempotency_key": "gate-create-from-sb-accept-low-20260306103315"}	manual	staging_acceptance_gate	low	f	applied	APPLIED	f	2026-03-06 10:33:16.858148+00	2026-03-06 10:33:17.069338+00	2026-03-06 10:33:17.069338+00
a2e51a47-4b3b-4b83-a810-83d30532ccc2	104	gate-create-to-sb-accept-low-20260306103315	gate-20260306T103316Z-30064	add_entity	{"intent": "add_entity", "dry_run": false, "payload": {"name": "sb-missing-to-sb-accept-low-20260306103315.internal", "properties": {"source": "acceptance"}, "entity_type": "endpoint", "external_ref": "sb-missing-to-sb-accept-low-20260306103315.internal"}, "trace_id": "gate-20260306T103316Z-30064", "source_id": "manual", "created_by": "staging_acceptance_gate", "risk_level": "low", "idempotency_key": "gate-create-to-sb-accept-low-20260306103315"}	manual	staging_acceptance_gate	low	f	applied	APPLIED	f	2026-03-06 10:33:16.970673+00	2026-03-06 10:33:17.154902+00	2026-03-06 10:33:17.154902+00
ba00bf1e-efc5-41a2-b90f-2d90d1335832	102	gate-link-missing-sb-accept-low-20260306103315	gate-20260306T103316Z-19842	link_entities	{"intent": "link_entities", "dry_run": false, "payload": {"properties": {"source": "acceptance"}, "relation_type": "DEPENDS_ON", "to_natural_key": "endpoint:sb-missing-to-sb-accept-low-20260306103315.internal", "confidence_score": 0.9, "from_natural_key": "endpoint:sb-missing-from-sb-accept-low-20260306103315.internal"}, "trace_id": "gate-20260306T103316Z-19842", "source_id": "manual", "created_by": "staging_acceptance_gate", "risk_level": "low", "idempotency_key": "gate-link-missing-sb-accept-low-20260306103315"}	manual	staging_acceptance_gate	low	f	applied	APPLIED	f	2026-03-06 10:33:16.565683+00	2026-03-06 10:33:17.259297+00	2026-03-06 10:33:17.259297+00
1bc197e6-f949-4169-b031-045407ea5740	106	gate-deprecate-endpoint:sb-missing-from-sb-accept-low-20260306103315.internal	gate-cleanup-20260306T103321Z-20081	deprecate	{"intent": "deprecate", "dry_run": false, "payload": {"entity_natural_key": "endpoint:sb-missing-from-sb-accept-low-20260306103315.internal"}, "trace_id": "gate-cleanup-20260306T103321Z-20081", "source_id": "manual", "created_by": "staging_acceptance_gate", "risk_level": "low", "idempotency_key": "gate-deprecate-endpoint:sb-missing-from-sb-accept-low-20260306103315.internal"}	manual	staging_acceptance_gate	low	f	applied	APPLIED	f	2026-03-06 10:33:21.678508+00	2026-03-06 10:33:21.757796+00	2026-03-06 10:33:21.757796+00
c830deee-9d0f-475e-8a58-5040642d3cb6	107	gate-deprecate-endpoint:sb-missing-to-sb-accept-low-20260306103315.internal	gate-cleanup-20260306T103321Z-16550	deprecate	{"intent": "deprecate", "dry_run": false, "payload": {"entity_natural_key": "endpoint:sb-missing-to-sb-accept-low-20260306103315.internal"}, "trace_id": "gate-cleanup-20260306T103321Z-16550", "source_id": "manual", "created_by": "staging_acceptance_gate", "risk_level": "low", "idempotency_key": "gate-deprecate-endpoint:sb-missing-to-sb-accept-low-20260306103315.internal"}	manual	staging_acceptance_gate	low	f	applied	APPLIED	f	2026-03-06 10:33:21.85677+00	2026-03-06 10:33:21.94027+00	2026-03-06 10:33:21.94027+00
c9abb9c7-728e-4264-8d55-d11f2107a490	108	cccb97c1f0ed39317da2684eb43253e88e62a804fbdea48a71139b66caf31dce	26835165-087c-4a88-9447-4caf0d3aed54	add_memory	{"trace": {"task": "n8n admin credential update", "timestamp": "2026-03-06T11:44:00Z"}, "intent": "add_memory", "source": "codex", "payload": {"tags": ["memory:ops", "service:n8n", "auth:admin", "contract:v1"], "title": "n8n owner account credential updated for coriatel@gmail.com", "content": "Updated the existing n8n owner account coriatel@gmail.com in the user table, kept role global:owner, verified account remains enabled and MFA disabled, and confirmed successful login via POST /rest/login with the user-provided password. Password value was not written to operational docs. Backup of the previous hashed row was stored under /home/elron/services/n8n/backups/admin-user/ with filesystem-only access.", "ttl_policy": "review_30d", "change_origin": "agent", "confidence_score": 0.98, "source_path_or_url": "/home/elron/services/n8n/backups/admin-user/", "entity_natural_keys": []}, "risk_level": "low"}	\N	agent	low	f	applied	APPLIED	f	2026-03-06 11:44:18.716805+00	2026-03-06 11:44:25.973506+00	2026-03-06 11:44:25.973506+00
7fba21b6-f232-48fa-a99f-cd85e4d3ba10	109	acct-ctrl-20260306-add-hycrm-directus	acct-ctrl-20260306-trace-entity-01	add_entity	{"intent": "add_entity", "dry_run": false, "payload": {"name": "hycrm-directus", "properties": {"role": "canonical-crm-accounting-store", "domain": "hoshen-yehuda", "platform": "directus"}, "entity_type": "service", "external_ref": "manual:hycrm-directus"}, "trace_id": "acct-ctrl-20260306-trace-entity-01", "source_id": "manual", "created_by": "codex-gpt5", "risk_level": "low", "idempotency_key": "acct-ctrl-20260306-add-hycrm-directus"}	manual	codex-gpt5	low	f	applied	APPLIED	f	2026-03-06 13:10:19.456698+00	2026-03-06 13:10:26.117821+00	2026-03-06 13:10:26.117821+00
27409d99-171c-4780-baaf-3d5c4f0cce71	110	acct-ctrl-20260306-add-takbull-api	acct-ctrl-20260306-trace-entity-02	add_entity	{"intent": "add_entity", "dry_run": false, "payload": {"name": "takbull-api", "properties": {"role": "receipt-and-document-api", "surface": "https://api.takbull.co.il/api/DocumentApi/Create", "provider": "takbull"}, "entity_type": "service", "external_ref": "manual:https://api.takbull.co.il"}, "trace_id": "acct-ctrl-20260306-trace-entity-02", "source_id": "manual", "created_by": "codex-gpt5", "risk_level": "low", "idempotency_key": "acct-ctrl-20260306-add-takbull-api"}	manual	codex-gpt5	low	f	applied	APPLIED	f	2026-03-06 13:10:19.52828+00	2026-03-06 13:10:26.197692+00	2026-03-06 13:10:26.197692+00
771a3c3e-532c-40b9-8d93-243da59459dd	112	acct-ctrl-20260306-link-hycrm-takbull	acct-ctrl-20260306-trace-link-01	link_entities	{"intent": "link_entities", "dry_run": false, "payload": {"properties": {"source": "manual", "purpose": "manifest-driven receipt backfill and accounting counter-doc fallback"}, "relation_type": "DEPENDS_ON", "to_natural_key": "service:manual:https://api.takbull.co.il", "confidence_score": 0.94, "from_natural_key": "service:hycrm-directus"}, "trace_id": "acct-ctrl-20260306-trace-link-01", "source_id": "manual", "created_by": "codex-gpt5", "risk_level": "low", "idempotency_key": "acct-ctrl-20260306-link-hycrm-takbull"}	manual	codex-gpt5	low	f	applied	APPLIED	f	2026-03-06 13:10:30.491038+00	2026-03-06 13:13:00.627464+00	2026-03-06 13:13:00.627464+00
d5768b6d-896e-499b-8dc2-bf4d08870cfe	118	gate-link-missing-sb-accept-low-20260306132612	gate-20260306T132613Z-9875	link_entities	{"intent": "link_entities", "dry_run": false, "payload": {"properties": {"source": "acceptance"}, "relation_type": "DEPENDS_ON", "to_natural_key": "endpoint:sb-missing-to-sb-accept-low-20260306132612.internal", "confidence_score": 0.9, "from_natural_key": "endpoint:sb-missing-from-sb-accept-low-20260306132612.internal"}, "trace_id": "gate-20260306T132613Z-9875", "source_id": "manual", "created_by": "staging_acceptance_gate", "risk_level": "low", "idempotency_key": "gate-link-missing-sb-accept-low-20260306132612"}	manual	staging_acceptance_gate	low	f	applied	APPLIED	f	2026-03-06 13:26:13.53928+00	2026-03-06 13:26:14.339177+00	2026-03-06 13:26:14.339177+00
e48a9819-40c6-4bf9-a1b4-71548aa42da8	111	acct-ctrl-20260306-memory-pack	acct-ctrl-20260306-trace-memory-01	add_memory	{"intent": "add_memory", "dry_run": false, "payload": {"tags": ["memory:second-brain", "source:manual", "contract:v1", "hoshen-yehuda", "accounting-control", "takbull"], "title": "Hoshen Yehuda accounting control pack for Takbull / Directus / EasyCount", "content": "Operational policy locked on 2026-03-06: pre-2026 receipt authority is EasyCount/manual only, while 2026+ receipt authority is Takbull. Canonical execution artifacts now live under /root/working/reports/receipt-audit/, including takbull_action_manifest.csv, directus_note_manifest.csv, and ACCOUNTING_CONTROL_IMPLEMENTATION_2026-03-06.md. Directus transactions.note was updated with the idempotent tag [ACCOUNTING_CTRL_2026-03-06]. New script /root/working/scripts/takbull_api_document_backfill.py stages Takbull API backfills with SendByEmail=false and blocks live execution unless approval_state=approved.", "ttl_policy": "review_30d", "change_origin": "agent", "confidence_score": 0.97, "source_path_or_url": "/root/working/reports/receipt-audit/ACCOUNTING_CONTROL_IMPLEMENTATION_2026-03-06.md", "entity_natural_keys": ["service:hycrm-directus", "service:takbull-api"]}, "trace_id": "acct-ctrl-20260306-trace-memory-01", "source_id": "manual", "created_by": "codex-gpt5", "risk_level": "medium", "idempotency_key": "acct-ctrl-20260306-memory-pack"}	manual	codex-gpt5	low	f	applied	APPLIED	f	2026-03-06 13:10:19.593786+00	2026-03-06 13:11:38.594312+00	2026-03-06 13:11:38.594312+00
effff16e-8bfa-4080-a3ab-f7605e627ff9	114	acct-ctrl-20260306-link-hycrm-takbull-corrected	acct-ctrl-20260306-trace-link-02	link_entities	{"intent": "link_entities", "dry_run": false, "payload": {"properties": {"source": "manual", "purpose": "manifest-driven Takbull document backfill"}, "relation_type": "DEPENDS_ON", "to_natural_key": "service:manual:https://api.takbull.co.il", "confidence_score": 0.96, "from_natural_key": "service:hycrm-directus"}, "trace_id": "acct-ctrl-20260306-trace-link-02", "source_id": "manual", "created_by": "codex-gpt5", "risk_level": "low", "idempotency_key": "acct-ctrl-20260306-link-hycrm-takbull-corrected"}	manual	codex-gpt5	low	f	applied	APPLIED	f	2026-03-06 13:11:38.551579+00	2026-03-06 13:11:50.368568+00	2026-03-06 13:11:50.368568+00
2c2755f6-57bc-4020-933f-8619d4d99b93	115	lesson-media-pipeline-v2-e2e-20260306T1324Z	codex-lesson-media-pipeline-v2-20260306T1324Z	add_memory	{"intent": "add_memory", "dry_run": false, "payload": {"tags": ["memory:n8n", "workflow:lesson-media-pipeline", "source:manual", "contract:v1"], "title": "Lesson Media Pipeline v2 validated end-to-end after Google Drive reconnect", "content": "Canonical n8n workflow pair is `Lesson Media Pipeline (Webhook) - v2` (`Psi1HjqZw7Zpr1MN`) plus `Google Drive Watch Manager - v2` (`rrYpd1ZPN5lwRuU9`). Google Drive OAuth2 was reconnected and the pipeline now passes audio and video smoke tests. Audio path confirmed via execution 807. Video path confirmed via executions 837 and 839 with `SUCCESS_VIDEO_COMPLETE`, `docxUploaded=true`, `vimeoTranscodeStatus=complete`, `vimeoThumbnailApplied=true`, and Vimeo player links generated. Key runtime fixes were raw Google Drive DOCX upload refresh handling, raw Vimeo thumbnail upload, raw Vimeo TUS upload, longer Vimeo transcode polling, and diagnostic completion gate output. If Google Imagen auth is unavailable, the pipeline falls back to a video-frame thumbnail and still completes successfully.", "ttl_policy": "review_30d", "change_origin": "human", "confidence_score": 0.97, "source_path_or_url": "/home/elron/services/n8n/workflows/lesson-video-pipeline-v2.json", "entity_natural_keys": ["service:n8n", "workflow:Psi1HjqZw7Zpr1MN", "workflow:rrYpd1ZPN5lwRuU9"]}, "trace_id": "codex-lesson-media-pipeline-v2-20260306T1324Z", "source_id": "manual", "created_by": "codex", "risk_level": "low", "idempotency_key": "lesson-media-pipeline-v2-e2e-20260306T1324Z"}	manual	codex	low	f	applied	APPLIED	f	2026-03-06 13:24:34.188995+00	2026-03-06 13:24:40.781877+00	2026-03-06 13:24:40.781877+00
1d6fce41-464f-46b8-9029-9fc9e11589f0	116	gate-low-add-entity-sb-accept-low-20260306132612	gate-20260306T132612Z-1865	add_entity	{"intent": "add_entity", "dry_run": false, "payload": {"name": "sb-accept-low-20260306132612", "properties": {"env": "staging", "gate": "acceptance", "owner": "platform"}, "entity_type": "service"}, "trace_id": "gate-20260306T132612Z-1865", "source_id": "manual", "created_by": "staging_acceptance_gate", "risk_level": "low", "idempotency_key": "gate-low-add-entity-sb-accept-low-20260306132612"}	manual	staging_acceptance_gate	low	f	applied	APPLIED	f	2026-03-06 13:26:12.354629+00	2026-03-06 13:26:12.550874+00	2026-03-06 13:26:12.550874+00
e68ae979-aa57-419d-ac70-ae00a62115b4	117	gate-medium-memory-sb-accept-low-20260306132612	gate-20260306T132612Z-9436	add_memory	{"intent": "add_memory", "dry_run": false, "payload": {"tags": ["memory:second-brain", "source:acceptance", "contract:v1"], "title": "Staging acceptance memory", "content": "Medium-risk memory proposal for acceptance gate.", "ttl_policy": "review_30d", "change_origin": "agent", "confidence_score": 0.8, "source_path_or_url": "/root/second-brain/scripts/run_staging_acceptance_gate.sh", "entity_natural_keys": ["service:sb-accept-low-20260306132612"]}, "trace_id": "gate-20260306T132612Z-9436", "source_id": "manual", "created_by": "staging_acceptance_gate", "risk_level": "medium", "idempotency_key": "gate-medium-memory-sb-accept-low-20260306132612"}	manual	staging_acceptance_gate	low	f	applied	APPLIED	f	2026-03-06 13:26:13.011998+00	2026-03-06 13:26:13.250704+00	2026-03-06 13:26:13.250704+00
a05dbe85-375a-47b9-a63e-e4df3b7e05ff	119	gate-create-from-sb-accept-low-20260306132612	gate-20260306T132613Z-11228	add_entity	{"intent": "add_entity", "dry_run": false, "payload": {"name": "sb-missing-from-sb-accept-low-20260306132612.internal", "properties": {"source": "acceptance"}, "entity_type": "endpoint", "external_ref": "sb-missing-from-sb-accept-low-20260306132612.internal"}, "trace_id": "gate-20260306T132613Z-11228", "source_id": "manual", "created_by": "staging_acceptance_gate", "risk_level": "low", "idempotency_key": "gate-create-from-sb-accept-low-20260306132612"}	manual	staging_acceptance_gate	low	f	applied	APPLIED	f	2026-03-06 13:26:13.855611+00	2026-03-06 13:26:14.087663+00	2026-03-06 13:26:14.087663+00
e272230f-34c0-4cbf-89f1-f9b2b21a44ba	120	gate-create-to-sb-accept-low-20260306132612	gate-20260306T132613Z-1369	add_entity	{"intent": "add_entity", "dry_run": false, "payload": {"name": "sb-missing-to-sb-accept-low-20260306132612.internal", "properties": {"source": "acceptance"}, "entity_type": "endpoint", "external_ref": "sb-missing-to-sb-accept-low-20260306132612.internal"}, "trace_id": "gate-20260306T132613Z-1369", "source_id": "manual", "created_by": "staging_acceptance_gate", "risk_level": "low", "idempotency_key": "gate-create-to-sb-accept-low-20260306132612"}	manual	staging_acceptance_gate	low	f	applied	APPLIED	f	2026-03-06 13:26:13.987024+00	2026-03-06 13:26:14.201502+00	2026-03-06 13:26:14.201502+00
b6b1fce8-d44e-4a64-bfeb-4b80735c8eda	121	gate-deprecate-service:sb-accept-low-20260306132612	gate-cleanup-20260306T132618Z-1298	deprecate	{"intent": "deprecate", "dry_run": false, "payload": {"entity_natural_key": "service:sb-accept-low-20260306132612"}, "trace_id": "gate-cleanup-20260306T132618Z-1298", "source_id": "manual", "created_by": "staging_acceptance_gate", "risk_level": "low", "idempotency_key": "gate-deprecate-service:sb-accept-low-20260306132612"}	manual	staging_acceptance_gate	low	f	applied	APPLIED	f	2026-03-06 13:26:18.314164+00	2026-03-06 13:26:18.408701+00	2026-03-06 13:26:18.408701+00
8c895cc1-b952-44e1-9242-56e74ab0e754	122	gate-deprecate-endpoint:sb-missing-from-sb-accept-low-20260306132612.internal	gate-cleanup-20260306T132618Z-24917	deprecate	{"intent": "deprecate", "dry_run": false, "payload": {"entity_natural_key": "endpoint:sb-missing-from-sb-accept-low-20260306132612.internal"}, "trace_id": "gate-cleanup-20260306T132618Z-24917", "source_id": "manual", "created_by": "staging_acceptance_gate", "risk_level": "low", "idempotency_key": "gate-deprecate-endpoint:sb-missing-from-sb-accept-low-20260306132612.internal"}	manual	staging_acceptance_gate	low	f	applied	APPLIED	f	2026-03-06 13:26:18.502118+00	2026-03-06 13:26:18.581648+00	2026-03-06 13:26:18.581648+00
828ec8fc-8887-4a9b-bd9b-d9e54c4044ac	123	gate-deprecate-endpoint:sb-missing-to-sb-accept-low-20260306132612.internal	gate-cleanup-20260306T132618Z-19017	deprecate	{"intent": "deprecate", "dry_run": false, "payload": {"entity_natural_key": "endpoint:sb-missing-to-sb-accept-low-20260306132612.internal"}, "trace_id": "gate-cleanup-20260306T132618Z-19017", "source_id": "manual", "created_by": "staging_acceptance_gate", "risk_level": "low", "idempotency_key": "gate-deprecate-endpoint:sb-missing-to-sb-accept-low-20260306132612.internal"}	manual	staging_acceptance_gate	low	f	applied	APPLIED	f	2026-03-06 13:26:18.674195+00	2026-03-06 13:26:18.777788+00	2026-03-06 13:26:18.777788+00
61164d5b-6cb1-474e-8940-08c6c93173aa	124	20260306-lesson-media-pipeline-v2-hardening-entity	20260306-lesson-media-pipeline-v2-hardening-entity	add_entity	{"intent": "add_entity", "dry_run": false, "payload": {"name": "Lesson Media Pipeline (Webhook) - v2", "properties": {"env": "prod", "path": "/home/elron/services/n8n/workflows/lesson-video-pipeline-v2.json", "contract": "v1", "platform": "n8n"}, "entity_type": "workflow", "external_ref": "Psi1HjqZw7Zpr1MN"}, "trace_id": "20260306-lesson-media-pipeline-v2-hardening-entity", "source_id": "manual", "created_by": "codex-cli", "risk_level": "low", "idempotency_key": "20260306-lesson-media-pipeline-v2-hardening-entity"}	manual	codex-cli	low	f	applied	APPLIED	f	2026-03-06 14:28:51.590132+00	2026-03-06 14:29:02.75068+00	2026-03-06 14:29:02.75068+00
6552680e-0380-44f8-81c9-a44a8694e042	140	gate-deprecate-service:sb-accept-low-20260306143505	gate-cleanup-20260306T143511Z-16389	deprecate	{"intent": "deprecate", "dry_run": false, "payload": {"entity_natural_key": "service:sb-accept-low-20260306143505"}, "trace_id": "gate-cleanup-20260306T143511Z-16389", "source_id": "manual", "created_by": "staging_acceptance_gate", "risk_level": "low", "idempotency_key": "gate-deprecate-service:sb-accept-low-20260306143505"}	manual	staging_acceptance_gate	low	f	applied	APPLIED	f	2026-03-06 14:35:12.108144+00	2026-03-06 14:35:12.224206+00	2026-03-06 14:35:12.224206+00
98d1c005-7aa5-49a0-bdc5-330cadcea508	141	gate-deprecate-endpoint:sb-missing-from-sb-accept-low-20260306143505.internal	gate-cleanup-20260306T143512Z-6141	deprecate	{"intent": "deprecate", "dry_run": false, "payload": {"entity_natural_key": "endpoint:sb-missing-from-sb-accept-low-20260306143505.internal"}, "trace_id": "gate-cleanup-20260306T143512Z-6141", "source_id": "manual", "created_by": "staging_acceptance_gate", "risk_level": "low", "idempotency_key": "gate-deprecate-endpoint:sb-missing-from-sb-accept-low-20260306143505.internal"}	manual	staging_acceptance_gate	low	f	applied	APPLIED	f	2026-03-06 14:35:12.328155+00	2026-03-06 14:35:12.418748+00	2026-03-06 14:35:12.418748+00
16ab8b31-7bdd-4e83-a11b-e1606a6171d3	142	gate-deprecate-endpoint:sb-missing-to-sb-accept-low-20260306143505.internal	gate-cleanup-20260306T143512Z-14229	deprecate	{"intent": "deprecate", "dry_run": false, "payload": {"entity_natural_key": "endpoint:sb-missing-to-sb-accept-low-20260306143505.internal"}, "trace_id": "gate-cleanup-20260306T143512Z-14229", "source_id": "manual", "created_by": "staging_acceptance_gate", "risk_level": "low", "idempotency_key": "gate-deprecate-endpoint:sb-missing-to-sb-accept-low-20260306143505.internal"}	manual	staging_acceptance_gate	low	f	applied	APPLIED	f	2026-03-06 14:35:12.523316+00	2026-03-06 14:35:12.617042+00	2026-03-06 14:35:12.617042+00
ca1f6770-cb02-403c-8e03-f57fc831aa83	144	n8n-smtp-alias-auth-split-2026-03-08-v2	codex-n8n-smtp-fix-2026-03-08-v2	add_memory	{"intent": "add_memory", "dry_run": false, "payload": {"tags": ["n8n", "smtp", "gmail-alias", "workspace", "env:prod"], "title": "n8n SMTP alias/auth split for hello@merkazneshama.co.il", "content": "Production n8n at auto.coriathost.cloud now sends SMTP with visible From hello@merkazneshama.co.il while authenticating to smtp.gmail.com as hoshenyehuda@gmail.com using a Google app password. The active workflows updated are Lesson Media Pipeline (Webhook) - v2 (Psi1HjqZw7Zpr1MN) and Video Pipeline - Error Handler (3da2c7ba-7ed5-4da7-b6af-96a843730aa3). Compose env was aligned with SMTP_FROM_EMAIL and SMTP_AUTH_USER, and smoke test sending from the n8n container succeeded.", "ttl_policy": "persistent", "change_origin": "agent", "confidence_score": 0.96, "source_path_or_url": "/home/elron/services/n8n/.env"}, "trace_id": "codex-n8n-smtp-fix-2026-03-08-v2", "source_id": "manual", "created_by": "codex", "risk_level": "low", "idempotency_key": "n8n-smtp-alias-auth-split-2026-03-08-v2"}	manual	codex	low	f	applied	APPLIED	f	2026-03-08 11:16:29.189058+00	2026-03-08 11:16:32.089482+00	2026-03-08 11:16:32.089482+00
fec3881b-f571-465a-8ee0-ecbf910fc8be	125	20260306-lesson-media-pipeline-v2-hardening-memory	20260306-lesson-media-pipeline-v2-hardening-memory	add_memory	{"intent": "add_memory", "dry_run": false, "payload": {"tags": ["memory:second-brain", "source:n8n", "contract:v1", "workflow", "smtp", "imagen"], "title": "Lesson Media Pipeline v2 hardening: Imagen + SMTP", "content": "Workflow Psi1HjqZw7Zpr1MN was updated to version c78b63a2-46d2-4606-8eff-3e314addcf1c. Imagen Generate 1/2 now bind to the existing Google Drive OAuth2 credential and classify Google failures as gcp_scope_insufficient, gcp_project_access_denied, or gcp_auth_invalid. Current Google OAuth refresh token still yields Drive-only scopes, and Vertex Imagen predict returns ACCESS_TOKEN_SCOPE_INSUFFICIENT until the credential is re-authorized with cloud-platform actually granted. Email notifications no longer depend on curl in the n8n runtime; the workflow now uses python3 SMTP. Current SMTP credentials in .env for hello@merkazneshama.co.il against smtp.gmail.com:465 fail with Gmail 535 BadCredentials, so email delivery still requires valid Workspace SMTP auth or app-password/relay remediation.", "ttl_policy": "review_30d", "change_origin": "agent", "confidence_score": 0.95, "source_path_or_url": "/home/elron/services/n8n/workflows/lesson-video-pipeline-v2.json", "entity_natural_keys": ["workflow:psi1hjqzw7zpr1mn"]}, "trace_id": "20260306-lesson-media-pipeline-v2-hardening-memory", "source_id": "manual", "created_by": "codex-cli", "risk_level": "low", "idempotency_key": "20260306-lesson-media-pipeline-v2-hardening-memory"}	manual	codex-cli	low	f	applied	APPLIED	f	2026-03-06 14:29:15.634983+00	2026-03-06 14:29:20.062726+00	2026-03-06 14:29:20.062726+00
7aa986fb-827a-4c09-8940-d36013a84b01	126	gate-low-add-entity-sb-accept-low-20260306143014	gate-20260306T143014Z-1685	add_entity	{"intent": "add_entity", "dry_run": false, "payload": {"name": "sb-accept-low-20260306143014", "properties": {"env": "staging", "gate": "acceptance", "owner": "platform"}, "entity_type": "service"}, "trace_id": "gate-20260306T143014Z-1685", "source_id": "manual", "created_by": "staging_acceptance_gate", "risk_level": "low", "idempotency_key": "gate-low-add-entity-sb-accept-low-20260306143014"}	manual	staging_acceptance_gate	low	f	applied	APPLIED	f	2026-03-06 14:30:14.773661+00	2026-03-06 14:30:14.90005+00	2026-03-06 14:30:14.90005+00
5c8ed1c8-c5a9-47e1-a1ee-8866030544db	127	gate-medium-memory-sb-accept-low-20260306143014	gate-20260306T143015Z-11442	add_memory	{"intent": "add_memory", "dry_run": false, "payload": {"tags": ["memory:second-brain", "source:acceptance", "contract:v1"], "title": "Staging acceptance memory", "content": "Medium-risk memory proposal for acceptance gate.", "ttl_policy": "review_30d", "change_origin": "agent", "confidence_score": 0.8, "source_path_or_url": "/root/second-brain/scripts/run_staging_acceptance_gate.sh", "entity_natural_keys": ["service:sb-accept-low-20260306143014"]}, "trace_id": "gate-20260306T143015Z-11442", "source_id": "manual", "created_by": "staging_acceptance_gate", "risk_level": "medium", "idempotency_key": "gate-medium-memory-sb-accept-low-20260306143014"}	manual	staging_acceptance_gate	low	f	applied	APPLIED	f	2026-03-06 14:30:15.384231+00	2026-03-06 14:30:15.579187+00	2026-03-06 14:30:15.579187+00
0e8c3c8c-5dfc-4c38-b962-86fa8cbc6eeb	129	gate-create-from-sb-accept-low-20260306143014	gate-20260306T143015Z-16382	add_entity	{"intent": "add_entity", "dry_run": false, "payload": {"name": "sb-missing-from-sb-accept-low-20260306143014.internal", "properties": {"source": "acceptance"}, "entity_type": "endpoint", "external_ref": "sb-missing-from-sb-accept-low-20260306143014.internal"}, "trace_id": "gate-20260306T143015Z-16382", "source_id": "manual", "created_by": "staging_acceptance_gate", "risk_level": "low", "idempotency_key": "gate-create-from-sb-accept-low-20260306143014"}	manual	staging_acceptance_gate	low	f	applied	APPLIED	f	2026-03-06 14:30:15.977016+00	2026-03-06 14:30:16.177407+00	2026-03-06 14:30:16.177407+00
2f921aab-6481-44e5-9072-0ee6d09db16b	130	gate-create-to-sb-accept-low-20260306143014	gate-20260306T143015Z-6590	add_entity	{"intent": "add_entity", "dry_run": false, "payload": {"name": "sb-missing-to-sb-accept-low-20260306143014.internal", "properties": {"source": "acceptance"}, "entity_type": "endpoint", "external_ref": "sb-missing-to-sb-accept-low-20260306143014.internal"}, "trace_id": "gate-20260306T143015Z-6590", "source_id": "manual", "created_by": "staging_acceptance_gate", "risk_level": "low", "idempotency_key": "gate-create-to-sb-accept-low-20260306143014"}	manual	staging_acceptance_gate	low	f	applied	APPLIED	f	2026-03-06 14:30:16.069319+00	2026-03-06 14:30:16.293145+00	2026-03-06 14:30:16.293145+00
912f29a9-9403-43f4-8686-519a5ebf1c0e	128	gate-link-missing-sb-accept-low-20260306143014	gate-20260306T143015Z-30949	link_entities	{"intent": "link_entities", "dry_run": false, "payload": {"properties": {"source": "acceptance"}, "relation_type": "DEPENDS_ON", "to_natural_key": "endpoint:sb-missing-to-sb-accept-low-20260306143014.internal", "confidence_score": 0.9, "from_natural_key": "endpoint:sb-missing-from-sb-accept-low-20260306143014.internal"}, "trace_id": "gate-20260306T143015Z-30949", "source_id": "manual", "created_by": "staging_acceptance_gate", "risk_level": "low", "idempotency_key": "gate-link-missing-sb-accept-low-20260306143014"}	manual	staging_acceptance_gate	low	f	applied	APPLIED	f	2026-03-06 14:30:15.770698+00	2026-03-06 14:30:16.414579+00	2026-03-06 14:30:16.414579+00
ae6aca31-823e-4735-81a3-e5d8647ec03d	131	gate-deprecate-service:sb-accept-low-20260306143014	gate-cleanup-20260306T143020Z-18832	deprecate	{"intent": "deprecate", "dry_run": false, "payload": {"entity_natural_key": "service:sb-accept-low-20260306143014"}, "trace_id": "gate-cleanup-20260306T143020Z-18832", "source_id": "manual", "created_by": "staging_acceptance_gate", "risk_level": "low", "idempotency_key": "gate-deprecate-service:sb-accept-low-20260306143014"}	manual	staging_acceptance_gate	low	f	applied	APPLIED	f	2026-03-06 14:30:20.153348+00	2026-03-06 14:30:20.235947+00	2026-03-06 14:30:20.235947+00
7e221b6f-ad72-4e51-9309-1ba37523d0e2	132	gate-deprecate-endpoint:sb-missing-from-sb-accept-low-20260306143014.internal	gate-cleanup-20260306T143020Z-8306	deprecate	{"intent": "deprecate", "dry_run": false, "payload": {"entity_natural_key": "endpoint:sb-missing-from-sb-accept-low-20260306143014.internal"}, "trace_id": "gate-cleanup-20260306T143020Z-8306", "source_id": "manual", "created_by": "staging_acceptance_gate", "risk_level": "low", "idempotency_key": "gate-deprecate-endpoint:sb-missing-from-sb-accept-low-20260306143014.internal"}	manual	staging_acceptance_gate	low	f	applied	APPLIED	f	2026-03-06 14:30:20.343436+00	2026-03-06 14:30:20.430017+00	2026-03-06 14:30:20.430017+00
b194f978-b8bd-4c07-bc0e-6e3ed93f7494	133	gate-deprecate-endpoint:sb-missing-to-sb-accept-low-20260306143014.internal	gate-cleanup-20260306T143020Z-13707	deprecate	{"intent": "deprecate", "dry_run": false, "payload": {"entity_natural_key": "endpoint:sb-missing-to-sb-accept-low-20260306143014.internal"}, "trace_id": "gate-cleanup-20260306T143020Z-13707", "source_id": "manual", "created_by": "staging_acceptance_gate", "risk_level": "low", "idempotency_key": "gate-deprecate-endpoint:sb-missing-to-sb-accept-low-20260306143014.internal"}	manual	staging_acceptance_gate	low	f	applied	APPLIED	f	2026-03-06 14:30:20.531167+00	2026-03-06 14:30:20.617285+00	2026-03-06 14:30:20.617285+00
88c09b5f-ecd9-4719-b9d5-6d8a8ba9c0ef	134	20260306-lesson-media-pipeline-v2-hardening-memory-update	20260306-lesson-media-pipeline-v2-hardening-memory-update	update_memory	{"intent": "update_memory", "dry_run": false, "payload": {"tags": ["memory:second-brain", "source:n8n", "contract:v1", "workflow", "smtp", "imagen"], "content": "Workflow Psi1HjqZw7Zpr1MN was updated to version 60d4be99-19c1-48e9-bd5e-3a2e37c7cf16. Imagen Generate 1/2 now bind to the existing Google Drive OAuth2 credential and classify Google failures as gcp_scope_insufficient, gcp_project_access_denied, or gcp_auth_invalid. Current Google OAuth refresh token still yields Drive-only scopes, and Vertex Imagen predict returns ACCESS_TOKEN_SCOPE_INSUFFICIENT until the credential is re-authorized with cloud-platform actually granted. Email notifications no longer depend on curl in the n8n runtime; the workflow now uses python3 SMTP and also supports IP-allowlisted relay mode via SMTP_ALLOW_NO_AUTH=true while keeping SMTP_USER as the From address. Current SMTP credentials in .env for hello@merkazneshama.co.il against smtp.gmail.com:465 still fail with Gmail 535 BadCredentials, so email delivery requires either valid Workspace SMTP auth/app password or an IP-allowlisted Workspace relay configuration.", "memory_id": "8c29292d-becd-4918-8407-91c35ed819f7", "ttl_policy": "review_30d", "approval_state": "applied", "confidence_score": 0.96, "source_path_or_url": "/home/elron/services/n8n/workflows/lesson-video-pipeline-v2.json"}, "trace_id": "20260306-lesson-media-pipeline-v2-hardening-memory-update", "source_id": "manual", "created_by": "codex-cli", "risk_level": "low", "idempotency_key": "20260306-lesson-media-pipeline-v2-hardening-memory-update"}	manual	codex-cli	low	f	applied	APPLIED	f	2026-03-06 14:34:41.897813+00	2026-03-06 14:34:47.727827+00	2026-03-06 14:34:47.727827+00
1da4f89b-9cb9-488c-a195-1c1c1a7c19a8	135	gate-low-add-entity-sb-accept-low-20260306143505	gate-20260306T143505Z-9985	add_entity	{"intent": "add_entity", "dry_run": false, "payload": {"name": "sb-accept-low-20260306143505", "properties": {"env": "staging", "gate": "acceptance", "owner": "platform"}, "entity_type": "service"}, "trace_id": "gate-20260306T143505Z-9985", "source_id": "manual", "created_by": "staging_acceptance_gate", "risk_level": "low", "idempotency_key": "gate-low-add-entity-sb-accept-low-20260306143505"}	manual	staging_acceptance_gate	low	f	applied	APPLIED	f	2026-03-06 14:35:05.806671+00	2026-03-06 14:35:05.95499+00	2026-03-06 14:35:05.95499+00
cefa34fa-a9ba-4061-bdcc-8257fe07db8a	136	gate-medium-memory-sb-accept-low-20260306143505	gate-20260306T143506Z-20409	add_memory	{"intent": "add_memory", "dry_run": false, "payload": {"tags": ["memory:second-brain", "source:acceptance", "contract:v1"], "title": "Staging acceptance memory", "content": "Medium-risk memory proposal for acceptance gate.", "ttl_policy": "review_30d", "change_origin": "agent", "confidence_score": 0.8, "source_path_or_url": "/root/second-brain/scripts/run_staging_acceptance_gate.sh", "entity_natural_keys": ["service:sb-accept-low-20260306143505"]}, "trace_id": "gate-20260306T143506Z-20409", "source_id": "manual", "created_by": "staging_acceptance_gate", "risk_level": "medium", "idempotency_key": "gate-medium-memory-sb-accept-low-20260306143505"}	manual	staging_acceptance_gate	low	f	applied	APPLIED	f	2026-03-06 14:35:06.330771+00	2026-03-06 14:35:06.572135+00	2026-03-06 14:35:06.572135+00
df90dbf9-483b-4834-b547-8c5122c7699c	138	gate-create-from-sb-accept-low-20260306143505	gate-20260306T143507Z-18807	add_entity	{"intent": "add_entity", "dry_run": false, "payload": {"name": "sb-missing-from-sb-accept-low-20260306143505.internal", "properties": {"source": "acceptance"}, "entity_type": "endpoint", "external_ref": "sb-missing-from-sb-accept-low-20260306143505.internal"}, "trace_id": "gate-20260306T143507Z-18807", "source_id": "manual", "created_by": "staging_acceptance_gate", "risk_level": "low", "idempotency_key": "gate-create-from-sb-accept-low-20260306143505"}	manual	staging_acceptance_gate	low	f	applied	APPLIED	f	2026-03-06 14:35:07.201141+00	2026-03-06 14:35:07.446583+00	2026-03-06 14:35:07.446583+00
f20fdd3d-9937-41f5-9b98-eebe4d9e7b5b	139	gate-create-to-sb-accept-low-20260306143505	gate-20260306T143507Z-7709	add_entity	{"intent": "add_entity", "dry_run": false, "payload": {"name": "sb-missing-to-sb-accept-low-20260306143505.internal", "properties": {"source": "acceptance"}, "entity_type": "endpoint", "external_ref": "sb-missing-to-sb-accept-low-20260306143505.internal"}, "trace_id": "gate-20260306T143507Z-7709", "source_id": "manual", "created_by": "staging_acceptance_gate", "risk_level": "low", "idempotency_key": "gate-create-to-sb-accept-low-20260306143505"}	manual	staging_acceptance_gate	low	f	applied	APPLIED	f	2026-03-06 14:35:07.315356+00	2026-03-06 14:35:07.643684+00	2026-03-06 14:35:07.643684+00
103c9e72-c624-4fb4-941b-07036762adad	137	gate-link-missing-sb-accept-low-20260306143505	gate-20260306T143506Z-31565	link_entities	{"intent": "link_entities", "dry_run": false, "payload": {"properties": {"source": "acceptance"}, "relation_type": "DEPENDS_ON", "to_natural_key": "endpoint:sb-missing-to-sb-accept-low-20260306143505.internal", "confidence_score": 0.9, "from_natural_key": "endpoint:sb-missing-from-sb-accept-low-20260306143505.internal"}, "trace_id": "gate-20260306T143506Z-31565", "source_id": "manual", "created_by": "staging_acceptance_gate", "risk_level": "low", "idempotency_key": "gate-link-missing-sb-accept-low-20260306143505"}	manual	staging_acceptance_gate	low	f	applied	APPLIED	f	2026-03-06 14:35:06.884647+00	2026-03-06 14:35:07.788553+00	2026-03-06 14:35:07.788553+00
c6cf1ef3-d8b5-4f46-a636-df24060ce79a	143	n8n-smtp-alias-auth-split-2026-03-08	codex-n8n-smtp-fix-2026-03-08	add_memory	{"intent": "add_memory", "dry_run": false, "payload": {"tags": ["n8n", "smtp", "gmail-alias", "workspace", "env:prod"], "title": "n8n SMTP alias/auth split for hello@merkazneshama.co.il", "content": "Production n8n at auto.coriathost.cloud now sends SMTP with visible From hello@merkazneshama.co.il while authenticating to smtp.gmail.com as hoshenyehuda@gmail.com using a Google app password. The active workflows updated are Lesson Media Pipeline (Webhook) - v2 (Psi1HjqZw7Zpr1MN) and Video Pipeline - Error Handler (3da2c7ba-7ed5-4da7-b6af-96a843730aa3). Compose env was aligned with SMTP_FROM_EMAIL and SMTP_AUTH_USER, and smoke test sending from the n8n container succeeded.", "ttl_policy": "persistent", "change_origin": "codex", "confidence_score": 0.96, "source_path_or_url": "/home/elron/services/n8n/.env"}, "trace_id": "codex-n8n-smtp-fix-2026-03-08", "source_id": "manual", "created_by": "codex", "risk_level": "low", "idempotency_key": "n8n-smtp-alias-auth-split-2026-03-08"}	manual	codex	low	f	rejected	SUPERSEDED_BY_ca1f6770-cb02-403c-8e03-f57fc831aa83	f	2026-03-08 11:15:57.493304+00	\N	2026-03-08 11:16:42.662432+00
dac7b180-60c0-439c-b2e4-0ae01de17376	145	gate-low-add-entity-sb-accept-low-20260308111708	gate-20260308T111708Z-25191	add_entity	{"intent": "add_entity", "dry_run": false, "payload": {"name": "sb-accept-low-20260308111708", "properties": {"env": "staging", "gate": "acceptance", "owner": "platform"}, "entity_type": "service"}, "trace_id": "gate-20260308T111708Z-25191", "source_id": "manual", "created_by": "staging_acceptance_gate", "risk_level": "low", "idempotency_key": "gate-low-add-entity-sb-accept-low-20260308111708"}	manual	staging_acceptance_gate	low	f	applied	APPLIED	f	2026-03-08 11:17:08.259317+00	2026-03-08 11:17:08.331433+00	2026-03-08 11:17:08.331433+00
2d4088dd-1b93-48bd-86aa-fcd371dff384	146	gate-medium-memory-sb-accept-low-20260308111708	gate-20260308T111708Z-6487	add_memory	{"intent": "add_memory", "dry_run": false, "payload": {"tags": ["memory:second-brain", "source:acceptance", "contract:v1"], "title": "Staging acceptance memory", "content": "Medium-risk memory proposal for acceptance gate.", "ttl_policy": "review_30d", "change_origin": "agent", "confidence_score": 0.8, "source_path_or_url": "/root/second-brain/scripts/run_staging_acceptance_gate.sh", "entity_natural_keys": ["service:sb-accept-low-20260308111708"]}, "trace_id": "gate-20260308T111708Z-6487", "source_id": "manual", "created_by": "staging_acceptance_gate", "risk_level": "medium", "idempotency_key": "gate-medium-memory-sb-accept-low-20260308111708"}	manual	staging_acceptance_gate	low	f	applied	APPLIED	f	2026-03-08 11:17:08.589313+00	2026-03-08 11:17:08.753397+00	2026-03-08 11:17:08.753397+00
c08c45d2-ab78-4a07-96b1-c42c4b10e760	148	gate-create-from-sb-accept-low-20260308111708	gate-20260308T111709Z-12102	add_entity	{"intent": "add_entity", "dry_run": false, "payload": {"name": "sb-missing-from-sb-accept-low-20260308111708.internal", "properties": {"source": "acceptance"}, "entity_type": "endpoint", "external_ref": "sb-missing-from-sb-accept-low-20260308111708.internal"}, "trace_id": "gate-20260308T111709Z-12102", "source_id": "manual", "created_by": "staging_acceptance_gate", "risk_level": "low", "idempotency_key": "gate-create-from-sb-accept-low-20260308111708"}	manual	staging_acceptance_gate	low	f	applied	APPLIED	f	2026-03-08 11:17:09.118604+00	2026-03-08 11:17:09.298957+00	2026-03-08 11:17:09.298957+00
85679270-8da7-4c6e-b714-38dacd545a75	149	gate-create-to-sb-accept-low-20260308111708	gate-20260308T111709Z-13339	add_entity	{"intent": "add_entity", "dry_run": false, "payload": {"name": "sb-missing-to-sb-accept-low-20260308111708.internal", "properties": {"source": "acceptance"}, "entity_type": "endpoint", "external_ref": "sb-missing-to-sb-accept-low-20260308111708.internal"}, "trace_id": "gate-20260308T111709Z-13339", "source_id": "manual", "created_by": "staging_acceptance_gate", "risk_level": "low", "idempotency_key": "gate-create-to-sb-accept-low-20260308111708"}	manual	staging_acceptance_gate	low	f	applied	APPLIED	f	2026-03-08 11:17:09.213217+00	2026-03-08 11:17:09.388159+00	2026-03-08 11:17:09.388159+00
20aa7c06-afd4-4822-a913-7a053500cd56	147	gate-link-missing-sb-accept-low-20260308111708	gate-20260308T111708Z-29801	link_entities	{"intent": "link_entities", "dry_run": false, "payload": {"properties": {"source": "acceptance"}, "relation_type": "DEPENDS_ON", "to_natural_key": "endpoint:sb-missing-to-sb-accept-low-20260308111708.internal", "confidence_score": 0.9, "from_natural_key": "endpoint:sb-missing-from-sb-accept-low-20260308111708.internal"}, "trace_id": "gate-20260308T111708Z-29801", "source_id": "manual", "created_by": "staging_acceptance_gate", "risk_level": "low", "idempotency_key": "gate-link-missing-sb-accept-low-20260308111708"}	manual	staging_acceptance_gate	low	f	applied	APPLIED	f	2026-03-08 11:17:08.9202+00	2026-03-08 11:17:09.479046+00	2026-03-08 11:17:09.479046+00
279151b9-c329-4164-94f2-a99b414d0d7e	150	gate-deprecate-service:sb-accept-low-20260308111708	gate-cleanup-20260308T111713Z-7472	deprecate	{"intent": "deprecate", "dry_run": false, "payload": {"entity_natural_key": "service:sb-accept-low-20260308111708"}, "trace_id": "gate-cleanup-20260308T111713Z-7472", "source_id": "manual", "created_by": "staging_acceptance_gate", "risk_level": "low", "idempotency_key": "gate-deprecate-service:sb-accept-low-20260308111708"}	manual	staging_acceptance_gate	low	f	applied	APPLIED	f	2026-03-08 11:17:13.124596+00	2026-03-08 11:17:13.248356+00	2026-03-08 11:17:13.248356+00
bd6fa6f3-9181-440f-8a98-8a767af6a104	151	gate-deprecate-endpoint:sb-missing-from-sb-accept-low-20260308111708.internal	gate-cleanup-20260308T111713Z-13200	deprecate	{"intent": "deprecate", "dry_run": false, "payload": {"entity_natural_key": "endpoint:sb-missing-from-sb-accept-low-20260308111708.internal"}, "trace_id": "gate-cleanup-20260308T111713Z-13200", "source_id": "manual", "created_by": "staging_acceptance_gate", "risk_level": "low", "idempotency_key": "gate-deprecate-endpoint:sb-missing-from-sb-accept-low-20260308111708.internal"}	manual	staging_acceptance_gate	low	f	applied	APPLIED	f	2026-03-08 11:17:13.34481+00	2026-03-08 11:17:13.432526+00	2026-03-08 11:17:13.432526+00
c27addea-a850-4a01-a71c-3fc76aeaa73b	152	gate-deprecate-endpoint:sb-missing-to-sb-accept-low-20260308111708.internal	gate-cleanup-20260308T111713Z-2810	deprecate	{"intent": "deprecate", "dry_run": false, "payload": {"entity_natural_key": "endpoint:sb-missing-to-sb-accept-low-20260308111708.internal"}, "trace_id": "gate-cleanup-20260308T111713Z-2810", "source_id": "manual", "created_by": "staging_acceptance_gate", "risk_level": "low", "idempotency_key": "gate-deprecate-endpoint:sb-missing-to-sb-accept-low-20260308111708.internal"}	manual	staging_acceptance_gate	low	f	applied	APPLIED	f	2026-03-08 11:17:13.549126+00	2026-03-08 11:17:13.645085+00	2026-03-08 11:17:13.645085+00
\.


--
-- Data for Name: update_outcomes; Type: TABLE DATA; Schema: second_brain; Owner: postgres
--

COPY second_brain.update_outcomes (outcome_id, event_id, outcome_state, code, message, payload, created_at) FROM stdin;
1	9fa3226e-9fec-4325-ae34-ca82bbeaf455	received	EVENT_JOURNALED	Event persisted to immutable journal	{"trace_id": "6c0d1e43-3a4b-403c-a1bd-e414925e3b5e", "idempotency_key": "262e559052fcb83ad8dcc83c11e00d49e278fe07f396b7a1a30448f9a8557745"}	2026-02-27 09:50:13.341578+00
2	9fa3226e-9fec-4325-ae34-ca82bbeaf455	dead_letter	APPLY_FAILED	from_entity and to_entity are required and must exist	{"error": "from_entity and to_entity are required and must exist"}	2026-02-27 09:50:13.341578+00
3	9fa3226e-9fec-4325-ae34-ca82bbeaf455	duplicate	DUPLICATE_EVENT	Event already exists in journal	{"idempotency_key": "262e559052fcb83ad8dcc83c11e00d49e278fe07f396b7a1a30448f9a8557745"}	2026-02-27 09:50:13.341578+00
4	9fa3226e-9fec-4325-ae34-ca82bbeaf455	dead_letter	APPLY_FAILED	from_entity and to_entity are required and must exist	{"error": "from_entity and to_entity are required and must exist"}	2026-02-27 09:50:13.341578+00
5	79b613cb-51d0-499b-8075-9d51fad94e9d	received	EVENT_JOURNALED	Event persisted to immutable journal	{"trace_id": "f8dbc493-3b29-448b-b6a7-4d8aa3119708", "idempotency_key": "ca3fc78b31b0c23a6cdd61d6f407432e8aedd10eeaae5ca747b8eaadcdcf2493"}	2026-02-27 09:50:13.341578+00
6	79b613cb-51d0-499b-8075-9d51fad94e9d	dead_letter	APPLY_FAILED	from_entity and to_entity are required and must exist	{"error": "from_entity and to_entity are required and must exist"}	2026-02-27 09:50:13.341578+00
7	39b7bb85-543d-4a28-bdde-ced5e2edf656	received	EVENT_JOURNALED	Event persisted to immutable journal	{"trace_id": "7b098204-6e26-4a4a-b182-08d125a1e7a9", "idempotency_key": "c11cba8c415dae4ce68bc03f45dd9b3a7311027c86e75cda673ba0e14ca87f57"}	2026-02-27 09:50:13.341578+00
8	39b7bb85-543d-4a28-bdde-ced5e2edf656	dead_letter	APPLY_FAILED	from_entity and to_entity are required and must exist	{"error": "from_entity and to_entity are required and must exist"}	2026-02-27 09:50:13.341578+00
9	9fa3226e-9fec-4325-ae34-ca82bbeaf455	duplicate	DUPLICATE_EVENT	Event already exists in journal	{"idempotency_key": "262e559052fcb83ad8dcc83c11e00d49e278fe07f396b7a1a30448f9a8557745"}	2026-02-27 09:50:51.800587+00
10	9fa3226e-9fec-4325-ae34-ca82bbeaf455	dead_letter	APPLY_FAILED	from_entity and to_entity are required and must exist	{"error": "from_entity and to_entity are required and must exist"}	2026-02-27 09:50:51.800587+00
11	9fa3226e-9fec-4325-ae34-ca82bbeaf455	duplicate	DUPLICATE_EVENT	Event already exists in journal	{"idempotency_key": "262e559052fcb83ad8dcc83c11e00d49e278fe07f396b7a1a30448f9a8557745"}	2026-02-27 09:50:51.800587+00
12	9fa3226e-9fec-4325-ae34-ca82bbeaf455	dead_letter	APPLY_FAILED	from_entity and to_entity are required and must exist	{"error": "from_entity and to_entity are required and must exist"}	2026-02-27 09:50:51.800587+00
13	79b613cb-51d0-499b-8075-9d51fad94e9d	duplicate	DUPLICATE_EVENT	Event already exists in journal	{"idempotency_key": "ca3fc78b31b0c23a6cdd61d6f407432e8aedd10eeaae5ca747b8eaadcdcf2493"}	2026-02-27 09:50:51.800587+00
14	79b613cb-51d0-499b-8075-9d51fad94e9d	dead_letter	APPLY_FAILED	from_entity and to_entity are required and must exist	{"error": "from_entity and to_entity are required and must exist"}	2026-02-27 09:50:51.800587+00
15	39b7bb85-543d-4a28-bdde-ced5e2edf656	duplicate	DUPLICATE_EVENT	Event already exists in journal	{"idempotency_key": "c11cba8c415dae4ce68bc03f45dd9b3a7311027c86e75cda673ba0e14ca87f57"}	2026-02-27 09:50:51.800587+00
16	39b7bb85-543d-4a28-bdde-ced5e2edf656	dead_letter	APPLY_FAILED	from_entity and to_entity are required and must exist	{"error": "from_entity and to_entity are required and must exist"}	2026-02-27 09:50:51.800587+00
17	9fa3226e-9fec-4325-ae34-ca82bbeaf455	duplicate	DUPLICATE_EVENT	Event already exists in journal	{"idempotency_key": "262e559052fcb83ad8dcc83c11e00d49e278fe07f396b7a1a30448f9a8557745"}	2026-02-27 09:51:14.175228+00
18	9fa3226e-9fec-4325-ae34-ca82bbeaf455	dead_letter	APPLY_FAILED	from_entity and to_entity are required and must exist	{"error": "from_entity and to_entity are required and must exist"}	2026-02-27 09:51:14.175228+00
19	9fa3226e-9fec-4325-ae34-ca82bbeaf455	duplicate	DUPLICATE_EVENT	Event already exists in journal	{"idempotency_key": "262e559052fcb83ad8dcc83c11e00d49e278fe07f396b7a1a30448f9a8557745"}	2026-02-27 09:51:14.175228+00
20	9fa3226e-9fec-4325-ae34-ca82bbeaf455	dead_letter	APPLY_FAILED	from_entity and to_entity are required and must exist	{"error": "from_entity and to_entity are required and must exist"}	2026-02-27 09:51:14.175228+00
21	79b613cb-51d0-499b-8075-9d51fad94e9d	duplicate	DUPLICATE_EVENT	Event already exists in journal	{"idempotency_key": "ca3fc78b31b0c23a6cdd61d6f407432e8aedd10eeaae5ca747b8eaadcdcf2493"}	2026-02-27 09:51:14.175228+00
22	79b613cb-51d0-499b-8075-9d51fad94e9d	dead_letter	APPLY_FAILED	from_entity and to_entity are required and must exist	{"error": "from_entity and to_entity are required and must exist"}	2026-02-27 09:51:14.175228+00
23	39b7bb85-543d-4a28-bdde-ced5e2edf656	duplicate	DUPLICATE_EVENT	Event already exists in journal	{"idempotency_key": "c11cba8c415dae4ce68bc03f45dd9b3a7311027c86e75cda673ba0e14ca87f57"}	2026-02-27 09:51:14.175228+00
24	39b7bb85-543d-4a28-bdde-ced5e2edf656	dead_letter	APPLY_FAILED	from_entity and to_entity are required and must exist	{"error": "from_entity and to_entity are required and must exist"}	2026-02-27 09:51:14.175228+00
25	1fea411c-454d-4fea-bc95-89e20bb75c8b	received	EVENT_JOURNALED	Event persisted to immutable journal	{"trace_id": "example-trace-001", "idempotency_key": "example-add-entity-001"}	2026-02-27 09:51:41.001323+00
26	1fea411c-454d-4fea-bc95-89e20bb75c8b	applied	ENTITY_UPSERTED	Event applied successfully	{"code": "ENTITY_UPSERTED", "entity_id": "0e495eb0-c8fe-4387-833c-8e0c4458def6"}	2026-02-27 09:51:46.365753+00
27	e44b4929-1b52-4c4e-947c-c54a56888b1f	received	EVENT_JOURNALED	Event persisted to immutable journal	{"trace_id": "example-trace-003", "idempotency_key": "example-add-memory-001"}	2026-02-27 09:51:55.648713+00
28	e44b4929-1b52-4c4e-947c-c54a56888b1f	duplicate	DUPLICATE_EVENT	Event already exists in journal	{"idempotency_key": "example-add-memory-001"}	2026-02-27 09:51:55.660801+00
29	e44b4929-1b52-4c4e-947c-c54a56888b1f	proposed	REVIEW_REQUIRED	Event requires review before apply	{}	2026-02-27 09:51:55.761949+00
30	e44b4929-1b52-4c4e-947c-c54a56888b1f	applied	MEMORY_ADDED	Event applied successfully	{"code": "MEMORY_ADDED", "memory_id": "7354689f-198b-46f6-8c8b-a8983e86d0ff"}	2026-02-27 09:51:59.271758+00
31	9fa3226e-9fec-4325-ae34-ca82bbeaf455	dead_letter	APPLY_FAILED	from_entity and to_entity are required and must exist	{"error": "from_entity and to_entity are required and must exist"}	2026-02-27 09:52:08.305231+00
32	79b613cb-51d0-499b-8075-9d51fad94e9d	dead_letter	APPLY_FAILED	from_entity and to_entity are required and must exist	{"error": "from_entity and to_entity are required and must exist"}	2026-02-27 09:52:08.305231+00
33	39b7bb85-543d-4a28-bdde-ced5e2edf656	duplicate	DUPLICATE_EVENT	Event already exists in journal	{"idempotency_key": "c11cba8c415dae4ce68bc03f45dd9b3a7311027c86e75cda673ba0e14ca87f57"}	2026-02-27 09:54:27.091195+00
34	39b7bb85-543d-4a28-bdde-ced5e2edf656	dead_letter	APPLY_FAILED	from_entity and to_entity are required and must exist	{"error": "from_entity and to_entity are required and must exist"}	2026-02-27 09:54:27.091195+00
35	9fa3226e-9fec-4325-ae34-ca82bbeaf455	duplicate	DUPLICATE_EVENT	Event already exists in journal	{"idempotency_key": "262e559052fcb83ad8dcc83c11e00d49e278fe07f396b7a1a30448f9a8557745"}	2026-02-27 09:54:27.091195+00
36	9fa3226e-9fec-4325-ae34-ca82bbeaf455	dead_letter	APPLY_FAILED	from_entity and to_entity are required and must exist	{"error": "from_entity and to_entity are required and must exist"}	2026-02-27 09:54:27.091195+00
37	79b613cb-51d0-499b-8075-9d51fad94e9d	duplicate	DUPLICATE_EVENT	Event already exists in journal	{"idempotency_key": "ca3fc78b31b0c23a6cdd61d6f407432e8aedd10eeaae5ca747b8eaadcdcf2493"}	2026-02-27 09:54:27.091195+00
38	79b613cb-51d0-499b-8075-9d51fad94e9d	dead_letter	APPLY_FAILED	from_entity and to_entity are required and must exist	{"error": "from_entity and to_entity are required and must exist"}	2026-02-27 09:54:27.091195+00
39	39b7bb85-543d-4a28-bdde-ced5e2edf656	duplicate	DUPLICATE_EVENT	Event already exists in journal	{"idempotency_key": "c11cba8c415dae4ce68bc03f45dd9b3a7311027c86e75cda673ba0e14ca87f57"}	2026-02-27 09:55:14.313774+00
40	39b7bb85-543d-4a28-bdde-ced5e2edf656	dead_letter	APPLY_FAILED	from_entity and to_entity are required and must exist	{"error": "from_entity and to_entity are required and must exist"}	2026-02-27 09:55:14.313774+00
41	9fa3226e-9fec-4325-ae34-ca82bbeaf455	duplicate	DUPLICATE_EVENT	Event already exists in journal	{"idempotency_key": "262e559052fcb83ad8dcc83c11e00d49e278fe07f396b7a1a30448f9a8557745"}	2026-02-27 09:55:14.313774+00
42	9fa3226e-9fec-4325-ae34-ca82bbeaf455	dead_letter	APPLY_FAILED	from_entity and to_entity are required and must exist	{"error": "from_entity and to_entity are required and must exist"}	2026-02-27 09:55:14.313774+00
43	79b613cb-51d0-499b-8075-9d51fad94e9d	duplicate	DUPLICATE_EVENT	Event already exists in journal	{"idempotency_key": "ca3fc78b31b0c23a6cdd61d6f407432e8aedd10eeaae5ca747b8eaadcdcf2493"}	2026-02-27 09:55:14.313774+00
44	79b613cb-51d0-499b-8075-9d51fad94e9d	dead_letter	APPLY_FAILED	from_entity and to_entity are required and must exist	{"error": "from_entity and to_entity are required and must exist"}	2026-02-27 09:55:14.313774+00
45	39b7bb85-543d-4a28-bdde-ced5e2edf656	applied	RELATIONSHIP_UPSERTED	Event applied successfully	{"code": "RELATIONSHIP_UPSERTED", "to_entity": "6acf1e93-bcdc-4755-9b90-3616062c0978", "from_entity": "4f043947-e061-4439-9016-d6eb261d30eb", "relation_type": "EXPOSES"}	2026-02-27 09:57:56.496556+00
46	9fa3226e-9fec-4325-ae34-ca82bbeaf455	applied	RELATIONSHIP_UPSERTED	Event applied successfully	{"code": "RELATIONSHIP_UPSERTED", "to_entity": "6acf1e93-bcdc-4755-9b90-3616062c0978", "from_entity": "183e8a5b-350a-4ead-b6a0-1c2c7332597f", "relation_type": "EXPOSES"}	2026-02-27 09:57:56.496556+00
47	79b613cb-51d0-499b-8075-9d51fad94e9d	applied	RELATIONSHIP_UPSERTED	Event applied successfully	{"code": "RELATIONSHIP_UPSERTED", "to_entity": "6acf1e93-bcdc-4755-9b90-3616062c0978", "from_entity": "da71652d-4e86-4105-8d50-2f8a31282d55", "relation_type": "EXPOSES"}	2026-02-27 09:57:56.496556+00
48	77723cfe-9c54-4f09-9dcb-92c3c1d3def0	received	EVENT_JOURNALED	Event persisted to immutable journal	{"trace_id": "deprecate-20260227T100859Z-29060", "idempotency_key": "cf5b37022b87e25e16627503d24a6d3d5f8ea7fec6dbc1e1a786a9c9eaa27401"}	2026-02-27 10:08:59.104347+00
49	77723cfe-9c54-4f09-9dcb-92c3c1d3def0	applied	ENTITY_DEPRECATED	Event applied successfully	{"code": "ENTITY_DEPRECATED", "entity_natural_key": "endpoint:handle"}	2026-02-27 10:08:59.104347+00
50	d34a0fd4-0d4d-42e6-9838-f69a303dc7ee	received	EVENT_JOURNALED	Event persisted to immutable journal	{"trace_id": "deprecate-20260227T100859Z-3236", "idempotency_key": "c74f107495848e7a4c3006e1c84cb45097f0419aa797711b550ad231e13c2924"}	2026-02-27 10:08:59.235708+00
51	d34a0fd4-0d4d-42e6-9838-f69a303dc7ee	applied	ENTITY_DEPRECATED	Event applied successfully	{"code": "ENTITY_DEPRECATED", "entity_natural_key": "endpoint:route"}	2026-02-27 10:08:59.235708+00
52	9f76abdc-2ffb-47ab-8756-3a29d8facac3	received	EVENT_JOURNALED	Event persisted to immutable journal	{"trace_id": "gate-20260227T100927Z-22151", "idempotency_key": "gate-low-add-entity-sb-accept-low-20260227100927"}	2026-02-27 10:09:27.190126+00
53	9f76abdc-2ffb-47ab-8756-3a29d8facac3	applied	ENTITY_UPSERTED	Event applied successfully	{"code": "ENTITY_UPSERTED", "entity_id": "e7fdc31d-af4a-4245-ac5a-17bb1a437863"}	2026-02-27 10:09:27.290609+00
54	9f76abdc-2ffb-47ab-8756-3a29d8facac3	duplicate	DUPLICATE_EVENT	Event already exists in journal	{"idempotency_key": "gate-low-add-entity-sb-accept-low-20260227100927"}	2026-02-27 10:09:27.390802+00
55	7672f6f5-922d-42bb-bdc9-84cd9299d9a5	received	EVENT_JOURNALED	Event persisted to immutable journal	{"trace_id": "gate-20260227T100927Z-31159", "idempotency_key": "gate-medium-memory-sb-accept-low-20260227100927"}	2026-02-27 10:09:27.583588+00
56	7672f6f5-922d-42bb-bdc9-84cd9299d9a5	proposed	REVIEW_REQUIRED	Event requires review before apply	{}	2026-02-27 10:09:27.66957+00
57	7672f6f5-922d-42bb-bdc9-84cd9299d9a5	applied	MEMORY_ADDED	Event applied successfully	{"code": "MEMORY_ADDED", "memory_id": "fe42a79b-d713-4709-87d3-f2655571ef5f"}	2026-02-27 10:09:27.764029+00
58	5967f053-8908-4fa8-a94a-7e0d20fdee3c	received	EVENT_JOURNALED	Event persisted to immutable journal	{"trace_id": "gate-20260227T100927Z-28432", "idempotency_key": "gate-link-missing-sb-accept-low-20260227100927"}	2026-02-27 10:09:27.973796+00
59	5967f053-8908-4fa8-a94a-7e0d20fdee3c	dead_letter	APPLY_FAILED	from_entity and to_entity are required and must exist	{"error": "from_entity and to_entity are required and must exist"}	2026-02-27 10:09:28.076802+00
60	18035e6d-0bb5-4581-9984-297057efbc83	received	EVENT_JOURNALED	Event persisted to immutable journal	{"trace_id": "gate-20260227T100928Z-16123", "idempotency_key": "gate-create-from-sb-accept-low-20260227100927"}	2026-02-27 10:09:28.195109+00
61	f3b813d6-20a4-41de-be95-208ec213d683	received	EVENT_JOURNALED	Event persisted to immutable journal	{"trace_id": "gate-20260227T100928Z-11581", "idempotency_key": "gate-create-to-sb-accept-low-20260227100927"}	2026-02-27 10:09:28.286848+00
62	18035e6d-0bb5-4581-9984-297057efbc83	applied	ENTITY_UPSERTED	Event applied successfully	{"code": "ENTITY_UPSERTED", "entity_id": "f1b8728b-5efa-4968-913f-f005a8c715d4"}	2026-02-27 10:09:28.377833+00
63	f3b813d6-20a4-41de-be95-208ec213d683	applied	ENTITY_UPSERTED	Event applied successfully	{"code": "ENTITY_UPSERTED", "entity_id": "97737c9d-3b56-4add-86ae-7e553e6241a0"}	2026-02-27 10:09:28.473424+00
64	5967f053-8908-4fa8-a94a-7e0d20fdee3c	dead_letter	APPLY_FAILED	from_entity and to_entity are required and must exist	{"error": "from_entity and to_entity are required and must exist"}	2026-02-27 10:09:28.571669+00
65	5967f053-8908-4fa8-a94a-7e0d20fdee3c	applied	RELATIONSHIP_UPSERTED	Event applied successfully	{"code": "RELATIONSHIP_UPSERTED", "to_entity": "61e4b337-f7e7-419b-8631-a5a75e1fcf52", "from_entity": "6cee415b-9735-4557-8164-b297fed6ac1c", "relation_type": "DEPENDS_ON"}	2026-02-27 10:09:56.274193+00
66	0fddde90-87da-4144-9687-751d75b0d301	received	EVENT_JOURNALED	Event persisted to immutable journal	{"trace_id": "deprecate-20260227T101014Z-3417", "idempotency_key": "871c7b3815cc4354b70a214d49af02521d47c3fcaad209d27cfd12e869532123"}	2026-02-27 10:10:14.235239+00
67	0fddde90-87da-4144-9687-751d75b0d301	applied	ENTITY_DEPRECATED	Event applied successfully	{"code": "ENTITY_DEPRECATED", "entity_natural_key": "endpoint:manual:sb-missing-from-sb-accept-low-20260227100927"}	2026-02-27 10:10:14.235239+00
68	86e01cff-8cef-4c5e-8751-091811462c08	received	EVENT_JOURNALED	Event persisted to immutable journal	{"trace_id": "deprecate-20260227T101014Z-29017", "idempotency_key": "d1c3617b916262f3f511675cebb782f06586bdc8243221342c6a6c5449e682a6"}	2026-02-27 10:10:14.350847+00
69	86e01cff-8cef-4c5e-8751-091811462c08	applied	ENTITY_DEPRECATED	Event applied successfully	{"code": "ENTITY_DEPRECATED", "entity_natural_key": "endpoint:manual:sb-missing-to-sb-accept-low-20260227100927"}	2026-02-27 10:10:14.350847+00
70	3b231460-8c26-44f1-bbad-e58a54ea2f25	received	EVENT_JOURNALED	Event persisted to immutable journal	{"trace_id": "deprecate-20260227T101014Z-29603", "idempotency_key": "2649f8cd05240f3f97e08c908cac94f5509ad740e3fbc88efe3fe5c589ca82bf"}	2026-02-27 10:10:14.452706+00
71	3b231460-8c26-44f1-bbad-e58a54ea2f25	applied	ENTITY_DEPRECATED	Event applied successfully	{"code": "ENTITY_DEPRECATED", "entity_natural_key": "endpoint:sb-missing-from-sb-accept-low-20260227100927"}	2026-02-27 10:10:14.452706+00
72	86272d05-b0d7-402c-9396-20596185d1a8	received	EVENT_JOURNALED	Event persisted to immutable journal	{"trace_id": "deprecate-20260227T101014Z-17476", "idempotency_key": "d82000fadf4b78da50b3a8501459fc49b623492cedc2dde632614f53077e225f"}	2026-02-27 10:10:14.570174+00
73	86272d05-b0d7-402c-9396-20596185d1a8	applied	ENTITY_DEPRECATED	Event applied successfully	{"code": "ENTITY_DEPRECATED", "entity_natural_key": "endpoint:sb-missing-to-sb-accept-low-20260227100927"}	2026-02-27 10:10:14.570174+00
74	ed9990d9-045f-4750-b4e2-9fa3c1e205b0	received	EVENT_JOURNALED	Event persisted to immutable journal	{"trace_id": "gate-20260227T101026Z-13559", "idempotency_key": "gate-low-add-entity-sb-accept-low-20260227101026"}	2026-02-27 10:10:26.130729+00
75	ed9990d9-045f-4750-b4e2-9fa3c1e205b0	applied	ENTITY_UPSERTED	Event applied successfully	{"code": "ENTITY_UPSERTED", "entity_id": "1e31a5eb-5432-468b-be46-f206c1aa0450"}	2026-02-27 10:10:26.220642+00
76	ed9990d9-045f-4750-b4e2-9fa3c1e205b0	duplicate	DUPLICATE_EVENT	Event already exists in journal	{"idempotency_key": "gate-low-add-entity-sb-accept-low-20260227101026"}	2026-02-27 10:10:26.317763+00
77	73f58754-5457-4c1f-9325-2dd5eee68ca4	received	EVENT_JOURNALED	Event persisted to immutable journal	{"trace_id": "gate-20260227T101026Z-30983", "idempotency_key": "gate-medium-memory-sb-accept-low-20260227101026"}	2026-02-27 10:10:26.511146+00
78	73f58754-5457-4c1f-9325-2dd5eee68ca4	proposed	REVIEW_REQUIRED	Event requires review before apply	{}	2026-02-27 10:10:26.597281+00
79	73f58754-5457-4c1f-9325-2dd5eee68ca4	applied	MEMORY_ADDED	Event applied successfully	{"code": "MEMORY_ADDED", "memory_id": "9a5f50e9-6fde-4d59-86b2-d0b41d2fd395"}	2026-02-27 10:10:26.691578+00
80	e5fc3157-2eac-4404-b35e-88644a28df67	received	EVENT_JOURNALED	Event persisted to immutable journal	{"trace_id": "gate-20260227T101026Z-12742", "idempotency_key": "gate-link-missing-sb-accept-low-20260227101026"}	2026-02-27 10:10:26.8762+00
81	e5fc3157-2eac-4404-b35e-88644a28df67	dead_letter	APPLY_FAILED	from_entity and to_entity are required and must exist	{"error": "from_entity and to_entity are required and must exist"}	2026-02-27 10:10:26.973984+00
82	29e4022c-88a8-456c-8177-59bd28d5a8e2	received	EVENT_JOURNALED	Event persisted to immutable journal	{"trace_id": "gate-20260227T101027Z-19184", "idempotency_key": "gate-create-from-sb-accept-low-20260227101026"}	2026-02-27 10:10:27.08767+00
83	8794209a-1954-4a7f-847d-60da24c85b6c	received	EVENT_JOURNALED	Event persisted to immutable journal	{"trace_id": "gate-20260227T101027Z-9558", "idempotency_key": "gate-create-to-sb-accept-low-20260227101026"}	2026-02-27 10:10:27.179062+00
84	29e4022c-88a8-456c-8177-59bd28d5a8e2	applied	ENTITY_UPSERTED	Event applied successfully	{"code": "ENTITY_UPSERTED", "entity_id": "22962aa2-28da-4f7b-8345-771bf31fd359"}	2026-02-27 10:10:27.275235+00
85	8794209a-1954-4a7f-847d-60da24c85b6c	applied	ENTITY_UPSERTED	Event applied successfully	{"code": "ENTITY_UPSERTED", "entity_id": "8f5b67c2-0c8f-4c2f-a843-5dbf955c6ae3"}	2026-02-27 10:10:27.361014+00
86	e5fc3157-2eac-4404-b35e-88644a28df67	dead_letter	APPLY_FAILED	from_entity and to_entity are required and must exist	{"error": "from_entity and to_entity are required and must exist"}	2026-02-27 10:10:27.459078+00
87	e5fc3157-2eac-4404-b35e-88644a28df67	applied	RELATIONSHIP_UPSERTED	Event applied successfully	{"code": "RELATIONSHIP_UPSERTED", "to_entity": "d093f997-c2b8-4ad3-96b8-44361e359b73", "from_entity": "924fffa6-2622-4755-9b9a-b21af66232b4", "relation_type": "DEPENDS_ON"}	2026-02-27 10:10:47.249697+00
88	311f642f-1925-4703-a689-32ece7116c18	received	EVENT_JOURNALED	Event persisted to immutable journal	{"trace_id": "gate-20260227T101050Z-1014", "idempotency_key": "gate-low-add-entity-sb-accept-low-20260227101050"}	2026-02-27 10:10:51.084171+00
89	311f642f-1925-4703-a689-32ece7116c18	applied	ENTITY_UPSERTED	Event applied successfully	{"code": "ENTITY_UPSERTED", "entity_id": "259f7adb-1ac3-43ad-bacf-83ac60e4bbc0"}	2026-02-27 10:10:51.194041+00
90	311f642f-1925-4703-a689-32ece7116c18	duplicate	DUPLICATE_EVENT	Event already exists in journal	{"idempotency_key": "gate-low-add-entity-sb-accept-low-20260227101050"}	2026-02-27 10:10:51.299263+00
91	0dc2b6ed-4685-44cb-b7f6-9ab69b489a1d	received	EVENT_JOURNALED	Event persisted to immutable journal	{"trace_id": "gate-20260227T101051Z-26064", "idempotency_key": "gate-medium-memory-sb-accept-low-20260227101050"}	2026-02-27 10:10:51.526117+00
92	0dc2b6ed-4685-44cb-b7f6-9ab69b489a1d	proposed	REVIEW_REQUIRED	Event requires review before apply	{}	2026-02-27 10:10:51.622341+00
93	0dc2b6ed-4685-44cb-b7f6-9ab69b489a1d	applied	MEMORY_ADDED	Event applied successfully	{"code": "MEMORY_ADDED", "memory_id": "6d465128-26a8-4edf-8647-c68b3c30c9c0"}	2026-02-27 10:10:51.724457+00
94	7a711f83-56ec-49e2-8ef7-22ac6d06fa39	received	EVENT_JOURNALED	Event persisted to immutable journal	{"trace_id": "gate-20260227T101051Z-32057", "idempotency_key": "gate-link-missing-sb-accept-low-20260227101050"}	2026-02-27 10:10:51.930623+00
95	7a711f83-56ec-49e2-8ef7-22ac6d06fa39	dead_letter	APPLY_FAILED	from_entity and to_entity are required and must exist	{"error": "from_entity and to_entity are required and must exist"}	2026-02-27 10:10:52.027483+00
96	bc98fab2-93d2-4ba0-9023-3b5519722fbe	received	EVENT_JOURNALED	Event persisted to immutable journal	{"trace_id": "gate-20260227T101052Z-20880", "idempotency_key": "gate-create-from-sb-accept-low-20260227101050"}	2026-02-27 10:10:52.134521+00
97	555f8976-7591-425b-92b5-d07d6eec1ba2	received	EVENT_JOURNALED	Event persisted to immutable journal	{"trace_id": "gate-20260227T101052Z-19561", "idempotency_key": "gate-create-to-sb-accept-low-20260227101050"}	2026-02-27 10:10:52.221567+00
98	bc98fab2-93d2-4ba0-9023-3b5519722fbe	applied	ENTITY_UPSERTED	Event applied successfully	{"code": "ENTITY_UPSERTED", "entity_id": "18ece66b-b629-4e19-bee1-bb288a29426b"}	2026-02-27 10:10:52.310456+00
99	555f8976-7591-425b-92b5-d07d6eec1ba2	applied	ENTITY_UPSERTED	Event applied successfully	{"code": "ENTITY_UPSERTED", "entity_id": "3b59cd00-0b13-49d4-a1ca-6db0c830dd4d"}	2026-02-27 10:10:52.414501+00
100	7a711f83-56ec-49e2-8ef7-22ac6d06fa39	applied	RELATIONSHIP_UPSERTED	Event applied successfully	{"code": "RELATIONSHIP_UPSERTED", "to_entity": "3b59cd00-0b13-49d4-a1ca-6db0c830dd4d", "from_entity": "18ece66b-b629-4e19-bee1-bb288a29426b", "relation_type": "DEPENDS_ON"}	2026-02-27 10:10:52.532778+00
101	a6c0a4c1-160a-460b-a520-faf5ee8ec790	received	EVENT_JOURNALED	Event persisted to immutable journal	{"trace_id": "cleanup-20260227T101225Z-1204", "idempotency_key": "9e1389d8d306088f053442dc88fb922c0af1f17f623e10210190c55ab155817d"}	2026-02-27 10:12:25.294528+00
102	a6c0a4c1-160a-460b-a520-faf5ee8ec790	applied	ENTITY_DEPRECATED	Event applied successfully	{"code": "ENTITY_DEPRECATED", "entity_natural_key": "endpoint:sb-missing-from-sb-accept-low-20260227101026-internal"}	2026-02-27 10:12:25.294528+00
103	cd09a9b6-6179-4f3f-955e-04ec0dd558a6	received	EVENT_JOURNALED	Event persisted to immutable journal	{"trace_id": "cleanup-20260227T101225Z-30533", "idempotency_key": "f366eb136422386add0fa07f7b6eee309a22e3cb561b831b1443d0f6e248245d"}	2026-02-27 10:12:25.407337+00
104	cd09a9b6-6179-4f3f-955e-04ec0dd558a6	applied	ENTITY_DEPRECATED	Event applied successfully	{"code": "ENTITY_DEPRECATED", "entity_natural_key": "endpoint:sb-missing-from-sb-accept-low-20260227101026.internal"}	2026-02-27 10:12:25.407337+00
105	3bf3e7ff-09fe-494d-85d2-ce578ff5e1ed	received	EVENT_JOURNALED	Event persisted to immutable journal	{"trace_id": "cleanup-20260227T101225Z-20061", "idempotency_key": "3d34cec769903380e81af2ce72e2b8c03ad5257840428f2564bbdd4e4a161e05"}	2026-02-27 10:12:25.52971+00
106	3bf3e7ff-09fe-494d-85d2-ce578ff5e1ed	applied	ENTITY_DEPRECATED	Event applied successfully	{"code": "ENTITY_DEPRECATED", "entity_natural_key": "endpoint:sb-missing-from-sb-accept-low-20260227101050.internal"}	2026-02-27 10:12:25.52971+00
107	8618ac0b-39e1-4628-a196-b3824259a521	received	EVENT_JOURNALED	Event persisted to immutable journal	{"trace_id": "cleanup-20260227T101225Z-4165", "idempotency_key": "d057b7e88fc39035622c62d1adc6b53e27fd27f3dbe10c18b8e349272084bfec"}	2026-02-27 10:12:25.645332+00
108	8618ac0b-39e1-4628-a196-b3824259a521	applied	ENTITY_DEPRECATED	Event applied successfully	{"code": "ENTITY_DEPRECATED", "entity_natural_key": "endpoint:sb-missing-to-sb-accept-low-20260227101026-internal"}	2026-02-27 10:12:25.645332+00
109	faa0e354-6343-4b10-8d91-b915a9eb9066	received	EVENT_JOURNALED	Event persisted to immutable journal	{"trace_id": "cleanup-20260227T101225Z-15290", "idempotency_key": "d1c65b69cefe5c12d25917d0c11d88b85e155256815a772c9b03fa8eb2d3d5fb"}	2026-02-27 10:12:25.74978+00
110	faa0e354-6343-4b10-8d91-b915a9eb9066	applied	ENTITY_DEPRECATED	Event applied successfully	{"code": "ENTITY_DEPRECATED", "entity_natural_key": "endpoint:sb-missing-to-sb-accept-low-20260227101026.internal"}	2026-02-27 10:12:25.74978+00
111	4897c617-0eb0-42a8-8d7d-55fc2c476424	received	EVENT_JOURNALED	Event persisted to immutable journal	{"trace_id": "cleanup-20260227T101225Z-31711", "idempotency_key": "50df2abfe998f80bc4010a80d7639d87611fa18ff717193b9c6031a7d740de31"}	2026-02-27 10:12:25.857323+00
112	4897c617-0eb0-42a8-8d7d-55fc2c476424	applied	ENTITY_DEPRECATED	Event applied successfully	{"code": "ENTITY_DEPRECATED", "entity_natural_key": "endpoint:sb-missing-to-sb-accept-low-20260227101050.internal"}	2026-02-27 10:12:25.857323+00
113	10168359-a105-4708-9e64-23efb16b1f6e	received	EVENT_JOURNALED	Event persisted to immutable journal	{"trace_id": "cleanup-20260227T101225Z-30385", "idempotency_key": "062edf565bd0f0a6ce7464483133f4532adc79f2e8322277ef37d7c0cc859053"}	2026-02-27 10:12:25.957797+00
114	10168359-a105-4708-9e64-23efb16b1f6e	applied	ENTITY_DEPRECATED	Event applied successfully	{"code": "ENTITY_DEPRECATED", "entity_natural_key": "service:manual:example-api"}	2026-02-27 10:12:25.957797+00
115	60417692-6b30-4d6a-96e2-eadece4d1901	received	EVENT_JOURNALED	Event persisted to immutable journal	{"trace_id": "cleanup-20260227T101225Z-6398", "idempotency_key": "53059c575b5cd69b0fe00ccc8f35f3b9ff41dde53aeafe57991c2acfbe9eb13e"}	2026-02-27 10:12:26.07283+00
116	60417692-6b30-4d6a-96e2-eadece4d1901	applied	ENTITY_DEPRECATED	Event applied successfully	{"code": "ENTITY_DEPRECATED", "entity_natural_key": "service:manual:sb-accept-low-20260227100927"}	2026-02-27 10:12:26.07283+00
117	da5db04a-1514-46fd-9574-d7fca74ba0d1	received	EVENT_JOURNALED	Event persisted to immutable journal	{"trace_id": "cleanup-20260227T101226Z-3936", "idempotency_key": "e879359067ccba7a70805c6f42be09d754b6d8e4fae34d52f0295e302531f2e1"}	2026-02-27 10:12:26.175329+00
118	da5db04a-1514-46fd-9574-d7fca74ba0d1	applied	ENTITY_DEPRECATED	Event applied successfully	{"code": "ENTITY_DEPRECATED", "entity_natural_key": "service:manual:sb-accept-low-20260227101026"}	2026-02-27 10:12:26.175329+00
119	c2d4371c-1ab1-4652-88e0-18faa1c8bacc	received	EVENT_JOURNALED	Event persisted to immutable journal	{"trace_id": "cleanup-20260227T101226Z-11903", "idempotency_key": "0f8978a4044e5f7e0fcf6f5796a1b8fcf5c776d0d1d9f22e5f6f59428aebdd75"}	2026-02-27 10:12:26.282396+00
120	c2d4371c-1ab1-4652-88e0-18faa1c8bacc	applied	ENTITY_DEPRECATED	Event applied successfully	{"code": "ENTITY_DEPRECATED", "entity_natural_key": "service:manual:sb-accept-low-20260227101050"}	2026-02-27 10:12:26.282396+00
121	d4ff2e31-b8ed-4781-bf2c-82b11b2de4e2	received	EVENT_JOURNALED	Event persisted to immutable journal	{"trace_id": "gate-20260227T101243Z-26257", "idempotency_key": "gate-low-add-entity-sb-accept-low-20260227101243"}	2026-02-27 10:12:43.772162+00
122	d4ff2e31-b8ed-4781-bf2c-82b11b2de4e2	applied	ENTITY_UPSERTED	Event applied successfully	{"code": "ENTITY_UPSERTED", "entity_id": "29d50b80-d87f-4d5d-81c7-9f80c4eede48"}	2026-02-27 10:12:43.867473+00
123	d4ff2e31-b8ed-4781-bf2c-82b11b2de4e2	duplicate	DUPLICATE_EVENT	Event already exists in journal	{"idempotency_key": "gate-low-add-entity-sb-accept-low-20260227101243"}	2026-02-27 10:12:43.965842+00
124	88efc3d2-e6ef-4fb1-a9fc-50b36eeb89b2	received	EVENT_JOURNALED	Event persisted to immutable journal	{"trace_id": "gate-20260227T101244Z-10055", "idempotency_key": "gate-medium-memory-sb-accept-low-20260227101243"}	2026-02-27 10:12:44.183896+00
125	88efc3d2-e6ef-4fb1-a9fc-50b36eeb89b2	proposed	REVIEW_REQUIRED	Event requires review before apply	{}	2026-02-27 10:12:44.278285+00
126	88efc3d2-e6ef-4fb1-a9fc-50b36eeb89b2	applied	MEMORY_ADDED	Event applied successfully	{"code": "MEMORY_ADDED", "memory_id": "59922406-2f87-4013-aa39-6f74217bb67f"}	2026-02-27 10:12:44.389978+00
127	a4f4674e-c753-4fa7-8480-11f010bdf240	received	EVENT_JOURNALED	Event persisted to immutable journal	{"trace_id": "gate-20260227T101244Z-9132", "idempotency_key": "gate-link-missing-sb-accept-low-20260227101243"}	2026-02-27 10:12:44.6141+00
128	a4f4674e-c753-4fa7-8480-11f010bdf240	dead_letter	APPLY_FAILED	from_entity and to_entity are required and must exist	{"error": "from_entity and to_entity are required and must exist"}	2026-02-27 10:12:44.703972+00
129	bd720276-8156-4799-97c8-3f3837524303	received	EVENT_JOURNALED	Event persisted to immutable journal	{"trace_id": "gate-20260227T101244Z-16615", "idempotency_key": "gate-create-from-sb-accept-low-20260227101243"}	2026-02-27 10:12:44.825331+00
130	2dff5f82-da4c-47dc-aec2-b6c33f387760	received	EVENT_JOURNALED	Event persisted to immutable journal	{"trace_id": "gate-20260227T101244Z-4429", "idempotency_key": "gate-create-to-sb-accept-low-20260227101243"}	2026-02-27 10:12:44.92393+00
131	bd720276-8156-4799-97c8-3f3837524303	applied	ENTITY_UPSERTED	Event applied successfully	{"code": "ENTITY_UPSERTED", "entity_id": "889d70f7-6a45-45d0-befd-e0d994ff0367"}	2026-02-27 10:12:45.015292+00
132	2dff5f82-da4c-47dc-aec2-b6c33f387760	applied	ENTITY_UPSERTED	Event applied successfully	{"code": "ENTITY_UPSERTED", "entity_id": "e8dc3859-ac78-4cc0-b6e6-d7ca88917c3b"}	2026-02-27 10:12:45.107801+00
133	a4f4674e-c753-4fa7-8480-11f010bdf240	applied	RELATIONSHIP_UPSERTED	Event applied successfully	{"code": "RELATIONSHIP_UPSERTED", "to_entity": "e8dc3859-ac78-4cc0-b6e6-d7ca88917c3b", "from_entity": "889d70f7-6a45-45d0-befd-e0d994ff0367", "relation_type": "DEPENDS_ON"}	2026-02-27 10:12:45.214908+00
134	a462a231-f9b1-446a-94d6-601a25e0f48c	received	EVENT_JOURNALED	Event persisted to immutable journal	{"trace_id": "gate-cleanup-20260227T101248Z-21806", "idempotency_key": "gate-deprecate-service:sb-accept-low-20260227101243"}	2026-02-27 10:12:48.537276+00
135	a462a231-f9b1-446a-94d6-601a25e0f48c	applied	ENTITY_DEPRECATED	Event applied successfully	{"code": "ENTITY_DEPRECATED", "entity_natural_key": "service:sb-accept-low-20260227101243"}	2026-02-27 10:12:48.618105+00
136	7df85236-9465-442b-95c0-bcf0989d454c	received	EVENT_JOURNALED	Event persisted to immutable journal	{"trace_id": "gate-cleanup-20260227T101248Z-6497", "idempotency_key": "gate-deprecate-endpoint:sb-missing-from-sb-accept-low-20260227101243.internal"}	2026-02-27 10:12:48.708682+00
137	7df85236-9465-442b-95c0-bcf0989d454c	applied	ENTITY_DEPRECATED	Event applied successfully	{"code": "ENTITY_DEPRECATED", "entity_natural_key": "endpoint:sb-missing-from-sb-accept-low-20260227101243.internal"}	2026-02-27 10:12:48.791021+00
138	a8d6c485-6326-4ba0-8c2e-2072b7260f92	received	EVENT_JOURNALED	Event persisted to immutable journal	{"trace_id": "gate-cleanup-20260227T101248Z-191", "idempotency_key": "gate-deprecate-endpoint:sb-missing-to-sb-accept-low-20260227101243.internal"}	2026-02-27 10:12:48.884942+00
139	a8d6c485-6326-4ba0-8c2e-2072b7260f92	applied	ENTITY_DEPRECATED	Event applied successfully	{"code": "ENTITY_DEPRECATED", "entity_natural_key": "endpoint:sb-missing-to-sb-accept-low-20260227101243.internal"}	2026-02-27 10:12:48.97808+00
140	ea65d5af-b130-43c1-a3ac-2b2ed69e6bbd	received	EVENT_JOURNALED	Event persisted to immutable journal	{"trace_id": "gate-20260227T103610Z-12671", "idempotency_key": "gate-low-add-entity-sb-accept-low-20260227103610"}	2026-02-27 10:36:10.612936+00
141	ea65d5af-b130-43c1-a3ac-2b2ed69e6bbd	applied	ENTITY_UPSERTED	Event applied successfully	{"code": "ENTITY_UPSERTED", "entity_id": "434ce289-119b-4657-869a-7846612fd7c6"}	2026-02-27 10:36:10.702712+00
142	ea65d5af-b130-43c1-a3ac-2b2ed69e6bbd	duplicate	DUPLICATE_EVENT	Event already exists in journal	{"idempotency_key": "gate-low-add-entity-sb-accept-low-20260227103610"}	2026-02-27 10:36:10.807755+00
143	ff1e402d-43b6-407f-9cb2-3bd71d89472f	received	EVENT_JOURNALED	Event persisted to immutable journal	{"trace_id": "gate-20260227T103610Z-28476", "idempotency_key": "gate-medium-memory-sb-accept-low-20260227103610"}	2026-02-27 10:36:11.021943+00
144	ff1e402d-43b6-407f-9cb2-3bd71d89472f	proposed	REVIEW_REQUIRED	Event requires review before apply	{}	2026-02-27 10:36:11.116771+00
145	ff1e402d-43b6-407f-9cb2-3bd71d89472f	applied	MEMORY_ADDED	Event applied successfully	{"code": "MEMORY_ADDED", "memory_id": "235745f6-1a9a-4179-8707-649164de6bb1"}	2026-02-27 10:36:11.230408+00
146	cee6c38c-fe53-4acc-98f7-017672dabf5d	received	EVENT_JOURNALED	Event persisted to immutable journal	{"trace_id": "gate-20260227T103611Z-14572", "idempotency_key": "gate-link-missing-sb-accept-low-20260227103610"}	2026-02-27 10:36:11.514773+00
147	cee6c38c-fe53-4acc-98f7-017672dabf5d	dead_letter	APPLY_FAILED	from_entity and to_entity are required and must exist	{"error": "from_entity and to_entity are required and must exist"}	2026-02-27 10:36:11.669664+00
148	91684e63-91c9-4728-93e3-5aa891c139cf	received	EVENT_JOURNALED	Event persisted to immutable journal	{"trace_id": "gate-20260227T103611Z-30895", "idempotency_key": "gate-create-from-sb-accept-low-20260227103610"}	2026-02-27 10:36:11.855304+00
149	84be546c-50a5-455a-89a7-e987ec84e0c3	received	EVENT_JOURNALED	Event persisted to immutable journal	{"trace_id": "gate-20260227T103611Z-12251", "idempotency_key": "gate-create-to-sb-accept-low-20260227103610"}	2026-02-27 10:36:12.040579+00
150	91684e63-91c9-4728-93e3-5aa891c139cf	applied	ENTITY_UPSERTED	Event applied successfully	{"code": "ENTITY_UPSERTED", "entity_id": "3f7ce1a8-55b1-4189-bb71-3086de431c69"}	2026-02-27 10:36:12.197402+00
151	84be546c-50a5-455a-89a7-e987ec84e0c3	applied	ENTITY_UPSERTED	Event applied successfully	{"code": "ENTITY_UPSERTED", "entity_id": "edb363e8-7b07-4e5d-8ec6-096c60c5c5f2"}	2026-02-27 10:36:12.333307+00
152	cee6c38c-fe53-4acc-98f7-017672dabf5d	applied	RELATIONSHIP_UPSERTED	Event applied successfully	{"code": "RELATIONSHIP_UPSERTED", "to_entity": "edb363e8-7b07-4e5d-8ec6-096c60c5c5f2", "from_entity": "3f7ce1a8-55b1-4189-bb71-3086de431c69", "relation_type": "DEPENDS_ON"}	2026-02-27 10:36:12.451884+00
153	2809a669-ed50-4f14-8ef5-3066ceebb665	received	EVENT_JOURNALED	Event persisted to immutable journal	{"trace_id": "gate-cleanup-20260227T103616Z-9477", "idempotency_key": "gate-deprecate-service:sb-accept-low-20260227103610"}	2026-02-27 10:36:16.55641+00
154	2809a669-ed50-4f14-8ef5-3066ceebb665	applied	ENTITY_DEPRECATED	Event applied successfully	{"code": "ENTITY_DEPRECATED", "entity_natural_key": "service:sb-accept-low-20260227103610"}	2026-02-27 10:36:16.644041+00
155	8072cf8e-1c01-4537-8362-7002694b471e	received	EVENT_JOURNALED	Event persisted to immutable journal	{"trace_id": "gate-cleanup-20260227T103616Z-15990", "idempotency_key": "gate-deprecate-endpoint:sb-missing-from-sb-accept-low-20260227103610.internal"}	2026-02-27 10:36:16.776496+00
156	8072cf8e-1c01-4537-8362-7002694b471e	applied	ENTITY_DEPRECATED	Event applied successfully	{"code": "ENTITY_DEPRECATED", "entity_natural_key": "endpoint:sb-missing-from-sb-accept-low-20260227103610.internal"}	2026-02-27 10:36:16.921578+00
157	1122b48a-31a8-495e-8a2f-c2dfd3e18e4b	received	EVENT_JOURNALED	Event persisted to immutable journal	{"trace_id": "gate-cleanup-20260227T103616Z-26504", "idempotency_key": "gate-deprecate-endpoint:sb-missing-to-sb-accept-low-20260227103610.internal"}	2026-02-27 10:36:17.182753+00
158	1122b48a-31a8-495e-8a2f-c2dfd3e18e4b	applied	ENTITY_DEPRECATED	Event applied successfully	{"code": "ENTITY_DEPRECATED", "entity_natural_key": "endpoint:sb-missing-to-sb-accept-low-20260227103610.internal"}	2026-02-27 10:36:17.293709+00
159	4db5c23a-f40a-4f32-8c2b-d77f8a2537c5	received	EVENT_JOURNALED	Event persisted to immutable journal	{"trace_id": "gate-20260227T103700Z-1922", "idempotency_key": "gate-low-add-entity-sb-accept-low-20260227103700"}	2026-02-27 10:37:00.911981+00
160	4db5c23a-f40a-4f32-8c2b-d77f8a2537c5	applied	ENTITY_UPSERTED	Event applied successfully	{"code": "ENTITY_UPSERTED", "entity_id": "60fa3e4c-367b-4dab-84f9-9261005242f8"}	2026-02-27 10:37:01.019491+00
161	4db5c23a-f40a-4f32-8c2b-d77f8a2537c5	duplicate	DUPLICATE_EVENT	Event already exists in journal	{"idempotency_key": "gate-low-add-entity-sb-accept-low-20260227103700"}	2026-02-27 10:37:01.131076+00
162	c7916f44-bd3f-4a46-a454-2aa1fcd82285	received	EVENT_JOURNALED	Event persisted to immutable journal	{"trace_id": "gate-20260227T103701Z-8145", "idempotency_key": "gate-medium-memory-sb-accept-low-20260227103700"}	2026-02-27 10:37:01.350036+00
163	c7916f44-bd3f-4a46-a454-2aa1fcd82285	proposed	REVIEW_REQUIRED	Event requires review before apply	{}	2026-02-27 10:37:01.475625+00
164	c7916f44-bd3f-4a46-a454-2aa1fcd82285	applied	MEMORY_ADDED	Event applied successfully	{"code": "MEMORY_ADDED", "memory_id": "98834a53-7440-4fe2-8646-ea305eeb8270"}	2026-02-27 10:37:01.600716+00
165	c4d97ae2-fa71-49a6-a8fe-b1b19bfb03f8	received	EVENT_JOURNALED	Event persisted to immutable journal	{"trace_id": "gate-20260227T103701Z-16961", "idempotency_key": "gate-link-missing-sb-accept-low-20260227103700"}	2026-02-27 10:37:01.84996+00
166	c4d97ae2-fa71-49a6-a8fe-b1b19bfb03f8	dead_letter	APPLY_FAILED	from_entity and to_entity are required and must exist	{"error": "from_entity and to_entity are required and must exist"}	2026-02-27 10:37:01.960609+00
167	3f96ee38-65b9-4953-b367-fd7782cd55f6	received	EVENT_JOURNALED	Event persisted to immutable journal	{"trace_id": "gate-20260227T103702Z-26016", "idempotency_key": "gate-create-from-sb-accept-low-20260227103700"}	2026-02-27 10:37:02.106792+00
168	775e0f53-d3e2-4f6b-814b-50b7c6456851	received	EVENT_JOURNALED	Event persisted to immutable journal	{"trace_id": "gate-20260227T103702Z-3136", "idempotency_key": "gate-create-to-sb-accept-low-20260227103700"}	2026-02-27 10:37:02.216359+00
169	3f96ee38-65b9-4953-b367-fd7782cd55f6	applied	ENTITY_UPSERTED	Event applied successfully	{"code": "ENTITY_UPSERTED", "entity_id": "1a609bee-6290-4f98-8d44-be801c4394a3"}	2026-02-27 10:37:02.325563+00
170	775e0f53-d3e2-4f6b-814b-50b7c6456851	applied	ENTITY_UPSERTED	Event applied successfully	{"code": "ENTITY_UPSERTED", "entity_id": "d27679b9-3972-45e0-b905-d98df396a5cd"}	2026-02-27 10:37:02.427445+00
171	c4d97ae2-fa71-49a6-a8fe-b1b19bfb03f8	applied	RELATIONSHIP_UPSERTED	Event applied successfully	{"code": "RELATIONSHIP_UPSERTED", "to_entity": "d27679b9-3972-45e0-b905-d98df396a5cd", "from_entity": "1a609bee-6290-4f98-8d44-be801c4394a3", "relation_type": "DEPENDS_ON"}	2026-02-27 10:37:02.546018+00
172	914c0e13-189b-40f7-936f-a74a93fd94c2	received	EVENT_JOURNALED	Event persisted to immutable journal	{"trace_id": "gate-cleanup-20260227T103706Z-13090", "idempotency_key": "gate-deprecate-service:sb-accept-low-20260227103700"}	2026-02-27 10:37:06.338914+00
173	914c0e13-189b-40f7-936f-a74a93fd94c2	applied	ENTITY_DEPRECATED	Event applied successfully	{"code": "ENTITY_DEPRECATED", "entity_natural_key": "service:sb-accept-low-20260227103700"}	2026-02-27 10:37:06.441862+00
174	691a0598-c2a0-4d65-a434-84fada54a70f	received	EVENT_JOURNALED	Event persisted to immutable journal	{"trace_id": "gate-cleanup-20260227T103706Z-6054", "idempotency_key": "gate-deprecate-endpoint:sb-missing-from-sb-accept-low-20260227103700.internal"}	2026-02-27 10:37:06.550864+00
175	691a0598-c2a0-4d65-a434-84fada54a70f	applied	ENTITY_DEPRECATED	Event applied successfully	{"code": "ENTITY_DEPRECATED", "entity_natural_key": "endpoint:sb-missing-from-sb-accept-low-20260227103700.internal"}	2026-02-27 10:37:06.632885+00
176	595d885e-45fb-4a28-a67b-204bcd8afd5f	received	EVENT_JOURNALED	Event persisted to immutable journal	{"trace_id": "gate-cleanup-20260227T103706Z-13112", "idempotency_key": "gate-deprecate-endpoint:sb-missing-to-sb-accept-low-20260227103700.internal"}	2026-02-27 10:37:06.732164+00
177	595d885e-45fb-4a28-a67b-204bcd8afd5f	applied	ENTITY_DEPRECATED	Event applied successfully	{"code": "ENTITY_DEPRECATED", "entity_natural_key": "endpoint:sb-missing-to-sb-accept-low-20260227103700.internal"}	2026-02-27 10:37:06.834177+00
178	60bfe6cc-db6f-4d85-b40e-2d0e694e5501	received	EVENT_JOURNALED	Event persisted to immutable journal	{"trace_id": "gate-20260227T103826Z-23997", "idempotency_key": "gate-low-add-entity-sb-accept-low-20260227103826"}	2026-02-27 10:38:26.444353+00
179	60bfe6cc-db6f-4d85-b40e-2d0e694e5501	applied	ENTITY_UPSERTED	Event applied successfully	{"code": "ENTITY_UPSERTED", "entity_id": "16ac6481-0541-4c05-90f5-aa93e57e07a8"}	2026-02-27 10:38:26.535241+00
180	60bfe6cc-db6f-4d85-b40e-2d0e694e5501	duplicate	DUPLICATE_EVENT	Event already exists in journal	{"idempotency_key": "gate-low-add-entity-sb-accept-low-20260227103826"}	2026-02-27 10:38:26.621702+00
181	2881c3f4-77f5-439d-ac99-37d3d8ef3de5	received	EVENT_JOURNALED	Event persisted to immutable journal	{"trace_id": "gate-20260227T103826Z-20760", "idempotency_key": "gate-medium-memory-sb-accept-low-20260227103826"}	2026-02-27 10:38:26.815412+00
182	2881c3f4-77f5-439d-ac99-37d3d8ef3de5	proposed	REVIEW_REQUIRED	Event requires review before apply	{}	2026-02-27 10:38:26.904361+00
183	2881c3f4-77f5-439d-ac99-37d3d8ef3de5	applied	MEMORY_ADDED	Event applied successfully	{"code": "MEMORY_ADDED", "memory_id": "21e0f516-1295-4329-aad2-a6d7fddb6fa7"}	2026-02-27 10:38:26.99541+00
184	2f97e90b-8bb1-4808-b364-444799d0aa82	received	EVENT_JOURNALED	Event persisted to immutable journal	{"trace_id": "gate-20260227T103827Z-23343", "idempotency_key": "gate-link-missing-sb-accept-low-20260227103826"}	2026-02-27 10:38:27.204834+00
185	2f97e90b-8bb1-4808-b364-444799d0aa82	dead_letter	APPLY_FAILED	from_entity and to_entity are required and must exist	{"error": "from_entity and to_entity are required and must exist"}	2026-02-27 10:38:27.299517+00
186	8b182602-1236-4f07-89c3-b5c1676c19bb	received	EVENT_JOURNALED	Event persisted to immutable journal	{"trace_id": "gate-20260227T103827Z-27387", "idempotency_key": "gate-create-from-sb-accept-low-20260227103826"}	2026-02-27 10:38:27.423869+00
187	08d19a69-5897-4fbd-8797-25d4446307b7	received	EVENT_JOURNALED	Event persisted to immutable journal	{"trace_id": "gate-20260227T103827Z-3323", "idempotency_key": "gate-create-to-sb-accept-low-20260227103826"}	2026-02-27 10:38:27.52062+00
188	8b182602-1236-4f07-89c3-b5c1676c19bb	applied	ENTITY_UPSERTED	Event applied successfully	{"code": "ENTITY_UPSERTED", "entity_id": "233ebbd8-b614-4823-a5c7-11962aec7401"}	2026-02-27 10:38:27.620136+00
189	08d19a69-5897-4fbd-8797-25d4446307b7	applied	ENTITY_UPSERTED	Event applied successfully	{"code": "ENTITY_UPSERTED", "entity_id": "8254b08a-7eb2-4b3b-ad57-c9c79073e091"}	2026-02-27 10:38:27.710098+00
190	2f97e90b-8bb1-4808-b364-444799d0aa82	applied	RELATIONSHIP_UPSERTED	Event applied successfully	{"code": "RELATIONSHIP_UPSERTED", "to_entity": "8254b08a-7eb2-4b3b-ad57-c9c79073e091", "from_entity": "233ebbd8-b614-4823-a5c7-11962aec7401", "relation_type": "DEPENDS_ON"}	2026-02-27 10:38:27.815327+00
191	9999b39e-642e-4c7e-a202-2fd1bc80c05c	received	EVENT_JOURNALED	Event persisted to immutable journal	{"trace_id": "gate-cleanup-20260227T103830Z-15710", "idempotency_key": "gate-deprecate-service:sb-accept-low-20260227103826"}	2026-02-27 10:38:31.05351+00
192	9999b39e-642e-4c7e-a202-2fd1bc80c05c	applied	ENTITY_DEPRECATED	Event applied successfully	{"code": "ENTITY_DEPRECATED", "entity_natural_key": "service:sb-accept-low-20260227103826"}	2026-02-27 10:38:31.134141+00
193	b6cedc1d-84ff-4324-a635-e999dba07ed5	received	EVENT_JOURNALED	Event persisted to immutable journal	{"trace_id": "gate-cleanup-20260227T103831Z-10960", "idempotency_key": "gate-deprecate-endpoint:sb-missing-from-sb-accept-low-20260227103826.internal"}	2026-02-27 10:38:31.224845+00
194	b6cedc1d-84ff-4324-a635-e999dba07ed5	applied	ENTITY_DEPRECATED	Event applied successfully	{"code": "ENTITY_DEPRECATED", "entity_natural_key": "endpoint:sb-missing-from-sb-accept-low-20260227103826.internal"}	2026-02-27 10:38:31.312391+00
195	7e372bd7-190e-4f66-912d-2502c5eed07a	received	EVENT_JOURNALED	Event persisted to immutable journal	{"trace_id": "gate-cleanup-20260227T103831Z-31028", "idempotency_key": "gate-deprecate-endpoint:sb-missing-to-sb-accept-low-20260227103826.internal"}	2026-02-27 10:38:31.411704+00
196	7e372bd7-190e-4f66-912d-2502c5eed07a	applied	ENTITY_DEPRECATED	Event applied successfully	{"code": "ENTITY_DEPRECATED", "entity_natural_key": "endpoint:sb-missing-to-sb-accept-low-20260227103826.internal"}	2026-02-27 10:38:31.508379+00
197	187b177e-8850-40e8-aaf2-ea4c2e48573f	received	EVENT_JOURNALED	Event persisted to immutable journal	{"trace_id": "20260227-amuta-compliance-trace-01", "idempotency_key": "20260227-amuta-compliance-agent-add"}	2026-02-27 14:19:26.629329+00
198	187b177e-8850-40e8-aaf2-ea4c2e48573f	applied	ENTITY_UPSERTED	Event applied successfully	{"code": "ENTITY_UPSERTED", "entity_id": "537368b2-7b4a-444b-8a9b-9e81e1f25495"}	2026-02-27 14:19:42.255102+00
199	94c91e54-a7d5-476c-b2e9-9553967124ac	received	EVENT_JOURNALED	Event persisted to immutable journal	{"trace_id": "20260227-amuta-compliance-trace-02", "idempotency_key": "20260227-amuta-compliance-skill-nihul-add"}	2026-02-27 14:19:42.335966+00
200	94c91e54-a7d5-476c-b2e9-9553967124ac	applied	ENTITY_UPSERTED	Event applied successfully	{"code": "ENTITY_UPSERTED", "entity_id": "00ed78c3-08f2-4de1-bb9a-945ef32a3ba3"}	2026-02-27 14:19:42.416836+00
201	d983a61f-6c4e-43b1-87e4-bde4383f76fe	received	EVENT_JOURNALED	Event persisted to immutable journal	{"trace_id": "20260227-amuta-compliance-trace-03", "idempotency_key": "20260227-amuta-compliance-skill-filings-add"}	2026-02-27 14:19:42.502611+00
202	d983a61f-6c4e-43b1-87e4-bde4383f76fe	applied	ENTITY_UPSERTED	Event applied successfully	{"code": "ENTITY_UPSERTED", "entity_id": "d327fbcb-c734-458b-9571-da459aadc929"}	2026-02-27 14:19:42.593929+00
203	4b5e9620-e68f-4d7a-a725-0cdea8748a56	received	EVENT_JOURNALED	Event persisted to immutable journal	{"trace_id": "20260227-amuta-compliance-trace-04", "idempotency_key": "20260227-amuta-compliance-skill-gov-add"}	2026-02-27 14:19:42.675238+00
204	4b5e9620-e68f-4d7a-a725-0cdea8748a56	applied	ENTITY_UPSERTED	Event applied successfully	{"code": "ENTITY_UPSERTED", "entity_id": "a0cdc745-a35f-4442-9e60-5f015512cfdd"}	2026-02-27 14:19:42.756815+00
205	749c2d3a-880a-4889-999b-c659995c3a31	received	EVENT_JOURNALED	Event persisted to immutable journal	{"trace_id": "20260227-amuta-compliance-trace-05", "idempotency_key": "20260227-amuta-compliance-link-nihul-agent"}	2026-02-27 14:19:42.842717+00
206	749c2d3a-880a-4889-999b-c659995c3a31	dead_letter	APPLY_FAILED	from_entity and to_entity are required and must exist	{"error": "from_entity and to_entity are required and must exist"}	2026-02-27 14:19:42.933298+00
207	798c5d64-d997-4375-9f17-7cc432a44a99	received	EVENT_JOURNALED	Event persisted to immutable journal	{"trace_id": "20260227-amuta-compliance-trace-06", "idempotency_key": "20260227-amuta-compliance-link-filings-agent"}	2026-02-27 14:19:43.022127+00
208	798c5d64-d997-4375-9f17-7cc432a44a99	dead_letter	APPLY_FAILED	from_entity and to_entity are required and must exist	{"error": "from_entity and to_entity are required and must exist"}	2026-02-27 14:19:43.106826+00
209	11190ce9-1a53-4ff2-a75d-c8fe47a352b6	received	EVENT_JOURNALED	Event persisted to immutable journal	{"trace_id": "20260227-amuta-compliance-trace-07", "idempotency_key": "20260227-amuta-compliance-link-gov-agent"}	2026-02-27 14:19:43.211178+00
210	11190ce9-1a53-4ff2-a75d-c8fe47a352b6	dead_letter	APPLY_FAILED	from_entity and to_entity are required and must exist	{"error": "from_entity and to_entity are required and must exist"}	2026-02-27 14:19:43.309702+00
211	749c2d3a-880a-4889-999b-c659995c3a31	applied	RELATIONSHIP_UPSERTED	Event applied successfully	{"code": "RELATIONSHIP_UPSERTED", "to_entity": "537368b2-7b4a-444b-8a9b-9e81e1f25495", "from_entity": "00ed78c3-08f2-4de1-bb9a-945ef32a3ba3", "relation_type": "SUPPORTED_BY"}	2026-02-27 14:20:36.249851+00
212	798c5d64-d997-4375-9f17-7cc432a44a99	applied	RELATIONSHIP_UPSERTED	Event applied successfully	{"code": "RELATIONSHIP_UPSERTED", "to_entity": "537368b2-7b4a-444b-8a9b-9e81e1f25495", "from_entity": "d327fbcb-c734-458b-9571-da459aadc929", "relation_type": "SUPPORTED_BY"}	2026-02-27 14:20:36.249851+00
213	11190ce9-1a53-4ff2-a75d-c8fe47a352b6	applied	RELATIONSHIP_UPSERTED	Event applied successfully	{"code": "RELATIONSHIP_UPSERTED", "to_entity": "537368b2-7b4a-444b-8a9b-9e81e1f25495", "from_entity": "a0cdc745-a35f-4442-9e60-5f015512cfdd", "relation_type": "SUPPORTED_BY"}	2026-02-27 14:20:36.249851+00
214	a1beb162-3ca6-4fc1-bc3d-1251fdc64592	received	EVENT_JOURNALED	Event persisted to immutable journal	{"trace_id": "crm-accounting-trace-program-20260304", "idempotency_key": "crm-accounting-add-program-20260304"}	2026-03-04 11:52:25.89618+00
215	a1beb162-3ca6-4fc1-bc3d-1251fdc64592	duplicate	DUPLICATE_EVENT	Event already exists in journal	{"idempotency_key": "crm-accounting-add-program-20260304"}	2026-03-04 11:52:29.798556+00
216	a1beb162-3ca6-4fc1-bc3d-1251fdc64592	duplicate	DUPLICATE_EVENT	Event already exists in journal	{"idempotency_key": "crm-accounting-add-program-20260304"}	2026-03-04 11:52:37.132721+00
217	a1beb162-3ca6-4fc1-bc3d-1251fdc64592	applied	ENTITY_UPSERTED	Event applied successfully	{"code": "ENTITY_UPSERTED", "entity_id": "0ad20d93-6817-47a0-bd9b-16367f064f48"}	2026-03-04 11:52:37.219832+00
218	d38e0d79-6278-4574-b06d-93cba4c2553f	received	EVENT_JOURNALED	Event persisted to immutable journal	{"trace_id": "crm-accounting-trace-skill-20260304", "idempotency_key": "crm-accounting-add-skill-20260304"}	2026-03-04 11:52:37.317471+00
219	d38e0d79-6278-4574-b06d-93cba4c2553f	applied	ENTITY_UPSERTED	Event applied successfully	{"code": "ENTITY_UPSERTED", "entity_id": "9c5f4644-a1f3-4903-bc6a-35de34051b1d"}	2026-03-04 11:52:37.408633+00
220	9b22f315-ff4d-46bf-b29f-6d7fdf954935	received	EVENT_JOURNALED	Event persisted to immutable journal	{"trace_id": "crm-accounting-trace-agent-20260304", "idempotency_key": "crm-accounting-add-agent-20260304"}	2026-03-04 11:52:37.503811+00
221	9b22f315-ff4d-46bf-b29f-6d7fdf954935	applied	ENTITY_UPSERTED	Event applied successfully	{"code": "ENTITY_UPSERTED", "entity_id": "00498146-1a29-443f-a39f-5ba19fe1e660"}	2026-03-04 11:52:37.593484+00
222	e68e64a3-2d83-4a5c-9ca0-cf89c42fd2f6	received	EVENT_JOURNALED	Event persisted to immutable journal	{"trace_id": "crm-accounting-trace-link-1-20260304", "idempotency_key": "crm-accounting-link-program-n8n-20260304"}	2026-03-04 11:52:37.702161+00
223	e68e64a3-2d83-4a5c-9ca0-cf89c42fd2f6	applied	RELATIONSHIP_UPSERTED	Event applied successfully	{"code": "RELATIONSHIP_UPSERTED", "to_entity": "4e4e0a73-4579-4dfa-ba33-a04f3a29d605", "from_entity": "0ad20d93-6817-47a0-bd9b-16367f064f48", "relation_type": "DEPLOYED_IN"}	2026-03-04 11:52:37.817947+00
224	220560f7-a054-44ad-b8b0-dc43d15a8aaf	received	EVENT_JOURNALED	Event persisted to immutable journal	{"trace_id": "crm-accounting-trace-link-2-20260304", "idempotency_key": "crm-accounting-link-program-directus-20260304"}	2026-03-04 11:52:37.920437+00
225	220560f7-a054-44ad-b8b0-dc43d15a8aaf	applied	RELATIONSHIP_UPSERTED	Event applied successfully	{"code": "RELATIONSHIP_UPSERTED", "to_entity": "20090ea8-932a-43bf-b6c5-7af81693e4a8", "from_entity": "0ad20d93-6817-47a0-bd9b-16367f064f48", "relation_type": "DEPENDS_ON"}	2026-03-04 11:52:38.013757+00
226	71787e23-c6fd-4045-9c44-dd5c95994038	received	EVENT_JOURNALED	Event persisted to immutable journal	{"trace_id": "crm-accounting-trace-link-3-20260304", "idempotency_key": "crm-accounting-link-skill-agent-20260304"}	2026-03-04 11:52:38.108942+00
227	71787e23-c6fd-4045-9c44-dd5c95994038	applied	RELATIONSHIP_UPSERTED	Event applied successfully	{"code": "RELATIONSHIP_UPSERTED", "to_entity": "00498146-1a29-443f-a39f-5ba19fe1e660", "from_entity": "9c5f4644-a1f3-4903-bc6a-35de34051b1d", "relation_type": "SUPPORTED_BY"}	2026-03-04 11:52:38.205613+00
228	3c66838f-40e8-4b41-92a0-1c203214d01b	received	EVENT_JOURNALED	Event persisted to immutable journal	{"trace_id": "crm-accounting-trace-link-4-20260304", "idempotency_key": "crm-accounting-link-amuta-nihul-agent-20260304"}	2026-03-04 11:52:38.303593+00
229	3c66838f-40e8-4b41-92a0-1c203214d01b	applied	RELATIONSHIP_UPSERTED	Event applied successfully	{"code": "RELATIONSHIP_UPSERTED", "to_entity": "00498146-1a29-443f-a39f-5ba19fe1e660", "from_entity": "00ed78c3-08f2-4de1-bb9a-945ef32a3ba3", "relation_type": "SUPPORTED_BY"}	2026-03-04 11:52:38.387141+00
230	243296d0-47fb-481f-a140-6a84351b5a19	received	EVENT_JOURNALED	Event persisted to immutable journal	{"trace_id": "crm-accounting-trace-link-5-20260304", "idempotency_key": "crm-accounting-link-amuta-filings-agent-20260304"}	2026-03-04 11:52:38.482487+00
231	243296d0-47fb-481f-a140-6a84351b5a19	applied	RELATIONSHIP_UPSERTED	Event applied successfully	{"code": "RELATIONSHIP_UPSERTED", "to_entity": "00498146-1a29-443f-a39f-5ba19fe1e660", "from_entity": "d327fbcb-c734-458b-9571-da459aadc929", "relation_type": "SUPPORTED_BY"}	2026-03-04 11:52:38.576001+00
232	50d92c2a-d142-481b-b92c-a3a2260d67d2	received	EVENT_JOURNALED	Event persisted to immutable journal	{"trace_id": "crm-accounting-trace-link-6-20260304", "idempotency_key": "crm-accounting-link-amuta-governance-agent-20260304"}	2026-03-04 11:52:38.673387+00
233	50d92c2a-d142-481b-b92c-a3a2260d67d2	applied	RELATIONSHIP_UPSERTED	Event applied successfully	{"code": "RELATIONSHIP_UPSERTED", "to_entity": "00498146-1a29-443f-a39f-5ba19fe1e660", "from_entity": "a0cdc745-a35f-4442-9e60-5f015512cfdd", "relation_type": "SUPPORTED_BY"}	2026-03-04 11:52:38.771077+00
234	c4b4296c-97d2-4cd3-a95b-1e7b53b67860	received	EVENT_JOURNALED	Event persisted to immutable journal	{"trace_id": "crm-accounting-trace-memory-20260304", "idempotency_key": "crm-accounting-memory-20260304"}	2026-03-04 11:52:38.875955+00
235	c4b4296c-97d2-4cd3-a95b-1e7b53b67860	applied	MEMORY_ADDED	Event applied successfully	{"code": "MEMORY_ADDED", "memory_id": "1e219092-b775-4d19-9356-238c959dfaec"}	2026-03-04 11:52:38.962202+00
236	92385ff8-354c-4d81-bc47-a82eb66e2627	received	EVENT_JOURNALED	Event persisted to immutable journal	{"trace_id": "gate-20260304T115255Z-4517", "idempotency_key": "gate-low-add-entity-sb-accept-low-20260304115255"}	2026-03-04 11:52:56.068217+00
237	92385ff8-354c-4d81-bc47-a82eb66e2627	applied	ENTITY_UPSERTED	Event applied successfully	{"code": "ENTITY_UPSERTED", "entity_id": "79659ec0-9a94-4a30-988a-3f8f5493fa7c"}	2026-03-04 11:52:56.154906+00
238	92385ff8-354c-4d81-bc47-a82eb66e2627	duplicate	DUPLICATE_EVENT	Event already exists in journal	{"idempotency_key": "gate-low-add-entity-sb-accept-low-20260304115255"}	2026-03-04 11:52:56.270091+00
239	860a375d-ca02-4a39-af95-f3eadabf7b96	received	EVENT_JOURNALED	Event persisted to immutable journal	{"trace_id": "gate-20260304T115256Z-22879", "idempotency_key": "gate-medium-memory-sb-accept-low-20260304115255"}	2026-03-04 11:52:56.471086+00
240	860a375d-ca02-4a39-af95-f3eadabf7b96	proposed	REVIEW_REQUIRED	Event requires review before apply	{}	2026-03-04 11:52:56.557899+00
241	860a375d-ca02-4a39-af95-f3eadabf7b96	applied	MEMORY_ADDED	Event applied successfully	{"code": "MEMORY_ADDED", "memory_id": "7d07f823-c145-425f-8b6b-51f68c3a984a"}	2026-03-04 11:52:56.662419+00
242	7f02709f-6066-4048-b262-3976ba324805	received	EVENT_JOURNALED	Event persisted to immutable journal	{"trace_id": "gate-20260304T115256Z-14606", "idempotency_key": "gate-link-missing-sb-accept-low-20260304115255"}	2026-03-04 11:52:56.874165+00
243	7f02709f-6066-4048-b262-3976ba324805	dead_letter	APPLY_FAILED	from_entity and to_entity are required and must exist	{"error": "from_entity and to_entity are required and must exist"}	2026-03-04 11:52:56.973035+00
244	f4dcb054-0c8e-4b88-9705-4819abf71861	received	EVENT_JOURNALED	Event persisted to immutable journal	{"trace_id": "gate-20260304T115257Z-30968", "idempotency_key": "gate-create-from-sb-accept-low-20260304115255"}	2026-03-04 11:52:57.122522+00
245	e4e99c5d-7483-4664-bba6-9c75f58154ac	received	EVENT_JOURNALED	Event persisted to immutable journal	{"trace_id": "gate-20260304T115257Z-21076", "idempotency_key": "gate-create-to-sb-accept-low-20260304115255"}	2026-03-04 11:52:57.241697+00
246	f4dcb054-0c8e-4b88-9705-4819abf71861	applied	ENTITY_UPSERTED	Event applied successfully	{"code": "ENTITY_UPSERTED", "entity_id": "9ce7926b-9f3d-4232-b3ab-4ecedeb5616a"}	2026-03-04 11:52:57.34885+00
247	e4e99c5d-7483-4664-bba6-9c75f58154ac	applied	ENTITY_UPSERTED	Event applied successfully	{"code": "ENTITY_UPSERTED", "entity_id": "5a0a7f4b-6323-4350-a638-db9825ad76e8"}	2026-03-04 11:52:57.472353+00
248	7f02709f-6066-4048-b262-3976ba324805	applied	RELATIONSHIP_UPSERTED	Event applied successfully	{"code": "RELATIONSHIP_UPSERTED", "to_entity": "5a0a7f4b-6323-4350-a638-db9825ad76e8", "from_entity": "9ce7926b-9f3d-4232-b3ab-4ecedeb5616a", "relation_type": "DEPENDS_ON"}	2026-03-04 11:52:57.617305+00
249	b5921b3d-b854-427f-a608-ca7f50948829	received	EVENT_JOURNALED	Event persisted to immutable journal	{"trace_id": "gate-cleanup-20260304T115301Z-3901", "idempotency_key": "gate-deprecate-service:sb-accept-low-20260304115255"}	2026-03-04 11:53:01.372489+00
250	b5921b3d-b854-427f-a608-ca7f50948829	applied	ENTITY_DEPRECATED	Event applied successfully	{"code": "ENTITY_DEPRECATED", "entity_natural_key": "service:sb-accept-low-20260304115255"}	2026-03-04 11:53:01.511084+00
251	5077c821-7c4c-421c-98d0-08ae50303f63	received	EVENT_JOURNALED	Event persisted to immutable journal	{"trace_id": "gate-cleanup-20260304T115301Z-31653", "idempotency_key": "gate-deprecate-endpoint:sb-missing-from-sb-accept-low-20260304115255.internal"}	2026-03-04 11:53:01.615624+00
252	5077c821-7c4c-421c-98d0-08ae50303f63	applied	ENTITY_DEPRECATED	Event applied successfully	{"code": "ENTITY_DEPRECATED", "entity_natural_key": "endpoint:sb-missing-from-sb-accept-low-20260304115255.internal"}	2026-03-04 11:53:01.715947+00
253	f7618115-b9a6-4b2a-8389-748a680dee12	received	EVENT_JOURNALED	Event persisted to immutable journal	{"trace_id": "gate-cleanup-20260304T115301Z-17589", "idempotency_key": "gate-deprecate-endpoint:sb-missing-to-sb-accept-low-20260304115255.internal"}	2026-03-04 11:53:01.835513+00
254	f7618115-b9a6-4b2a-8389-748a680dee12	applied	ENTITY_DEPRECATED	Event applied successfully	{"code": "ENTITY_DEPRECATED", "entity_natural_key": "endpoint:sb-missing-to-sb-accept-low-20260304115255.internal"}	2026-03-04 11:53:01.954695+00
255	3340c218-0f0e-4db3-8272-979181c04c8b	received	EVENT_JOURNALED	Event persisted to immutable journal	{"trace_id": "gemini-incorporation-task", "idempotency_key": "gemini-cli-registration-1"}	2026-03-04 17:35:45.460973+00
256	3340c218-0f0e-4db3-8272-979181c04c8b	duplicate	DUPLICATE_EVENT	Event already exists in journal	{"idempotency_key": "gemini-cli-registration-1"}	2026-03-04 17:36:18.490959+00
257	3340c218-0f0e-4db3-8272-979181c04c8b	applied	ENTITY_UPSERTED	Event applied successfully	{"code": "ENTITY_UPSERTED", "entity_id": "5b99f397-775f-49bd-9063-15889fe95cae"}	2026-03-04 17:36:50.243829+00
258	5948f309-9fb3-4493-b640-bc4d783cc664	received	EVENT_JOURNALED	Event persisted to immutable journal	{"trace_id": "gemini-incorporation-task", "idempotency_key": "gemini-cli-skills-memory-1"}	2026-03-04 17:37:56.839014+00
259	5948f309-9fb3-4493-b640-bc4d783cc664	applied	MEMORY_ADDED	Event applied successfully	{"code": "MEMORY_ADDED", "memory_id": "a56b2ec5-0f84-4fd1-9029-2ccbbb55c887"}	2026-03-04 17:54:29.522209+00
260	e9886dc8-856f-437e-bda2-fc049b122a6a	received	EVENT_JOURNALED	Event persisted to immutable journal	{"trace_id": "codex-backup-policy-20260304", "idempotency_key": "backup-policy-weekly-pair-20260304"}	2026-03-04 18:12:23.295166+00
261	e9886dc8-856f-437e-bda2-fc049b122a6a	applied	MEMORY_ADDED	Event applied successfully	{"code": "MEMORY_ADDED", "memory_id": "81b4d2f6-219f-4d0f-9018-7a8eaab94793"}	2026-03-04 18:12:25.752065+00
262	0d64c6ba-276d-4f73-9746-e1035c97aa9c	received	EVENT_JOURNALED	Event persisted to immutable journal	{"trace_id": "crm-accounting-receipt-audit-trace-20260304", "idempotency_key": "crm-accounting-receipt-audit-memory-20260304"}	2026-03-04 19:03:13.087566+00
263	0d64c6ba-276d-4f73-9746-e1035c97aa9c	applied	MEMORY_ADDED	Event applied successfully	{"code": "MEMORY_ADDED", "memory_id": "91d0fb17-77be-46b9-a1d4-8037780fbb13"}	2026-03-04 19:03:13.367933+00
264	b549a1a7-f327-4214-8367-d8d316e5100c	received	EVENT_JOURNALED	Event persisted to immutable journal	{"trace_id": "a5e8bb9e-5f8d-4079-92d2-c8f35d134ed3", "idempotency_key": "b27cec7ed0205d37f85550a77f78092a234a236f442ea6f7c5453c28b9910e2d"}	2026-03-06 10:32:25.051811+00
265	b549a1a7-f327-4214-8367-d8d316e5100c	applied	MEMORY_ADDED	Event applied successfully	{"code": "MEMORY_ADDED", "memory_id": "1bcd0e33-981b-4938-a2ce-16b3ec806ce7"}	2026-03-06 10:32:28.006234+00
266	f90f232e-f0e9-42a0-9c61-53f9ebe6b048	received	EVENT_JOURNALED	Event persisted to immutable journal	{"trace_id": "gate-20260306T103315Z-26628", "idempotency_key": "gate-low-add-entity-sb-accept-low-20260306103315"}	2026-03-06 10:33:15.592462+00
267	f90f232e-f0e9-42a0-9c61-53f9ebe6b048	applied	ENTITY_UPSERTED	Event applied successfully	{"code": "ENTITY_UPSERTED", "entity_id": "8ec61a81-ab81-4b01-9206-7602b792c477"}	2026-03-06 10:33:15.767223+00
268	f90f232e-f0e9-42a0-9c61-53f9ebe6b048	duplicate	DUPLICATE_EVENT	Event already exists in journal	{"idempotency_key": "gate-low-add-entity-sb-accept-low-20260306103315"}	2026-03-06 10:33:15.893702+00
269	be6501cd-a631-490f-8f8b-37aeb07ef661	received	EVENT_JOURNALED	Event persisted to immutable journal	{"trace_id": "gate-20260306T103316Z-1495", "idempotency_key": "gate-medium-memory-sb-accept-low-20260306103315"}	2026-03-06 10:33:16.097195+00
270	be6501cd-a631-490f-8f8b-37aeb07ef661	proposed	REVIEW_REQUIRED	Event requires review before apply	{}	2026-03-06 10:33:16.195078+00
271	be6501cd-a631-490f-8f8b-37aeb07ef661	applied	MEMORY_ADDED	Event applied successfully	{"code": "MEMORY_ADDED", "memory_id": "a427a15a-f467-45b3-b2e5-9d10ababee56"}	2026-03-06 10:33:16.290614+00
272	ba00bf1e-efc5-41a2-b90f-2d90d1335832	received	EVENT_JOURNALED	Event persisted to immutable journal	{"trace_id": "gate-20260306T103316Z-19842", "idempotency_key": "gate-link-missing-sb-accept-low-20260306103315"}	2026-03-06 10:33:16.565683+00
273	ba00bf1e-efc5-41a2-b90f-2d90d1335832	dead_letter	APPLY_FAILED	from_entity and to_entity are required and must exist	{"error": "from_entity and to_entity are required and must exist"}	2026-03-06 10:33:16.672982+00
274	6a5f7924-84ba-4d38-a53e-4043a7e8926b	received	EVENT_JOURNALED	Event persisted to immutable journal	{"trace_id": "gate-20260306T103316Z-22579", "idempotency_key": "gate-create-from-sb-accept-low-20260306103315"}	2026-03-06 10:33:16.858148+00
275	a2e51a47-4b3b-4b83-a810-83d30532ccc2	received	EVENT_JOURNALED	Event persisted to immutable journal	{"trace_id": "gate-20260306T103316Z-30064", "idempotency_key": "gate-create-to-sb-accept-low-20260306103315"}	2026-03-06 10:33:16.970673+00
276	6a5f7924-84ba-4d38-a53e-4043a7e8926b	applied	ENTITY_UPSERTED	Event applied successfully	{"code": "ENTITY_UPSERTED", "entity_id": "5e683b4d-7868-451f-8310-1dc2d9b8a3c7"}	2026-03-06 10:33:17.069338+00
277	a2e51a47-4b3b-4b83-a810-83d30532ccc2	applied	ENTITY_UPSERTED	Event applied successfully	{"code": "ENTITY_UPSERTED", "entity_id": "9b425099-1a3c-4652-8d60-80e5a485a3a9"}	2026-03-06 10:33:17.154902+00
278	ba00bf1e-efc5-41a2-b90f-2d90d1335832	applied	RELATIONSHIP_UPSERTED	Event applied successfully	{"code": "RELATIONSHIP_UPSERTED", "to_entity": "9b425099-1a3c-4652-8d60-80e5a485a3a9", "from_entity": "5e683b4d-7868-451f-8310-1dc2d9b8a3c7", "relation_type": "DEPENDS_ON"}	2026-03-06 10:33:17.259297+00
279	5e1b05cd-42f1-40c8-bd40-3955001c7b06	received	EVENT_JOURNALED	Event persisted to immutable journal	{"trace_id": "gate-cleanup-20260306T103321Z-6674", "idempotency_key": "gate-deprecate-service:sb-accept-low-20260306103315"}	2026-03-06 10:33:21.518092+00
280	5e1b05cd-42f1-40c8-bd40-3955001c7b06	applied	ENTITY_DEPRECATED	Event applied successfully	{"code": "ENTITY_DEPRECATED", "entity_natural_key": "service:sb-accept-low-20260306103315"}	2026-03-06 10:33:21.595652+00
281	1bc197e6-f949-4169-b031-045407ea5740	received	EVENT_JOURNALED	Event persisted to immutable journal	{"trace_id": "gate-cleanup-20260306T103321Z-20081", "idempotency_key": "gate-deprecate-endpoint:sb-missing-from-sb-accept-low-20260306103315.internal"}	2026-03-06 10:33:21.678508+00
282	1bc197e6-f949-4169-b031-045407ea5740	applied	ENTITY_DEPRECATED	Event applied successfully	{"code": "ENTITY_DEPRECATED", "entity_natural_key": "endpoint:sb-missing-from-sb-accept-low-20260306103315.internal"}	2026-03-06 10:33:21.757796+00
283	c830deee-9d0f-475e-8a58-5040642d3cb6	received	EVENT_JOURNALED	Event persisted to immutable journal	{"trace_id": "gate-cleanup-20260306T103321Z-16550", "idempotency_key": "gate-deprecate-endpoint:sb-missing-to-sb-accept-low-20260306103315.internal"}	2026-03-06 10:33:21.85677+00
284	c830deee-9d0f-475e-8a58-5040642d3cb6	applied	ENTITY_DEPRECATED	Event applied successfully	{"code": "ENTITY_DEPRECATED", "entity_natural_key": "endpoint:sb-missing-to-sb-accept-low-20260306103315.internal"}	2026-03-06 10:33:21.94027+00
285	c9abb9c7-728e-4264-8d55-d11f2107a490	received	EVENT_JOURNALED	Event persisted to immutable journal	{"trace_id": "26835165-087c-4a88-9447-4caf0d3aed54", "idempotency_key": "cccb97c1f0ed39317da2684eb43253e88e62a804fbdea48a71139b66caf31dce"}	2026-03-06 11:44:18.716805+00
286	c9abb9c7-728e-4264-8d55-d11f2107a490	applied	MEMORY_ADDED	Event applied successfully	{"code": "MEMORY_ADDED", "memory_id": "508c8ae9-e7c3-4e79-8fa2-ae4f3c419afa"}	2026-03-06 11:44:25.973506+00
287	7fba21b6-f232-48fa-a99f-cd85e4d3ba10	received	EVENT_JOURNALED	Event persisted to immutable journal	{"trace_id": "acct-ctrl-20260306-trace-entity-01", "idempotency_key": "acct-ctrl-20260306-add-hycrm-directus"}	2026-03-06 13:10:19.456698+00
288	27409d99-171c-4780-baaf-3d5c4f0cce71	received	EVENT_JOURNALED	Event persisted to immutable journal	{"trace_id": "acct-ctrl-20260306-trace-entity-02", "idempotency_key": "acct-ctrl-20260306-add-takbull-api"}	2026-03-06 13:10:19.52828+00
289	e48a9819-40c6-4bf9-a1b4-71548aa42da8	received	EVENT_JOURNALED	Event persisted to immutable journal	{"trace_id": "acct-ctrl-20260306-trace-memory-01", "idempotency_key": "acct-ctrl-20260306-memory-pack"}	2026-03-06 13:10:19.593786+00
290	7fba21b6-f232-48fa-a99f-cd85e4d3ba10	applied	ENTITY_UPSERTED	Event applied successfully	{"code": "ENTITY_UPSERTED", "entity_id": "76545b74-5516-49d9-8c32-fc41d1362ba9"}	2026-03-06 13:10:26.117821+00
291	27409d99-171c-4780-baaf-3d5c4f0cce71	applied	ENTITY_UPSERTED	Event applied successfully	{"code": "ENTITY_UPSERTED", "entity_id": "6630e557-bce2-4dd4-9635-cc7c3fb8be34"}	2026-03-06 13:10:26.197692+00
292	771a3c3e-532c-40b9-8d93-243da59459dd	received	EVENT_JOURNALED	Event persisted to immutable journal	{"trace_id": "acct-ctrl-20260306-trace-link-01", "idempotency_key": "acct-ctrl-20260306-link-hycrm-takbull"}	2026-03-06 13:10:30.491038+00
293	e48a9819-40c6-4bf9-a1b4-71548aa42da8	proposed	REVIEW_REQUIRED	Event requires review before apply	{}	2026-03-06 13:10:30.541875+00
294	771a3c3e-532c-40b9-8d93-243da59459dd	dead_letter	APPLY_FAILED	from_entity and to_entity are required and must exist	{"error": "from_entity and to_entity are required and must exist"}	2026-03-06 13:10:35.297351+00
295	e48a9819-40c6-4bf9-a1b4-71548aa42da8	proposed	REVIEW_REQUIRED	Event requires review before apply	{}	2026-03-06 13:10:35.363529+00
296	df1853b1-dc89-4ce0-a5dd-6f6026020356	received	EVENT_JOURNALED	Event persisted to immutable journal	{"trace_id": "acct-ctrl-20260306-trace-deprecate-01", "idempotency_key": "acct-ctrl-20260306-deprecate-hycrm-directus-manual"}	2026-03-06 13:11:38.437703+00
297	effff16e-8bfa-4080-a3ab-f7605e627ff9	received	EVENT_JOURNALED	Event persisted to immutable journal	{"trace_id": "acct-ctrl-20260306-trace-link-02", "idempotency_key": "acct-ctrl-20260306-link-hycrm-takbull-corrected"}	2026-03-06 13:11:38.551579+00
298	e48a9819-40c6-4bf9-a1b4-71548aa42da8	applied	MEMORY_ADDED	Event applied successfully	{"code": "MEMORY_ADDED", "memory_id": "d36070f2-cc51-4fea-b02c-b4f5000437ae"}	2026-03-06 13:11:38.594312+00
299	effff16e-8bfa-4080-a3ab-f7605e627ff9	applied	RELATIONSHIP_UPSERTED	Event applied successfully	{"code": "RELATIONSHIP_UPSERTED", "to_entity": "6630e557-bce2-4dd4-9635-cc7c3fb8be34", "from_entity": "20090ea8-932a-43bf-b6c5-7af81693e4a8", "relation_type": "DEPENDS_ON"}	2026-03-06 13:11:50.368568+00
300	df1853b1-dc89-4ce0-a5dd-6f6026020356	applied	ENTITY_DEPRECATED	Event applied successfully	{"code": "ENTITY_DEPRECATED", "entity_natural_key": "service:manual:hycrm-directus"}	2026-03-06 13:11:50.405577+00
301	771a3c3e-532c-40b9-8d93-243da59459dd	applied	RELATIONSHIP_UPSERTED	Event applied successfully	{"code": "RELATIONSHIP_UPSERTED", "to_entity": "6630e557-bce2-4dd4-9635-cc7c3fb8be34", "from_entity": "20090ea8-932a-43bf-b6c5-7af81693e4a8", "relation_type": "DEPENDS_ON"}	2026-03-06 13:13:00.627464+00
302	2c2755f6-57bc-4020-933f-8619d4d99b93	received	EVENT_JOURNALED	Event persisted to immutable journal	{"trace_id": "codex-lesson-media-pipeline-v2-20260306T1324Z", "idempotency_key": "lesson-media-pipeline-v2-e2e-20260306T1324Z"}	2026-03-06 13:24:34.188995+00
303	2c2755f6-57bc-4020-933f-8619d4d99b93	applied	MEMORY_ADDED	Event applied successfully	{"code": "MEMORY_ADDED", "memory_id": "dd0e5ec2-aa46-485c-907c-501e2d65163f"}	2026-03-06 13:24:40.781877+00
304	1d6fce41-464f-46b8-9029-9fc9e11589f0	received	EVENT_JOURNALED	Event persisted to immutable journal	{"trace_id": "gate-20260306T132612Z-1865", "idempotency_key": "gate-low-add-entity-sb-accept-low-20260306132612"}	2026-03-06 13:26:12.354629+00
305	1d6fce41-464f-46b8-9029-9fc9e11589f0	applied	ENTITY_UPSERTED	Event applied successfully	{"code": "ENTITY_UPSERTED", "entity_id": "814260cd-778f-4e15-bd4c-6cce957661f0"}	2026-03-06 13:26:12.550874+00
306	1d6fce41-464f-46b8-9029-9fc9e11589f0	duplicate	DUPLICATE_EVENT	Event already exists in journal	{"idempotency_key": "gate-low-add-entity-sb-accept-low-20260306132612"}	2026-03-06 13:26:12.759015+00
307	e68ae979-aa57-419d-ac70-ae00a62115b4	received	EVENT_JOURNALED	Event persisted to immutable journal	{"trace_id": "gate-20260306T132612Z-9436", "idempotency_key": "gate-medium-memory-sb-accept-low-20260306132612"}	2026-03-06 13:26:13.011998+00
308	e68ae979-aa57-419d-ac70-ae00a62115b4	proposed	REVIEW_REQUIRED	Event requires review before apply	{}	2026-03-06 13:26:13.131115+00
309	e68ae979-aa57-419d-ac70-ae00a62115b4	applied	MEMORY_ADDED	Event applied successfully	{"code": "MEMORY_ADDED", "memory_id": "a3390abd-5602-460f-80e8-36723fd56560"}	2026-03-06 13:26:13.250704+00
310	d5768b6d-896e-499b-8dc2-bf4d08870cfe	received	EVENT_JOURNALED	Event persisted to immutable journal	{"trace_id": "gate-20260306T132613Z-9875", "idempotency_key": "gate-link-missing-sb-accept-low-20260306132612"}	2026-03-06 13:26:13.53928+00
311	d5768b6d-896e-499b-8dc2-bf4d08870cfe	dead_letter	APPLY_FAILED	from_entity and to_entity are required and must exist	{"error": "from_entity and to_entity are required and must exist"}	2026-03-06 13:26:13.676736+00
312	a05dbe85-375a-47b9-a63e-e4df3b7e05ff	received	EVENT_JOURNALED	Event persisted to immutable journal	{"trace_id": "gate-20260306T132613Z-11228", "idempotency_key": "gate-create-from-sb-accept-low-20260306132612"}	2026-03-06 13:26:13.855611+00
313	e272230f-34c0-4cbf-89f1-f9b2b21a44ba	received	EVENT_JOURNALED	Event persisted to immutable journal	{"trace_id": "gate-20260306T132613Z-1369", "idempotency_key": "gate-create-to-sb-accept-low-20260306132612"}	2026-03-06 13:26:13.987024+00
314	a05dbe85-375a-47b9-a63e-e4df3b7e05ff	applied	ENTITY_UPSERTED	Event applied successfully	{"code": "ENTITY_UPSERTED", "entity_id": "27d9e704-ceb3-4e67-a662-6539e9861435"}	2026-03-06 13:26:14.087663+00
315	e272230f-34c0-4cbf-89f1-f9b2b21a44ba	applied	ENTITY_UPSERTED	Event applied successfully	{"code": "ENTITY_UPSERTED", "entity_id": "05cd6be0-c536-4183-89ac-926aa71be1c7"}	2026-03-06 13:26:14.201502+00
316	d5768b6d-896e-499b-8dc2-bf4d08870cfe	applied	RELATIONSHIP_UPSERTED	Event applied successfully	{"code": "RELATIONSHIP_UPSERTED", "to_entity": "05cd6be0-c536-4183-89ac-926aa71be1c7", "from_entity": "27d9e704-ceb3-4e67-a662-6539e9861435", "relation_type": "DEPENDS_ON"}	2026-03-06 13:26:14.339177+00
317	b6b1fce8-d44e-4a64-bfeb-4b80735c8eda	received	EVENT_JOURNALED	Event persisted to immutable journal	{"trace_id": "gate-cleanup-20260306T132618Z-1298", "idempotency_key": "gate-deprecate-service:sb-accept-low-20260306132612"}	2026-03-06 13:26:18.314164+00
318	b6b1fce8-d44e-4a64-bfeb-4b80735c8eda	applied	ENTITY_DEPRECATED	Event applied successfully	{"code": "ENTITY_DEPRECATED", "entity_natural_key": "service:sb-accept-low-20260306132612"}	2026-03-06 13:26:18.408701+00
319	8c895cc1-b952-44e1-9242-56e74ab0e754	received	EVENT_JOURNALED	Event persisted to immutable journal	{"trace_id": "gate-cleanup-20260306T132618Z-24917", "idempotency_key": "gate-deprecate-endpoint:sb-missing-from-sb-accept-low-20260306132612.internal"}	2026-03-06 13:26:18.502118+00
320	8c895cc1-b952-44e1-9242-56e74ab0e754	applied	ENTITY_DEPRECATED	Event applied successfully	{"code": "ENTITY_DEPRECATED", "entity_natural_key": "endpoint:sb-missing-from-sb-accept-low-20260306132612.internal"}	2026-03-06 13:26:18.581648+00
321	828ec8fc-8887-4a9b-bd9b-d9e54c4044ac	received	EVENT_JOURNALED	Event persisted to immutable journal	{"trace_id": "gate-cleanup-20260306T132618Z-19017", "idempotency_key": "gate-deprecate-endpoint:sb-missing-to-sb-accept-low-20260306132612.internal"}	2026-03-06 13:26:18.674195+00
322	828ec8fc-8887-4a9b-bd9b-d9e54c4044ac	applied	ENTITY_DEPRECATED	Event applied successfully	{"code": "ENTITY_DEPRECATED", "entity_natural_key": "endpoint:sb-missing-to-sb-accept-low-20260306132612.internal"}	2026-03-06 13:26:18.777788+00
323	61164d5b-6cb1-474e-8940-08c6c93173aa	received	EVENT_JOURNALED	Event persisted to immutable journal	{"trace_id": "20260306-lesson-media-pipeline-v2-hardening-entity", "idempotency_key": "20260306-lesson-media-pipeline-v2-hardening-entity"}	2026-03-06 14:28:51.590132+00
324	61164d5b-6cb1-474e-8940-08c6c93173aa	applied	ENTITY_UPSERTED	Event applied successfully	{"code": "ENTITY_UPSERTED", "entity_id": "f77ec33f-f107-4a8a-a074-113087e5054f"}	2026-03-06 14:29:02.75068+00
325	fec3881b-f571-465a-8ee0-ecbf910fc8be	received	EVENT_JOURNALED	Event persisted to immutable journal	{"trace_id": "20260306-lesson-media-pipeline-v2-hardening-memory", "idempotency_key": "20260306-lesson-media-pipeline-v2-hardening-memory"}	2026-03-06 14:29:15.634983+00
326	fec3881b-f571-465a-8ee0-ecbf910fc8be	applied	MEMORY_ADDED	Event applied successfully	{"code": "MEMORY_ADDED", "memory_id": "8c29292d-becd-4918-8407-91c35ed819f7"}	2026-03-06 14:29:20.062726+00
327	7aa986fb-827a-4c09-8940-d36013a84b01	received	EVENT_JOURNALED	Event persisted to immutable journal	{"trace_id": "gate-20260306T143014Z-1685", "idempotency_key": "gate-low-add-entity-sb-accept-low-20260306143014"}	2026-03-06 14:30:14.773661+00
328	7aa986fb-827a-4c09-8940-d36013a84b01	applied	ENTITY_UPSERTED	Event applied successfully	{"code": "ENTITY_UPSERTED", "entity_id": "ecb54414-b913-458f-ae2a-12862d79b0e2"}	2026-03-06 14:30:14.90005+00
329	7aa986fb-827a-4c09-8940-d36013a84b01	duplicate	DUPLICATE_EVENT	Event already exists in journal	{"idempotency_key": "gate-low-add-entity-sb-accept-low-20260306143014"}	2026-03-06 14:30:15.142703+00
330	5c8ed1c8-c5a9-47e1-a1ee-8866030544db	received	EVENT_JOURNALED	Event persisted to immutable journal	{"trace_id": "gate-20260306T143015Z-11442", "idempotency_key": "gate-medium-memory-sb-accept-low-20260306143014"}	2026-03-06 14:30:15.384231+00
331	5c8ed1c8-c5a9-47e1-a1ee-8866030544db	proposed	REVIEW_REQUIRED	Event requires review before apply	{}	2026-03-06 14:30:15.471511+00
332	5c8ed1c8-c5a9-47e1-a1ee-8866030544db	applied	MEMORY_ADDED	Event applied successfully	{"code": "MEMORY_ADDED", "memory_id": "7a833ebd-065b-4581-8505-85512fa1e939"}	2026-03-06 14:30:15.579187+00
333	912f29a9-9403-43f4-8686-519a5ebf1c0e	received	EVENT_JOURNALED	Event persisted to immutable journal	{"trace_id": "gate-20260306T143015Z-30949", "idempotency_key": "gate-link-missing-sb-accept-low-20260306143014"}	2026-03-06 14:30:15.770698+00
334	912f29a9-9403-43f4-8686-519a5ebf1c0e	dead_letter	APPLY_FAILED	from_entity and to_entity are required and must exist	{"error": "from_entity and to_entity are required and must exist"}	2026-03-06 14:30:15.864058+00
335	0e8c3c8c-5dfc-4c38-b962-86fa8cbc6eeb	received	EVENT_JOURNALED	Event persisted to immutable journal	{"trace_id": "gate-20260306T143015Z-16382", "idempotency_key": "gate-create-from-sb-accept-low-20260306143014"}	2026-03-06 14:30:15.977016+00
336	2f921aab-6481-44e5-9072-0ee6d09db16b	received	EVENT_JOURNALED	Event persisted to immutable journal	{"trace_id": "gate-20260306T143015Z-6590", "idempotency_key": "gate-create-to-sb-accept-low-20260306143014"}	2026-03-06 14:30:16.069319+00
337	0e8c3c8c-5dfc-4c38-b962-86fa8cbc6eeb	applied	ENTITY_UPSERTED	Event applied successfully	{"code": "ENTITY_UPSERTED", "entity_id": "7ca12bb6-dde8-4ac4-8c12-64927eda3f99"}	2026-03-06 14:30:16.177407+00
338	2f921aab-6481-44e5-9072-0ee6d09db16b	applied	ENTITY_UPSERTED	Event applied successfully	{"code": "ENTITY_UPSERTED", "entity_id": "e1e2f779-cc22-42c3-9d6c-d23152caab7e"}	2026-03-06 14:30:16.293145+00
339	912f29a9-9403-43f4-8686-519a5ebf1c0e	applied	RELATIONSHIP_UPSERTED	Event applied successfully	{"code": "RELATIONSHIP_UPSERTED", "to_entity": "e1e2f779-cc22-42c3-9d6c-d23152caab7e", "from_entity": "7ca12bb6-dde8-4ac4-8c12-64927eda3f99", "relation_type": "DEPENDS_ON"}	2026-03-06 14:30:16.414579+00
340	ae6aca31-823e-4735-81a3-e5d8647ec03d	received	EVENT_JOURNALED	Event persisted to immutable journal	{"trace_id": "gate-cleanup-20260306T143020Z-18832", "idempotency_key": "gate-deprecate-service:sb-accept-low-20260306143014"}	2026-03-06 14:30:20.153348+00
341	ae6aca31-823e-4735-81a3-e5d8647ec03d	applied	ENTITY_DEPRECATED	Event applied successfully	{"code": "ENTITY_DEPRECATED", "entity_natural_key": "service:sb-accept-low-20260306143014"}	2026-03-06 14:30:20.235947+00
342	7e221b6f-ad72-4e51-9309-1ba37523d0e2	received	EVENT_JOURNALED	Event persisted to immutable journal	{"trace_id": "gate-cleanup-20260306T143020Z-8306", "idempotency_key": "gate-deprecate-endpoint:sb-missing-from-sb-accept-low-20260306143014.internal"}	2026-03-06 14:30:20.343436+00
343	7e221b6f-ad72-4e51-9309-1ba37523d0e2	applied	ENTITY_DEPRECATED	Event applied successfully	{"code": "ENTITY_DEPRECATED", "entity_natural_key": "endpoint:sb-missing-from-sb-accept-low-20260306143014.internal"}	2026-03-06 14:30:20.430017+00
344	b194f978-b8bd-4c07-bc0e-6e3ed93f7494	received	EVENT_JOURNALED	Event persisted to immutable journal	{"trace_id": "gate-cleanup-20260306T143020Z-13707", "idempotency_key": "gate-deprecate-endpoint:sb-missing-to-sb-accept-low-20260306143014.internal"}	2026-03-06 14:30:20.531167+00
345	b194f978-b8bd-4c07-bc0e-6e3ed93f7494	applied	ENTITY_DEPRECATED	Event applied successfully	{"code": "ENTITY_DEPRECATED", "entity_natural_key": "endpoint:sb-missing-to-sb-accept-low-20260306143014.internal"}	2026-03-06 14:30:20.617285+00
346	88c09b5f-ecd9-4719-b9d5-6d8a8ba9c0ef	received	EVENT_JOURNALED	Event persisted to immutable journal	{"trace_id": "20260306-lesson-media-pipeline-v2-hardening-memory-update", "idempotency_key": "20260306-lesson-media-pipeline-v2-hardening-memory-update"}	2026-03-06 14:34:41.897813+00
347	88c09b5f-ecd9-4719-b9d5-6d8a8ba9c0ef	applied	MEMORY_UPDATED	Event applied successfully	{"code": "MEMORY_UPDATED", "memory_id": "8c29292d-becd-4918-8407-91c35ed819f7"}	2026-03-06 14:34:47.727827+00
348	1da4f89b-9cb9-488c-a195-1c1c1a7c19a8	received	EVENT_JOURNALED	Event persisted to immutable journal	{"trace_id": "gate-20260306T143505Z-9985", "idempotency_key": "gate-low-add-entity-sb-accept-low-20260306143505"}	2026-03-06 14:35:05.806671+00
349	1da4f89b-9cb9-488c-a195-1c1c1a7c19a8	applied	ENTITY_UPSERTED	Event applied successfully	{"code": "ENTITY_UPSERTED", "entity_id": "183b8ddd-3e4b-4465-af5c-efd5027c8416"}	2026-03-06 14:35:05.95499+00
350	1da4f89b-9cb9-488c-a195-1c1c1a7c19a8	duplicate	DUPLICATE_EVENT	Event already exists in journal	{"idempotency_key": "gate-low-add-entity-sb-accept-low-20260306143505"}	2026-03-06 14:35:06.098312+00
351	cefa34fa-a9ba-4061-bdcc-8257fe07db8a	received	EVENT_JOURNALED	Event persisted to immutable journal	{"trace_id": "gate-20260306T143506Z-20409", "idempotency_key": "gate-medium-memory-sb-accept-low-20260306143505"}	2026-03-06 14:35:06.330771+00
352	cefa34fa-a9ba-4061-bdcc-8257fe07db8a	proposed	REVIEW_REQUIRED	Event requires review before apply	{}	2026-03-06 14:35:06.422978+00
353	cefa34fa-a9ba-4061-bdcc-8257fe07db8a	applied	MEMORY_ADDED	Event applied successfully	{"code": "MEMORY_ADDED", "memory_id": "95b3be6a-5ff4-4cbd-a63a-424e16ab6470"}	2026-03-06 14:35:06.572135+00
354	103c9e72-c624-4fb4-941b-07036762adad	received	EVENT_JOURNALED	Event persisted to immutable journal	{"trace_id": "gate-20260306T143506Z-31565", "idempotency_key": "gate-link-missing-sb-accept-low-20260306143505"}	2026-03-06 14:35:06.884647+00
355	103c9e72-c624-4fb4-941b-07036762adad	dead_letter	APPLY_FAILED	from_entity and to_entity are required and must exist	{"error": "from_entity and to_entity are required and must exist"}	2026-03-06 14:35:07.014578+00
356	df90dbf9-483b-4834-b547-8c5122c7699c	received	EVENT_JOURNALED	Event persisted to immutable journal	{"trace_id": "gate-20260306T143507Z-18807", "idempotency_key": "gate-create-from-sb-accept-low-20260306143505"}	2026-03-06 14:35:07.201141+00
357	f20fdd3d-9937-41f5-9b98-eebe4d9e7b5b	received	EVENT_JOURNALED	Event persisted to immutable journal	{"trace_id": "gate-20260306T143507Z-7709", "idempotency_key": "gate-create-to-sb-accept-low-20260306143505"}	2026-03-06 14:35:07.315356+00
358	df90dbf9-483b-4834-b547-8c5122c7699c	applied	ENTITY_UPSERTED	Event applied successfully	{"code": "ENTITY_UPSERTED", "entity_id": "5660cf15-9db6-4dcc-ab40-ecde80312287"}	2026-03-06 14:35:07.446583+00
359	f20fdd3d-9937-41f5-9b98-eebe4d9e7b5b	applied	ENTITY_UPSERTED	Event applied successfully	{"code": "ENTITY_UPSERTED", "entity_id": "a772426e-12f1-43e1-b9e5-6239c1e04ecc"}	2026-03-06 14:35:07.643684+00
360	103c9e72-c624-4fb4-941b-07036762adad	applied	RELATIONSHIP_UPSERTED	Event applied successfully	{"code": "RELATIONSHIP_UPSERTED", "to_entity": "a772426e-12f1-43e1-b9e5-6239c1e04ecc", "from_entity": "5660cf15-9db6-4dcc-ab40-ecde80312287", "relation_type": "DEPENDS_ON"}	2026-03-06 14:35:07.788553+00
361	6552680e-0380-44f8-81c9-a44a8694e042	received	EVENT_JOURNALED	Event persisted to immutable journal	{"trace_id": "gate-cleanup-20260306T143511Z-16389", "idempotency_key": "gate-deprecate-service:sb-accept-low-20260306143505"}	2026-03-06 14:35:12.108144+00
362	6552680e-0380-44f8-81c9-a44a8694e042	applied	ENTITY_DEPRECATED	Event applied successfully	{"code": "ENTITY_DEPRECATED", "entity_natural_key": "service:sb-accept-low-20260306143505"}	2026-03-06 14:35:12.224206+00
363	98d1c005-7aa5-49a0-bdc5-330cadcea508	received	EVENT_JOURNALED	Event persisted to immutable journal	{"trace_id": "gate-cleanup-20260306T143512Z-6141", "idempotency_key": "gate-deprecate-endpoint:sb-missing-from-sb-accept-low-20260306143505.internal"}	2026-03-06 14:35:12.328155+00
364	98d1c005-7aa5-49a0-bdc5-330cadcea508	applied	ENTITY_DEPRECATED	Event applied successfully	{"code": "ENTITY_DEPRECATED", "entity_natural_key": "endpoint:sb-missing-from-sb-accept-low-20260306143505.internal"}	2026-03-06 14:35:12.418748+00
365	16ab8b31-7bdd-4e83-a11b-e1606a6171d3	received	EVENT_JOURNALED	Event persisted to immutable journal	{"trace_id": "gate-cleanup-20260306T143512Z-14229", "idempotency_key": "gate-deprecate-endpoint:sb-missing-to-sb-accept-low-20260306143505.internal"}	2026-03-06 14:35:12.523316+00
366	16ab8b31-7bdd-4e83-a11b-e1606a6171d3	applied	ENTITY_DEPRECATED	Event applied successfully	{"code": "ENTITY_DEPRECATED", "entity_natural_key": "endpoint:sb-missing-to-sb-accept-low-20260306143505.internal"}	2026-03-06 14:35:12.617042+00
367	c6cf1ef3-d8b5-4f46-a636-df24060ce79a	received	EVENT_JOURNALED	Event persisted to immutable journal	{"trace_id": "codex-n8n-smtp-fix-2026-03-08", "idempotency_key": "n8n-smtp-alias-auth-split-2026-03-08"}	2026-03-08 11:15:57.493304+00
368	c6cf1ef3-d8b5-4f46-a636-df24060ce79a	dead_letter	APPLY_FAILED	new row for relation "memory_records" violates check constraint "memory_records_change_origin_check"	{"error": "new row for relation \\"memory_records\\" violates check constraint \\"memory_records_change_origin_check\\""}	2026-03-08 11:16:00.263005+00
369	ca1f6770-cb02-403c-8e03-f57fc831aa83	received	EVENT_JOURNALED	Event persisted to immutable journal	{"trace_id": "codex-n8n-smtp-fix-2026-03-08-v2", "idempotency_key": "n8n-smtp-alias-auth-split-2026-03-08-v2"}	2026-03-08 11:16:29.189058+00
370	ca1f6770-cb02-403c-8e03-f57fc831aa83	duplicate	DUPLICATE_EVENT	Event already exists in journal	{"idempotency_key": "n8n-smtp-alias-auth-split-2026-03-08-v2"}	2026-03-08 11:16:29.279343+00
371	ca1f6770-cb02-403c-8e03-f57fc831aa83	applied	MEMORY_ADDED	Event applied successfully	{"code": "MEMORY_ADDED", "memory_id": "5b171761-c391-451d-aa70-50913e917c00"}	2026-03-08 11:16:32.089482+00
372	c6cf1ef3-d8b5-4f46-a636-df24060ce79a	rejected	SUPERSEDED	Rejected after corrected replacement event was applied	{"replacement_event_id": "ca1f6770-cb02-403c-8e03-f57fc831aa83"}	2026-03-08 11:16:42.662432+00
373	dac7b180-60c0-439c-b2e4-0ae01de17376	received	EVENT_JOURNALED	Event persisted to immutable journal	{"trace_id": "gate-20260308T111708Z-25191", "idempotency_key": "gate-low-add-entity-sb-accept-low-20260308111708"}	2026-03-08 11:17:08.259317+00
374	dac7b180-60c0-439c-b2e4-0ae01de17376	applied	ENTITY_UPSERTED	Event applied successfully	{"code": "ENTITY_UPSERTED", "entity_id": "5e1713f9-d9e3-40d1-943e-968bd475a22f"}	2026-03-08 11:17:08.331433+00
375	dac7b180-60c0-439c-b2e4-0ae01de17376	duplicate	DUPLICATE_EVENT	Event already exists in journal	{"idempotency_key": "gate-low-add-entity-sb-accept-low-20260308111708"}	2026-03-08 11:17:08.41864+00
376	2d4088dd-1b93-48bd-86aa-fcd371dff384	received	EVENT_JOURNALED	Event persisted to immutable journal	{"trace_id": "gate-20260308T111708Z-6487", "idempotency_key": "gate-medium-memory-sb-accept-low-20260308111708"}	2026-03-08 11:17:08.589313+00
377	2d4088dd-1b93-48bd-86aa-fcd371dff384	proposed	REVIEW_REQUIRED	Event requires review before apply	{}	2026-03-08 11:17:08.665109+00
378	2d4088dd-1b93-48bd-86aa-fcd371dff384	applied	MEMORY_ADDED	Event applied successfully	{"code": "MEMORY_ADDED", "memory_id": "cbb5757d-39d9-4c69-9223-ddbffb9598a4"}	2026-03-08 11:17:08.753397+00
379	20aa7c06-afd4-4822-a913-7a053500cd56	received	EVENT_JOURNALED	Event persisted to immutable journal	{"trace_id": "gate-20260308T111708Z-29801", "idempotency_key": "gate-link-missing-sb-accept-low-20260308111708"}	2026-03-08 11:17:08.9202+00
380	20aa7c06-afd4-4822-a913-7a053500cd56	dead_letter	APPLY_FAILED	from_entity and to_entity are required and must exist	{"error": "from_entity and to_entity are required and must exist"}	2026-03-08 11:17:09.002408+00
381	c08c45d2-ab78-4a07-96b1-c42c4b10e760	received	EVENT_JOURNALED	Event persisted to immutable journal	{"trace_id": "gate-20260308T111709Z-12102", "idempotency_key": "gate-create-from-sb-accept-low-20260308111708"}	2026-03-08 11:17:09.118604+00
382	85679270-8da7-4c6e-b714-38dacd545a75	received	EVENT_JOURNALED	Event persisted to immutable journal	{"trace_id": "gate-20260308T111709Z-13339", "idempotency_key": "gate-create-to-sb-accept-low-20260308111708"}	2026-03-08 11:17:09.213217+00
383	c08c45d2-ab78-4a07-96b1-c42c4b10e760	applied	ENTITY_UPSERTED	Event applied successfully	{"code": "ENTITY_UPSERTED", "entity_id": "b16a051b-f18b-4a9f-aeab-c9f959e28551"}	2026-03-08 11:17:09.298957+00
384	85679270-8da7-4c6e-b714-38dacd545a75	applied	ENTITY_UPSERTED	Event applied successfully	{"code": "ENTITY_UPSERTED", "entity_id": "4c6ca5cd-5634-4754-91dd-51a45ac13009"}	2026-03-08 11:17:09.388159+00
385	20aa7c06-afd4-4822-a913-7a053500cd56	applied	RELATIONSHIP_UPSERTED	Event applied successfully	{"code": "RELATIONSHIP_UPSERTED", "to_entity": "4c6ca5cd-5634-4754-91dd-51a45ac13009", "from_entity": "b16a051b-f18b-4a9f-aeab-c9f959e28551", "relation_type": "DEPENDS_ON"}	2026-03-08 11:17:09.479046+00
386	279151b9-c329-4164-94f2-a99b414d0d7e	received	EVENT_JOURNALED	Event persisted to immutable journal	{"trace_id": "gate-cleanup-20260308T111713Z-7472", "idempotency_key": "gate-deprecate-service:sb-accept-low-20260308111708"}	2026-03-08 11:17:13.124596+00
387	279151b9-c329-4164-94f2-a99b414d0d7e	applied	ENTITY_DEPRECATED	Event applied successfully	{"code": "ENTITY_DEPRECATED", "entity_natural_key": "service:sb-accept-low-20260308111708"}	2026-03-08 11:17:13.248356+00
388	bd6fa6f3-9181-440f-8a98-8a767af6a104	received	EVENT_JOURNALED	Event persisted to immutable journal	{"trace_id": "gate-cleanup-20260308T111713Z-13200", "idempotency_key": "gate-deprecate-endpoint:sb-missing-from-sb-accept-low-20260308111708.internal"}	2026-03-08 11:17:13.34481+00
389	bd6fa6f3-9181-440f-8a98-8a767af6a104	applied	ENTITY_DEPRECATED	Event applied successfully	{"code": "ENTITY_DEPRECATED", "entity_natural_key": "endpoint:sb-missing-from-sb-accept-low-20260308111708.internal"}	2026-03-08 11:17:13.432526+00
390	c27addea-a850-4a01-a71c-3fc76aeaa73b	received	EVENT_JOURNALED	Event persisted to immutable journal	{"trace_id": "gate-cleanup-20260308T111713Z-2810", "idempotency_key": "gate-deprecate-endpoint:sb-missing-to-sb-accept-low-20260308111708.internal"}	2026-03-08 11:17:13.549126+00
391	c27addea-a850-4a01-a71c-3fc76aeaa73b	applied	ENTITY_DEPRECATED	Event applied successfully	{"code": "ENTITY_DEPRECATED", "entity_natural_key": "endpoint:sb-missing-to-sb-accept-low-20260308111708.internal"}	2026-03-08 11:17:13.645085+00
392	08534166-9bb5-49a8-8cdc-245e441ddb81	received	EVENT_JOURNALED	Event persisted to immutable journal	{"trace_id": "codex-n8n-notify-recipient-2026-03-08", "idempotency_key": "n8n-notify-email-to-hoshenyehuda-2026-03-08"}	2026-03-08 11:54:10.355015+00
393	08534166-9bb5-49a8-8cdc-245e441ddb81	applied	MEMORY_ADDED	Event applied successfully	{"code": "MEMORY_ADDED", "memory_id": "3c33401b-4398-4e60-8084-0d085cc68811"}	2026-03-08 11:54:12.810604+00
\.


--
-- Name: app_users_id_seq; Type: SEQUENCE SET; Schema: public; Owner: directus
--

SELECT pg_catalog.setval('public.app_users_id_seq', 3, true);


--
-- Name: directus_activity_id_seq; Type: SEQUENCE SET; Schema: public; Owner: postgres
--

SELECT pg_catalog.setval('public.directus_activity_id_seq', 181, true);


--
-- Name: directus_fields_id_seq; Type: SEQUENCE SET; Schema: public; Owner: postgres
--

SELECT pg_catalog.setval('public.directus_fields_id_seq', 82, true);


--
-- Name: directus_notifications_id_seq; Type: SEQUENCE SET; Schema: public; Owner: postgres
--

SELECT pg_catalog.setval('public.directus_notifications_id_seq', 1, false);


--
-- Name: directus_permissions_id_seq; Type: SEQUENCE SET; Schema: public; Owner: postgres
--

SELECT pg_catalog.setval('public.directus_permissions_id_seq', 1, false);


--
-- Name: directus_presets_id_seq; Type: SEQUENCE SET; Schema: public; Owner: postgres
--

SELECT pg_catalog.setval('public.directus_presets_id_seq', 12, true);


--
-- Name: directus_relations_id_seq; Type: SEQUENCE SET; Schema: public; Owner: postgres
--

SELECT pg_catalog.setval('public.directus_relations_id_seq', 1, false);


--
-- Name: directus_revisions_id_seq; Type: SEQUENCE SET; Schema: public; Owner: postgres
--

SELECT pg_catalog.setval('public.directus_revisions_id_seq', 140, true);


--
-- Name: directus_settings_id_seq; Type: SEQUENCE SET; Schema: public; Owner: postgres
--

SELECT pg_catalog.setval('public.directus_settings_id_seq', 1, true);


--
-- Name: invites_id_seq; Type: SEQUENCE SET; Schema: public; Owner: directus
--

SELECT pg_catalog.setval('public.invites_id_seq', 1, true);


--
-- Name: memberships_id_seq; Type: SEQUENCE SET; Schema: public; Owner: directus
--

SELECT pg_catalog.setval('public.memberships_id_seq', 5, true);


--
-- Name: notes_id_seq; Type: SEQUENCE SET; Schema: public; Owner: directus
--

SELECT pg_catalog.setval('public.notes_id_seq', 1, false);


--
-- Name: push_subscriptions_id_seq; Type: SEQUENCE SET; Schema: public; Owner: directus
--

SELECT pg_catalog.setval('public.push_subscriptions_id_seq', 1, false);


--
-- Name: reagents_id_seq; Type: SEQUENCE SET; Schema: public; Owner: directus
--

SELECT pg_catalog.setval('public.reagents_id_seq', 18, true);


--
-- Name: settings_id_seq; Type: SEQUENCE SET; Schema: public; Owner: directus
--

SELECT pg_catalog.setval('public.settings_id_seq', 3, true);


--
-- Name: teams_id_seq; Type: SEQUENCE SET; Schema: public; Owner: directus
--

SELECT pg_catalog.setval('public.teams_id_seq', 3, true);


--
-- Name: update_journal_journal_offset_seq; Type: SEQUENCE SET; Schema: second_brain; Owner: postgres
--

SELECT pg_catalog.setval('second_brain.update_journal_journal_offset_seq', 153, true);


--
-- Name: update_outcomes_outcome_id_seq; Type: SEQUENCE SET; Schema: second_brain; Owner: postgres
--

SELECT pg_catalog.setval('second_brain.update_outcomes_outcome_id_seq', 393, true);


--
-- Name: bank_rows bank_rows_pkey; Type: CONSTRAINT; Schema: crm; Owner: postgres
--

ALTER TABLE ONLY crm.bank_rows
    ADD CONSTRAINT bank_rows_pkey PRIMARY KEY (id);


--
-- Name: categories categories_name_key; Type: CONSTRAINT; Schema: crm; Owner: postgres
--

ALTER TABLE ONLY crm.categories
    ADD CONSTRAINT categories_name_key UNIQUE (name);


--
-- Name: categories categories_pkey; Type: CONSTRAINT; Schema: crm; Owner: postgres
--

ALTER TABLE ONLY crm.categories
    ADD CONSTRAINT categories_pkey PRIMARY KEY (id);


--
-- Name: contact_tags contact_tags_pkey; Type: CONSTRAINT; Schema: crm; Owner: postgres
--

ALTER TABLE ONLY crm.contact_tags
    ADD CONSTRAINT contact_tags_pkey PRIMARY KEY (id);


--
-- Name: contact_tags contact_tags_unique; Type: CONSTRAINT; Schema: crm; Owner: postgres
--

ALTER TABLE ONLY crm.contact_tags
    ADD CONSTRAINT contact_tags_unique UNIQUE (contact_id, tag_id);


--
-- Name: contacts contacts_phone_e164_unique; Type: CONSTRAINT; Schema: crm; Owner: postgres
--

ALTER TABLE ONLY crm.contacts
    ADD CONSTRAINT contacts_phone_e164_unique UNIQUE (phone_e164);


--
-- Name: contacts contacts_pkey; Type: CONSTRAINT; Schema: crm; Owner: postgres
--

ALTER TABLE ONLY crm.contacts
    ADD CONSTRAINT contacts_pkey PRIMARY KEY (id);


--
-- Name: interactions interactions_pkey; Type: CONSTRAINT; Schema: crm; Owner: postgres
--

ALTER TABLE ONLY crm.interactions
    ADD CONSTRAINT interactions_pkey PRIMARY KEY (id);


--
-- Name: payment_events_raw payment_events_raw_pkey; Type: CONSTRAINT; Schema: crm; Owner: postgres
--

ALTER TABLE ONLY crm.payment_events_raw
    ADD CONSTRAINT payment_events_raw_pkey PRIMARY KEY (id);


--
-- Name: receipts receipts_pkey; Type: CONSTRAINT; Schema: crm; Owner: postgres
--

ALTER TABLE ONLY crm.receipts
    ADD CONSTRAINT receipts_pkey PRIMARY KEY (id);


--
-- Name: tags tags_name_key; Type: CONSTRAINT; Schema: crm; Owner: postgres
--

ALTER TABLE ONLY crm.tags
    ADD CONSTRAINT tags_name_key UNIQUE (name);


--
-- Name: tags tags_pkey; Type: CONSTRAINT; Schema: crm; Owner: postgres
--

ALTER TABLE ONLY crm.tags
    ADD CONSTRAINT tags_pkey PRIMARY KEY (id);


--
-- Name: transactions transactions_pkey; Type: CONSTRAINT; Schema: crm; Owner: postgres
--

ALTER TABLE ONLY crm.transactions
    ADD CONSTRAINT transactions_pkey PRIMARY KEY (id);


--
-- Name: ActiveAlert ActiveAlert_pkey; Type: CONSTRAINT; Schema: inventory; Owner: postgres
--

ALTER TABLE ONLY inventory."ActiveAlert"
    ADD CONSTRAINT "ActiveAlert_pkey" PRIMARY KEY (id);


--
-- Name: ActivityLog ActivityLog_pkey; Type: CONSTRAINT; Schema: inventory; Owner: postgres
--

ALTER TABLE ONLY inventory."ActivityLog"
    ADD CONSTRAINT "ActivityLog_pkey" PRIMARY KEY (id);


--
-- Name: AlertRule AlertRule_pkey; Type: CONSTRAINT; Schema: inventory; Owner: postgres
--

ALTER TABLE ONLY inventory."AlertRule"
    ADD CONSTRAINT "AlertRule_pkey" PRIMARY KEY (id);


--
-- Name: ArchivedData ArchivedData_pkey; Type: CONSTRAINT; Schema: inventory; Owner: postgres
--

ALTER TABLE ONLY inventory."ArchivedData"
    ADD CONSTRAINT "ArchivedData_pkey" PRIMARY KEY (id);


--
-- Name: ArchivedReport ArchivedReport_pkey; Type: CONSTRAINT; Schema: inventory; Owner: postgres
--

ALTER TABLE ONLY inventory."ArchivedReport"
    ADD CONSTRAINT "ArchivedReport_pkey" PRIMARY KEY (id);


--
-- Name: BarcodeFormat BarcodeFormat_pkey; Type: CONSTRAINT; Schema: inventory; Owner: postgres
--

ALTER TABLE ONLY inventory."BarcodeFormat"
    ADD CONSTRAINT "BarcodeFormat_pkey" PRIMARY KEY (id);


--
-- Name: CompletedInventoryCount CompletedInventoryCount_pkey; Type: CONSTRAINT; Schema: inventory; Owner: postgres
--

ALTER TABLE ONLY inventory."CompletedInventoryCount"
    ADD CONSTRAINT "CompletedInventoryCount_pkey" PRIMARY KEY (id);


--
-- Name: DashboardNote DashboardNote_pkey; Type: CONSTRAINT; Schema: inventory; Owner: postgres
--

ALTER TABLE ONLY inventory."DashboardNote"
    ADD CONSTRAINT "DashboardNote_pkey" PRIMARY KEY (id);


--
-- Name: DeliveryItem DeliveryItem_pkey; Type: CONSTRAINT; Schema: inventory; Owner: postgres
--

ALTER TABLE ONLY inventory."DeliveryItem"
    ADD CONSTRAINT "DeliveryItem_pkey" PRIMARY KEY (id);


--
-- Name: Delivery Delivery_pkey; Type: CONSTRAINT; Schema: inventory; Owner: postgres
--

ALTER TABLE ONLY inventory."Delivery"
    ADD CONSTRAINT "Delivery_pkey" PRIMARY KEY (id);


--
-- Name: DispenseEvent DispenseEvent_pkey; Type: CONSTRAINT; Schema: inventory; Owner: postgres
--

ALTER TABLE ONLY inventory."DispenseEvent"
    ADD CONSTRAINT "DispenseEvent_pkey" PRIMARY KEY (id);


--
-- Name: DocumentationNote DocumentationNote_pkey; Type: CONSTRAINT; Schema: inventory; Owner: postgres
--

ALTER TABLE ONLY inventory."DocumentationNote"
    ADD CONSTRAINT "DocumentationNote_pkey" PRIMARY KEY (id);


--
-- Name: ExpiredProductLog ExpiredProductLog_pkey; Type: CONSTRAINT; Schema: inventory; Owner: postgres
--

ALTER TABLE ONLY inventory."ExpiredProductLog"
    ADD CONSTRAINT "ExpiredProductLog_pkey" PRIMARY KEY (id);


--
-- Name: FrameworkOrderItem FrameworkOrderItem_pkey; Type: CONSTRAINT; Schema: inventory; Owner: postgres
--

ALTER TABLE ONLY inventory."FrameworkOrderItem"
    ADD CONSTRAINT "FrameworkOrderItem_pkey" PRIMARY KEY (id);


--
-- Name: FrameworkOrder FrameworkOrder_pkey; Type: CONSTRAINT; Schema: inventory; Owner: postgres
--

ALTER TABLE ONLY inventory."FrameworkOrder"
    ADD CONSTRAINT "FrameworkOrder_pkey" PRIMARY KEY (id);


--
-- Name: InventoryCountDraft InventoryCountDraft_pkey; Type: CONSTRAINT; Schema: inventory; Owner: postgres
--

ALTER TABLE ONLY inventory."InventoryCountDraft"
    ADD CONSTRAINT "InventoryCountDraft_pkey" PRIMARY KEY (id);


--
-- Name: InventoryCountEntry InventoryCountEntry_pkey; Type: CONSTRAINT; Schema: inventory; Owner: postgres
--

ALTER TABLE ONLY inventory."InventoryCountEntry"
    ADD CONSTRAINT "InventoryCountEntry_pkey" PRIMARY KEY (id);


--
-- Name: InventoryTransaction InventoryTransaction_pkey; Type: CONSTRAINT; Schema: inventory; Owner: postgres
--

ALTER TABLE ONLY inventory."InventoryTransaction"
    ADD CONSTRAINT "InventoryTransaction_pkey" PRIMARY KEY (id);


--
-- Name: OrderItem OrderItem_pkey; Type: CONSTRAINT; Schema: inventory; Owner: postgres
--

ALTER TABLE ONLY inventory."OrderItem"
    ADD CONSTRAINT "OrderItem_pkey" PRIMARY KEY (id);


--
-- Name: Order Order_pkey; Type: CONSTRAINT; Schema: inventory; Owner: postgres
--

ALTER TABLE ONLY inventory."Order"
    ADD CONSTRAINT "Order_pkey" PRIMARY KEY (id);


--
-- Name: PartialDisposal PartialDisposal_pkey; Type: CONSTRAINT; Schema: inventory; Owner: postgres
--

ALTER TABLE ONLY inventory."PartialDisposal"
    ADD CONSTRAINT "PartialDisposal_pkey" PRIMARY KEY (id);


--
-- Name: ReagentBatch ReagentBatch_pkey; Type: CONSTRAINT; Schema: inventory; Owner: postgres
--

ALTER TABLE ONLY inventory."ReagentBatch"
    ADD CONSTRAINT "ReagentBatch_pkey" PRIMARY KEY (id);


--
-- Name: Reagent Reagent_pkey; Type: CONSTRAINT; Schema: inventory; Owner: postgres
--

ALTER TABLE ONLY inventory."Reagent"
    ADD CONSTRAINT "Reagent_pkey" PRIMARY KEY (id);


--
-- Name: ScheduledReminder ScheduledReminder_pkey; Type: CONSTRAINT; Schema: inventory; Owner: postgres
--

ALTER TABLE ONLY inventory."ScheduledReminder"
    ADD CONSTRAINT "ScheduledReminder_pkey" PRIMARY KEY (id);


--
-- Name: ShipmentItem ShipmentItem_pkey; Type: CONSTRAINT; Schema: inventory; Owner: postgres
--

ALTER TABLE ONLY inventory."ShipmentItem"
    ADD CONSTRAINT "ShipmentItem_pkey" PRIMARY KEY (id);


--
-- Name: Shipment Shipment_pkey; Type: CONSTRAINT; Schema: inventory; Owner: postgres
--

ALTER TABLE ONLY inventory."Shipment"
    ADD CONSTRAINT "Shipment_pkey" PRIMARY KEY (id);


--
-- Name: SupplierContact SupplierContact_pkey; Type: CONSTRAINT; Schema: inventory; Owner: postgres
--

ALTER TABLE ONLY inventory."SupplierContact"
    ADD CONSTRAINT "SupplierContact_pkey" PRIMARY KEY (id);


--
-- Name: Supplier Supplier_pkey; Type: CONSTRAINT; Schema: inventory; Owner: postgres
--

ALTER TABLE ONLY inventory."Supplier"
    ADD CONSTRAINT "Supplier_pkey" PRIMARY KEY (id);


--
-- Name: SystemSettings SystemSettings_pkey; Type: CONSTRAINT; Schema: inventory; Owner: postgres
--

ALTER TABLE ONLY inventory."SystemSettings"
    ADD CONSTRAINT "SystemSettings_pkey" PRIMARY KEY (id);


--
-- Name: WithdrawalItem WithdrawalItem_pkey; Type: CONSTRAINT; Schema: inventory; Owner: postgres
--

ALTER TABLE ONLY inventory."WithdrawalItem"
    ADD CONSTRAINT "WithdrawalItem_pkey" PRIMARY KEY (id);


--
-- Name: WithdrawalRequest WithdrawalRequest_pkey; Type: CONSTRAINT; Schema: inventory; Owner: postgres
--

ALTER TABLE ONLY inventory."WithdrawalRequest"
    ADD CONSTRAINT "WithdrawalRequest_pkey" PRIMARY KEY (id);


--
-- Name: app_users app_users_pkey; Type: CONSTRAINT; Schema: inventory; Owner: postgres
--

ALTER TABLE ONLY inventory.app_users
    ADD CONSTRAINT app_users_pkey PRIMARY KEY (id);


--
-- Name: refresh_tokens refresh_tokens_pkey; Type: CONSTRAINT; Schema: inventory; Owner: postgres
--

ALTER TABLE ONLY inventory.refresh_tokens
    ADD CONSTRAINT refresh_tokens_pkey PRIMARY KEY (id);


--
-- Name: refresh_tokens refresh_tokens_token_hash_key; Type: CONSTRAINT; Schema: inventory; Owner: postgres
--

ALTER TABLE ONLY inventory.refresh_tokens
    ADD CONSTRAINT refresh_tokens_token_hash_key UNIQUE (token_hash);


--
-- Name: app_users app_users_email_unique; Type: CONSTRAINT; Schema: public; Owner: directus
--

ALTER TABLE ONLY public.app_users
    ADD CONSTRAINT app_users_email_unique UNIQUE (email);


--
-- Name: app_users app_users_google_id_unique; Type: CONSTRAINT; Schema: public; Owner: directus
--

ALTER TABLE ONLY public.app_users
    ADD CONSTRAINT app_users_google_id_unique UNIQUE (google_id);


--
-- Name: app_users app_users_pkey; Type: CONSTRAINT; Schema: public; Owner: directus
--

ALTER TABLE ONLY public.app_users
    ADD CONSTRAINT app_users_pkey PRIMARY KEY (id);


--
-- Name: auth_audit auth_audit_pkey; Type: CONSTRAINT; Schema: public; Owner: postgres
--

ALTER TABLE ONLY public.auth_audit
    ADD CONSTRAINT auth_audit_pkey PRIMARY KEY (id);


--
-- Name: directus_access directus_access_pkey; Type: CONSTRAINT; Schema: public; Owner: postgres
--

ALTER TABLE ONLY public.directus_access
    ADD CONSTRAINT directus_access_pkey PRIMARY KEY (id);


--
-- Name: directus_activity directus_activity_pkey; Type: CONSTRAINT; Schema: public; Owner: postgres
--

ALTER TABLE ONLY public.directus_activity
    ADD CONSTRAINT directus_activity_pkey PRIMARY KEY (id);


--
-- Name: directus_collections directus_collections_pkey; Type: CONSTRAINT; Schema: public; Owner: postgres
--

ALTER TABLE ONLY public.directus_collections
    ADD CONSTRAINT directus_collections_pkey PRIMARY KEY (collection);


--
-- Name: directus_comments directus_comments_pkey; Type: CONSTRAINT; Schema: public; Owner: postgres
--

ALTER TABLE ONLY public.directus_comments
    ADD CONSTRAINT directus_comments_pkey PRIMARY KEY (id);


--
-- Name: directus_dashboards directus_dashboards_pkey; Type: CONSTRAINT; Schema: public; Owner: postgres
--

ALTER TABLE ONLY public.directus_dashboards
    ADD CONSTRAINT directus_dashboards_pkey PRIMARY KEY (id);


--
-- Name: directus_extensions directus_extensions_pkey; Type: CONSTRAINT; Schema: public; Owner: postgres
--

ALTER TABLE ONLY public.directus_extensions
    ADD CONSTRAINT directus_extensions_pkey PRIMARY KEY (id);


--
-- Name: directus_fields directus_fields_pkey; Type: CONSTRAINT; Schema: public; Owner: postgres
--

ALTER TABLE ONLY public.directus_fields
    ADD CONSTRAINT directus_fields_pkey PRIMARY KEY (id);


--
-- Name: directus_files directus_files_pkey; Type: CONSTRAINT; Schema: public; Owner: postgres
--

ALTER TABLE ONLY public.directus_files
    ADD CONSTRAINT directus_files_pkey PRIMARY KEY (id);


--
-- Name: directus_flows directus_flows_operation_unique; Type: CONSTRAINT; Schema: public; Owner: postgres
--

ALTER TABLE ONLY public.directus_flows
    ADD CONSTRAINT directus_flows_operation_unique UNIQUE (operation);


--
-- Name: directus_flows directus_flows_pkey; Type: CONSTRAINT; Schema: public; Owner: postgres
--

ALTER TABLE ONLY public.directus_flows
    ADD CONSTRAINT directus_flows_pkey PRIMARY KEY (id);


--
-- Name: directus_folders directus_folders_pkey; Type: CONSTRAINT; Schema: public; Owner: postgres
--

ALTER TABLE ONLY public.directus_folders
    ADD CONSTRAINT directus_folders_pkey PRIMARY KEY (id);


--
-- Name: directus_migrations directus_migrations_pkey; Type: CONSTRAINT; Schema: public; Owner: postgres
--

ALTER TABLE ONLY public.directus_migrations
    ADD CONSTRAINT directus_migrations_pkey PRIMARY KEY (version);


--
-- Name: directus_notifications directus_notifications_pkey; Type: CONSTRAINT; Schema: public; Owner: postgres
--

ALTER TABLE ONLY public.directus_notifications
    ADD CONSTRAINT directus_notifications_pkey PRIMARY KEY (id);


--
-- Name: directus_operations directus_operations_pkey; Type: CONSTRAINT; Schema: public; Owner: postgres
--

ALTER TABLE ONLY public.directus_operations
    ADD CONSTRAINT directus_operations_pkey PRIMARY KEY (id);


--
-- Name: directus_operations directus_operations_reject_unique; Type: CONSTRAINT; Schema: public; Owner: postgres
--

ALTER TABLE ONLY public.directus_operations
    ADD CONSTRAINT directus_operations_reject_unique UNIQUE (reject);


--
-- Name: directus_operations directus_operations_resolve_unique; Type: CONSTRAINT; Schema: public; Owner: postgres
--

ALTER TABLE ONLY public.directus_operations
    ADD CONSTRAINT directus_operations_resolve_unique UNIQUE (resolve);


--
-- Name: directus_panels directus_panels_pkey; Type: CONSTRAINT; Schema: public; Owner: postgres
--

ALTER TABLE ONLY public.directus_panels
    ADD CONSTRAINT directus_panels_pkey PRIMARY KEY (id);


--
-- Name: directus_permissions directus_permissions_pkey; Type: CONSTRAINT; Schema: public; Owner: postgres
--

ALTER TABLE ONLY public.directus_permissions
    ADD CONSTRAINT directus_permissions_pkey PRIMARY KEY (id);


--
-- Name: directus_policies directus_policies_pkey; Type: CONSTRAINT; Schema: public; Owner: postgres
--

ALTER TABLE ONLY public.directus_policies
    ADD CONSTRAINT directus_policies_pkey PRIMARY KEY (id);


--
-- Name: directus_presets directus_presets_pkey; Type: CONSTRAINT; Schema: public; Owner: postgres
--

ALTER TABLE ONLY public.directus_presets
    ADD CONSTRAINT directus_presets_pkey PRIMARY KEY (id);


--
-- Name: directus_relations directus_relations_pkey; Type: CONSTRAINT; Schema: public; Owner: postgres
--

ALTER TABLE ONLY public.directus_relations
    ADD CONSTRAINT directus_relations_pkey PRIMARY KEY (id);


--
-- Name: directus_revisions directus_revisions_pkey; Type: CONSTRAINT; Schema: public; Owner: postgres
--

ALTER TABLE ONLY public.directus_revisions
    ADD CONSTRAINT directus_revisions_pkey PRIMARY KEY (id);


--
-- Name: directus_roles directus_roles_pkey; Type: CONSTRAINT; Schema: public; Owner: postgres
--

ALTER TABLE ONLY public.directus_roles
    ADD CONSTRAINT directus_roles_pkey PRIMARY KEY (id);


--
-- Name: directus_sessions directus_sessions_pkey; Type: CONSTRAINT; Schema: public; Owner: postgres
--

ALTER TABLE ONLY public.directus_sessions
    ADD CONSTRAINT directus_sessions_pkey PRIMARY KEY (token);


--
-- Name: directus_settings directus_settings_pkey; Type: CONSTRAINT; Schema: public; Owner: postgres
--

ALTER TABLE ONLY public.directus_settings
    ADD CONSTRAINT directus_settings_pkey PRIMARY KEY (id);


--
-- Name: directus_shares directus_shares_pkey; Type: CONSTRAINT; Schema: public; Owner: postgres
--

ALTER TABLE ONLY public.directus_shares
    ADD CONSTRAINT directus_shares_pkey PRIMARY KEY (id);


--
-- Name: directus_translations directus_translations_pkey; Type: CONSTRAINT; Schema: public; Owner: postgres
--

ALTER TABLE ONLY public.directus_translations
    ADD CONSTRAINT directus_translations_pkey PRIMARY KEY (id);


--
-- Name: directus_users directus_users_email_unique; Type: CONSTRAINT; Schema: public; Owner: postgres
--

ALTER TABLE ONLY public.directus_users
    ADD CONSTRAINT directus_users_email_unique UNIQUE (email);


--
-- Name: directus_users directus_users_external_identifier_unique; Type: CONSTRAINT; Schema: public; Owner: postgres
--

ALTER TABLE ONLY public.directus_users
    ADD CONSTRAINT directus_users_external_identifier_unique UNIQUE (external_identifier);


--
-- Name: directus_users directus_users_pkey; Type: CONSTRAINT; Schema: public; Owner: postgres
--

ALTER TABLE ONLY public.directus_users
    ADD CONSTRAINT directus_users_pkey PRIMARY KEY (id);


--
-- Name: directus_users directus_users_token_unique; Type: CONSTRAINT; Schema: public; Owner: postgres
--

ALTER TABLE ONLY public.directus_users
    ADD CONSTRAINT directus_users_token_unique UNIQUE (token);


--
-- Name: directus_versions directus_versions_pkey; Type: CONSTRAINT; Schema: public; Owner: postgres
--

ALTER TABLE ONLY public.directus_versions
    ADD CONSTRAINT directus_versions_pkey PRIMARY KEY (id);


--
-- Name: invites invites_code_unique; Type: CONSTRAINT; Schema: public; Owner: directus
--

ALTER TABLE ONLY public.invites
    ADD CONSTRAINT invites_code_unique UNIQUE (code);


--
-- Name: invites invites_pkey; Type: CONSTRAINT; Schema: public; Owner: directus
--

ALTER TABLE ONLY public.invites
    ADD CONSTRAINT invites_pkey PRIMARY KEY (id);


--
-- Name: memberships memberships_pkey; Type: CONSTRAINT; Schema: public; Owner: directus
--

ALTER TABLE ONLY public.memberships
    ADD CONSTRAINT memberships_pkey PRIMARY KEY (id);


--
-- Name: notes notes_pkey; Type: CONSTRAINT; Schema: public; Owner: directus
--

ALTER TABLE ONLY public.notes
    ADD CONSTRAINT notes_pkey PRIMARY KEY (id);


--
-- Name: oauth_accounts oauth_accounts_pkey; Type: CONSTRAINT; Schema: public; Owner: postgres
--

ALTER TABLE ONLY public.oauth_accounts
    ADD CONSTRAINT oauth_accounts_pkey PRIMARY KEY (id);


--
-- Name: oauth_accounts oauth_accounts_provider_provider_account_id_key; Type: CONSTRAINT; Schema: public; Owner: postgres
--

ALTER TABLE ONLY public.oauth_accounts
    ADD CONSTRAINT oauth_accounts_provider_provider_account_id_key UNIQUE (provider, provider_account_id);


--
-- Name: push_subscriptions push_subscriptions_pkey; Type: CONSTRAINT; Schema: public; Owner: directus
--

ALTER TABLE ONLY public.push_subscriptions
    ADD CONSTRAINT push_subscriptions_pkey PRIMARY KEY (id);


--
-- Name: reagents reagents_pkey; Type: CONSTRAINT; Schema: public; Owner: directus
--

ALTER TABLE ONLY public.reagents
    ADD CONSTRAINT reagents_pkey PRIMARY KEY (id);


--
-- Name: session session_pkey; Type: CONSTRAINT; Schema: public; Owner: postgres
--

ALTER TABLE ONLY public.session
    ADD CONSTRAINT session_pkey PRIMARY KEY (sid);


--
-- Name: settings settings_pkey; Type: CONSTRAINT; Schema: public; Owner: directus
--

ALTER TABLE ONLY public.settings
    ADD CONSTRAINT settings_pkey PRIMARY KEY (id);


--
-- Name: teams teams_pkey; Type: CONSTRAINT; Schema: public; Owner: directus
--

ALTER TABLE ONLY public.teams
    ADD CONSTRAINT teams_pkey PRIMARY KEY (id);


--
-- Name: users users_email_key; Type: CONSTRAINT; Schema: public; Owner: postgres
--

ALTER TABLE ONLY public.users
    ADD CONSTRAINT users_email_key UNIQUE (email);


--
-- Name: users users_pkey; Type: CONSTRAINT; Schema: public; Owner: postgres
--

ALTER TABLE ONLY public.users
    ADD CONSTRAINT users_pkey PRIMARY KEY (id);


--
-- Name: dead_letters dead_letters_pkey; Type: CONSTRAINT; Schema: second_brain; Owner: postgres
--

ALTER TABLE ONLY second_brain.dead_letters
    ADD CONSTRAINT dead_letters_pkey PRIMARY KEY (event_id);


--
-- Name: entities entities_natural_key_key; Type: CONSTRAINT; Schema: second_brain; Owner: postgres
--

ALTER TABLE ONLY second_brain.entities
    ADD CONSTRAINT entities_natural_key_key UNIQUE (natural_key);


--
-- Name: entities entities_pkey; Type: CONSTRAINT; Schema: second_brain; Owner: postgres
--

ALTER TABLE ONLY second_brain.entities
    ADD CONSTRAINT entities_pkey PRIMARY KEY (entity_id);


--
-- Name: memory_records memory_records_pkey; Type: CONSTRAINT; Schema: second_brain; Owner: postgres
--

ALTER TABLE ONLY second_brain.memory_records
    ADD CONSTRAINT memory_records_pkey PRIMARY KEY (memory_id);


--
-- Name: reconciliation_reports reconciliation_reports_pkey; Type: CONSTRAINT; Schema: second_brain; Owner: postgres
--

ALTER TABLE ONLY second_brain.reconciliation_reports
    ADD CONSTRAINT reconciliation_reports_pkey PRIMARY KEY (report_id);


--
-- Name: relationships relationships_from_entity_relation_type_to_entity_key; Type: CONSTRAINT; Schema: second_brain; Owner: postgres
--

ALTER TABLE ONLY second_brain.relationships
    ADD CONSTRAINT relationships_from_entity_relation_type_to_entity_key UNIQUE (from_entity, relation_type, to_entity);


--
-- Name: relationships relationships_pkey; Type: CONSTRAINT; Schema: second_brain; Owner: postgres
--

ALTER TABLE ONLY second_brain.relationships
    ADD CONSTRAINT relationships_pkey PRIMARY KEY (relationship_id);


--
-- Name: source_registry source_registry_pkey; Type: CONSTRAINT; Schema: second_brain; Owner: postgres
--

ALTER TABLE ONLY second_brain.source_registry
    ADD CONSTRAINT source_registry_pkey PRIMARY KEY (source_id);


--
-- Name: update_journal update_journal_idempotency_key_key; Type: CONSTRAINT; Schema: second_brain; Owner: postgres
--

ALTER TABLE ONLY second_brain.update_journal
    ADD CONSTRAINT update_journal_idempotency_key_key UNIQUE (idempotency_key);


--
-- Name: update_journal update_journal_journal_offset_key; Type: CONSTRAINT; Schema: second_brain; Owner: postgres
--

ALTER TABLE ONLY second_brain.update_journal
    ADD CONSTRAINT update_journal_journal_offset_key UNIQUE (journal_offset);


--
-- Name: update_journal update_journal_pkey; Type: CONSTRAINT; Schema: second_brain; Owner: postgres
--

ALTER TABLE ONLY second_brain.update_journal
    ADD CONSTRAINT update_journal_pkey PRIMARY KEY (event_id);


--
-- Name: update_outcomes update_outcomes_pkey; Type: CONSTRAINT; Schema: second_brain; Owner: postgres
--

ALTER TABLE ONLY second_brain.update_outcomes
    ADD CONSTRAINT update_outcomes_pkey PRIMARY KEY (outcome_id);


--
-- Name: idx_bank_rows_import_batch_id; Type: INDEX; Schema: crm; Owner: postgres
--

CREATE INDEX idx_bank_rows_import_batch_id ON crm.bank_rows USING btree (import_batch_id);


--
-- Name: idx_interactions_contact_id; Type: INDEX; Schema: crm; Owner: postgres
--

CREATE INDEX idx_interactions_contact_id ON crm.interactions USING btree (contact_id);


--
-- Name: idx_payment_events_external_ref; Type: INDEX; Schema: crm; Owner: postgres
--

CREATE INDEX idx_payment_events_external_ref ON crm.payment_events_raw USING btree (external_ref);


--
-- Name: idx_transactions_contact_id; Type: INDEX; Schema: crm; Owner: postgres
--

CREATE INDEX idx_transactions_contact_id ON crm.transactions USING btree (contact_id);


--
-- Name: idx_transactions_external_ref; Type: INDEX; Schema: crm; Owner: postgres
--

CREATE INDEX idx_transactions_external_ref ON crm.transactions USING btree (external_ref);


--
-- Name: ActiveAlert_alertRuleId_idx; Type: INDEX; Schema: inventory; Owner: postgres
--

CREATE INDEX "ActiveAlert_alertRuleId_idx" ON inventory."ActiveAlert" USING btree ("alertRuleId");


--
-- Name: ActiveAlert_createdAt_idx; Type: INDEX; Schema: inventory; Owner: postgres
--

CREATE INDEX "ActiveAlert_createdAt_idx" ON inventory."ActiveAlert" USING btree ("createdAt");


--
-- Name: ActiveAlert_entityType_entityId_idx; Type: INDEX; Schema: inventory; Owner: postgres
--

CREATE INDEX "ActiveAlert_entityType_entityId_idx" ON inventory."ActiveAlert" USING btree ("entityType", "entityId");


--
-- Name: ActiveAlert_severity_idx; Type: INDEX; Schema: inventory; Owner: postgres
--

CREATE INDEX "ActiveAlert_severity_idx" ON inventory."ActiveAlert" USING btree (severity);


--
-- Name: ActiveAlert_status_idx; Type: INDEX; Schema: inventory; Owner: postgres
--

CREATE INDEX "ActiveAlert_status_idx" ON inventory."ActiveAlert" USING btree (status);


--
-- Name: ActivityLog_createdAt_idx; Type: INDEX; Schema: inventory; Owner: postgres
--

CREATE INDEX "ActivityLog_createdAt_idx" ON inventory."ActivityLog" USING btree ("createdAt");


--
-- Name: ActivityLog_entityType_entityId_idx; Type: INDEX; Schema: inventory; Owner: postgres
--

CREATE INDEX "ActivityLog_entityType_entityId_idx" ON inventory."ActivityLog" USING btree ("entityType", "entityId");


--
-- Name: ActivityLog_userId_idx; Type: INDEX; Schema: inventory; Owner: postgres
--

CREATE INDEX "ActivityLog_userId_idx" ON inventory."ActivityLog" USING btree ("userId");


--
-- Name: AlertRule_isActive_idx; Type: INDEX; Schema: inventory; Owner: postgres
--

CREATE INDEX "AlertRule_isActive_idx" ON inventory."AlertRule" USING btree ("isActive");


--
-- Name: AlertRule_ruleType_idx; Type: INDEX; Schema: inventory; Owner: postgres
--

CREATE INDEX "AlertRule_ruleType_idx" ON inventory."AlertRule" USING btree ("ruleType");


--
-- Name: ArchivedData_archivedAt_idx; Type: INDEX; Schema: inventory; Owner: postgres
--

CREATE INDEX "ArchivedData_archivedAt_idx" ON inventory."ArchivedData" USING btree ("archivedAt");


--
-- Name: ArchivedData_entityType_idx; Type: INDEX; Schema: inventory; Owner: postgres
--

CREATE INDEX "ArchivedData_entityType_idx" ON inventory."ArchivedData" USING btree ("entityType");


--
-- Name: ArchivedReport_reportDate_idx; Type: INDEX; Schema: inventory; Owner: postgres
--

CREATE INDEX "ArchivedReport_reportDate_idx" ON inventory."ArchivedReport" USING btree ("reportDate");


--
-- Name: ArchivedReport_reportType_idx; Type: INDEX; Schema: inventory; Owner: postgres
--

CREATE INDEX "ArchivedReport_reportType_idx" ON inventory."ArchivedReport" USING btree ("reportType");


--
-- Name: BarcodeFormat_barcodeType_idx; Type: INDEX; Schema: inventory; Owner: postgres
--

CREATE INDEX "BarcodeFormat_barcodeType_idx" ON inventory."BarcodeFormat" USING btree ("barcodeType");


--
-- Name: BarcodeFormat_supplierId_idx; Type: INDEX; Schema: inventory; Owner: postgres
--

CREATE INDEX "BarcodeFormat_supplierId_idx" ON inventory."BarcodeFormat" USING btree ("supplierId");


--
-- Name: CompletedInventoryCount_countDate_idx; Type: INDEX; Schema: inventory; Owner: postgres
--

CREATE INDEX "CompletedInventoryCount_countDate_idx" ON inventory."CompletedInventoryCount" USING btree ("countDate");


--
-- Name: DashboardNote_dismissedAt_idx; Type: INDEX; Schema: inventory; Owner: postgres
--

CREATE INDEX "DashboardNote_dismissedAt_idx" ON inventory."DashboardNote" USING btree ("dismissedAt");


--
-- Name: DashboardNote_isPinned_idx; Type: INDEX; Schema: inventory; Owner: postgres
--

CREATE INDEX "DashboardNote_isPinned_idx" ON inventory."DashboardNote" USING btree ("isPinned");


--
-- Name: DashboardNote_noteType_idx; Type: INDEX; Schema: inventory; Owner: postgres
--

CREATE INDEX "DashboardNote_noteType_idx" ON inventory."DashboardNote" USING btree ("noteType");


--
-- Name: DeliveryItem_deliveryId_idx; Type: INDEX; Schema: inventory; Owner: postgres
--

CREATE INDEX "DeliveryItem_deliveryId_idx" ON inventory."DeliveryItem" USING btree ("deliveryId");


--
-- Name: DeliveryItem_reagentId_idx; Type: INDEX; Schema: inventory; Owner: postgres
--

CREATE INDEX "DeliveryItem_reagentId_idx" ON inventory."DeliveryItem" USING btree ("reagentId");


--
-- Name: Delivery_deliveryDate_idx; Type: INDEX; Schema: inventory; Owner: postgres
--

CREATE INDEX "Delivery_deliveryDate_idx" ON inventory."Delivery" USING btree ("deliveryDate");


--
-- Name: Delivery_deliveryNumber_key; Type: INDEX; Schema: inventory; Owner: postgres
--

CREATE UNIQUE INDEX "Delivery_deliveryNumber_key" ON inventory."Delivery" USING btree ("deliveryNumber");


--
-- Name: Delivery_orderId_idx; Type: INDEX; Schema: inventory; Owner: postgres
--

CREATE INDEX "Delivery_orderId_idx" ON inventory."Delivery" USING btree ("orderId");


--
-- Name: Delivery_status_idx; Type: INDEX; Schema: inventory; Owner: postgres
--

CREATE INDEX "Delivery_status_idx" ON inventory."Delivery" USING btree (status);


--
-- Name: Delivery_supplierId_idx; Type: INDEX; Schema: inventory; Owner: postgres
--

CREATE INDEX "Delivery_supplierId_idx" ON inventory."Delivery" USING btree ("supplierId");


--
-- Name: DispenseEvent_batchId_idx; Type: INDEX; Schema: inventory; Owner: postgres
--

CREATE INDEX "DispenseEvent_batchId_idx" ON inventory."DispenseEvent" USING btree ("batchId");


--
-- Name: DispenseEvent_dispensedAt_idx; Type: INDEX; Schema: inventory; Owner: postgres
--

CREATE INDEX "DispenseEvent_dispensedAt_idx" ON inventory."DispenseEvent" USING btree ("dispensedAt");


--
-- Name: DispenseEvent_dispensedById_idx; Type: INDEX; Schema: inventory; Owner: postgres
--

CREATE INDEX "DispenseEvent_dispensedById_idx" ON inventory."DispenseEvent" USING btree ("dispensedById");


--
-- Name: DispenseEvent_reagentId_idx; Type: INDEX; Schema: inventory; Owner: postgres
--

CREATE INDEX "DispenseEvent_reagentId_idx" ON inventory."DispenseEvent" USING btree ("reagentId");


--
-- Name: DocumentationNote_category_idx; Type: INDEX; Schema: inventory; Owner: postgres
--

CREATE INDEX "DocumentationNote_category_idx" ON inventory."DocumentationNote" USING btree (category);


--
-- Name: DocumentationNote_pageId_idx; Type: INDEX; Schema: inventory; Owner: postgres
--

CREATE INDEX "DocumentationNote_pageId_idx" ON inventory."DocumentationNote" USING btree ("pageId");


--
-- Name: ExpiredProductLog_batchId_idx; Type: INDEX; Schema: inventory; Owner: postgres
--

CREATE INDEX "ExpiredProductLog_batchId_idx" ON inventory."ExpiredProductLog" USING btree ("batchId");


--
-- Name: ExpiredProductLog_handledAt_idx; Type: INDEX; Schema: inventory; Owner: postgres
--

CREATE INDEX "ExpiredProductLog_handledAt_idx" ON inventory."ExpiredProductLog" USING btree ("handledAt");


--
-- Name: FrameworkOrderItem_frameworkOrderId_idx; Type: INDEX; Schema: inventory; Owner: postgres
--

CREATE INDEX "FrameworkOrderItem_frameworkOrderId_idx" ON inventory."FrameworkOrderItem" USING btree ("frameworkOrderId");


--
-- Name: FrameworkOrderItem_reagentId_idx; Type: INDEX; Schema: inventory; Owner: postgres
--

CREATE INDEX "FrameworkOrderItem_reagentId_idx" ON inventory."FrameworkOrderItem" USING btree ("reagentId");


--
-- Name: FrameworkOrder_orderId_key; Type: INDEX; Schema: inventory; Owner: postgres
--

CREATE UNIQUE INDEX "FrameworkOrder_orderId_key" ON inventory."FrameworkOrder" USING btree ("orderId");


--
-- Name: FrameworkOrder_validFrom_validTo_idx; Type: INDEX; Schema: inventory; Owner: postgres
--

CREATE INDEX "FrameworkOrder_validFrom_validTo_idx" ON inventory."FrameworkOrder" USING btree ("validFrom", "validTo");


--
-- Name: InventoryCountDraft_status_idx; Type: INDEX; Schema: inventory; Owner: postgres
--

CREATE INDEX "InventoryCountDraft_status_idx" ON inventory."InventoryCountDraft" USING btree (status);


--
-- Name: InventoryCountEntry_countDraftId_idx; Type: INDEX; Schema: inventory; Owner: postgres
--

CREATE INDEX "InventoryCountEntry_countDraftId_idx" ON inventory."InventoryCountEntry" USING btree ("countDraftId");


--
-- Name: InventoryCountEntry_reagentId_idx; Type: INDEX; Schema: inventory; Owner: postgres
--

CREATE INDEX "InventoryCountEntry_reagentId_idx" ON inventory."InventoryCountEntry" USING btree ("reagentId");


--
-- Name: InventoryTransaction_batchId_idx; Type: INDEX; Schema: inventory; Owner: postgres
--

CREATE INDEX "InventoryTransaction_batchId_idx" ON inventory."InventoryTransaction" USING btree ("batchId");


--
-- Name: InventoryTransaction_createdAt_idx; Type: INDEX; Schema: inventory; Owner: postgres
--

CREATE INDEX "InventoryTransaction_createdAt_idx" ON inventory."InventoryTransaction" USING btree ("createdAt");


--
-- Name: InventoryTransaction_reagentId_idx; Type: INDEX; Schema: inventory; Owner: postgres
--

CREATE INDEX "InventoryTransaction_reagentId_idx" ON inventory."InventoryTransaction" USING btree ("reagentId");


--
-- Name: InventoryTransaction_transactionType_idx; Type: INDEX; Schema: inventory; Owner: postgres
--

CREATE INDEX "InventoryTransaction_transactionType_idx" ON inventory."InventoryTransaction" USING btree ("transactionType");


--
-- Name: OrderItem_orderId_idx; Type: INDEX; Schema: inventory; Owner: postgres
--

CREATE INDEX "OrderItem_orderId_idx" ON inventory."OrderItem" USING btree ("orderId");


--
-- Name: OrderItem_reagentId_idx; Type: INDEX; Schema: inventory; Owner: postgres
--

CREATE INDEX "OrderItem_reagentId_idx" ON inventory."OrderItem" USING btree ("reagentId");


--
-- Name: Order_orderDate_idx; Type: INDEX; Schema: inventory; Owner: postgres
--

CREATE INDEX "Order_orderDate_idx" ON inventory."Order" USING btree ("orderDate");


--
-- Name: Order_orderType_idx; Type: INDEX; Schema: inventory; Owner: postgres
--

CREATE INDEX "Order_orderType_idx" ON inventory."Order" USING btree ("orderType");


--
-- Name: Order_status_idx; Type: INDEX; Schema: inventory; Owner: postgres
--

CREATE INDEX "Order_status_idx" ON inventory."Order" USING btree (status);


--
-- Name: Order_supplierId_idx; Type: INDEX; Schema: inventory; Owner: postgres
--

CREATE INDEX "Order_supplierId_idx" ON inventory."Order" USING btree ("supplierId");


--
-- Name: Order_tempNumber_key; Type: INDEX; Schema: inventory; Owner: postgres
--

CREATE UNIQUE INDEX "Order_tempNumber_key" ON inventory."Order" USING btree ("tempNumber");


--
-- Name: PartialDisposal_batchId_idx; Type: INDEX; Schema: inventory; Owner: postgres
--

CREATE INDEX "PartialDisposal_batchId_idx" ON inventory."PartialDisposal" USING btree ("batchId");


--
-- Name: PartialDisposal_disposedAt_idx; Type: INDEX; Schema: inventory; Owner: postgres
--

CREATE INDEX "PartialDisposal_disposedAt_idx" ON inventory."PartialDisposal" USING btree ("disposedAt");


--
-- Name: ReagentBatch_deliveryId_idx; Type: INDEX; Schema: inventory; Owner: postgres
--

CREATE INDEX "ReagentBatch_deliveryId_idx" ON inventory."ReagentBatch" USING btree ("deliveryId");


--
-- Name: ReagentBatch_expiryDate_idx; Type: INDEX; Schema: inventory; Owner: postgres
--

CREATE INDEX "ReagentBatch_expiryDate_idx" ON inventory."ReagentBatch" USING btree ("expiryDate");


--
-- Name: ReagentBatch_reagentId_batchNumber_key; Type: INDEX; Schema: inventory; Owner: postgres
--

CREATE UNIQUE INDEX "ReagentBatch_reagentId_batchNumber_key" ON inventory."ReagentBatch" USING btree ("reagentId", "batchNumber");


--
-- Name: ReagentBatch_reagentId_idx; Type: INDEX; Schema: inventory; Owner: postgres
--

CREATE INDEX "ReagentBatch_reagentId_idx" ON inventory."ReagentBatch" USING btree ("reagentId");


--
-- Name: ReagentBatch_status_idx; Type: INDEX; Schema: inventory; Owner: postgres
--

CREATE INDEX "ReagentBatch_status_idx" ON inventory."ReagentBatch" USING btree (status);


--
-- Name: Reagent_category_idx; Type: INDEX; Schema: inventory; Owner: postgres
--

CREATE INDEX "Reagent_category_idx" ON inventory."Reagent" USING btree (category);


--
-- Name: Reagent_currentStockStatus_idx; Type: INDEX; Schema: inventory; Owner: postgres
--

CREATE INDEX "Reagent_currentStockStatus_idx" ON inventory."Reagent" USING btree ("currentStockStatus");


--
-- Name: Reagent_isDeleted_idx; Type: INDEX; Schema: inventory; Owner: postgres
--

CREATE INDEX "Reagent_isDeleted_idx" ON inventory."Reagent" USING btree ("isDeleted");


--
-- Name: Reagent_name_supplierId_key; Type: INDEX; Schema: inventory; Owner: postgres
--

CREATE UNIQUE INDEX "Reagent_name_supplierId_key" ON inventory."Reagent" USING btree (name, "supplierId");


--
-- Name: Reagent_nearestExpiryDate_idx; Type: INDEX; Schema: inventory; Owner: postgres
--

CREATE INDEX "Reagent_nearestExpiryDate_idx" ON inventory."Reagent" USING btree ("nearestExpiryDate");


--
-- Name: Reagent_supplierId_idx; Type: INDEX; Schema: inventory; Owner: postgres
--

CREATE INDEX "Reagent_supplierId_idx" ON inventory."Reagent" USING btree ("supplierId");


--
-- Name: ScheduledReminder_isCompleted_idx; Type: INDEX; Schema: inventory; Owner: postgres
--

CREATE INDEX "ScheduledReminder_isCompleted_idx" ON inventory."ScheduledReminder" USING btree ("isCompleted");


--
-- Name: ScheduledReminder_targetDate_idx; Type: INDEX; Schema: inventory; Owner: postgres
--

CREATE INDEX "ScheduledReminder_targetDate_idx" ON inventory."ScheduledReminder" USING btree ("targetDate");


--
-- Name: ShipmentItem_reagentId_idx; Type: INDEX; Schema: inventory; Owner: postgres
--

CREATE INDEX "ShipmentItem_reagentId_idx" ON inventory."ShipmentItem" USING btree ("reagentId");


--
-- Name: ShipmentItem_shipmentId_idx; Type: INDEX; Schema: inventory; Owner: postgres
--

CREATE INDEX "ShipmentItem_shipmentId_idx" ON inventory."ShipmentItem" USING btree ("shipmentId");


--
-- Name: Shipment_shipmentDate_idx; Type: INDEX; Schema: inventory; Owner: postgres
--

CREATE INDEX "Shipment_shipmentDate_idx" ON inventory."Shipment" USING btree ("shipmentDate");


--
-- Name: Shipment_shipmentNumber_key; Type: INDEX; Schema: inventory; Owner: postgres
--

CREATE UNIQUE INDEX "Shipment_shipmentNumber_key" ON inventory."Shipment" USING btree ("shipmentNumber");


--
-- Name: Shipment_status_idx; Type: INDEX; Schema: inventory; Owner: postgres
--

CREATE INDEX "Shipment_status_idx" ON inventory."Shipment" USING btree (status);


--
-- Name: SupplierContact_supplierId_idx; Type: INDEX; Schema: inventory; Owner: postgres
--

CREATE INDEX "SupplierContact_supplierId_idx" ON inventory."SupplierContact" USING btree ("supplierId");


--
-- Name: Supplier_isActive_idx; Type: INDEX; Schema: inventory; Owner: postgres
--

CREATE INDEX "Supplier_isActive_idx" ON inventory."Supplier" USING btree ("isActive");


--
-- Name: Supplier_name_idx; Type: INDEX; Schema: inventory; Owner: postgres
--

CREATE INDEX "Supplier_name_idx" ON inventory."Supplier" USING btree (name);


--
-- Name: Supplier_name_key; Type: INDEX; Schema: inventory; Owner: postgres
--

CREATE UNIQUE INDEX "Supplier_name_key" ON inventory."Supplier" USING btree (name);


--
-- Name: SystemSettings_key_key; Type: INDEX; Schema: inventory; Owner: postgres
--

CREATE UNIQUE INDEX "SystemSettings_key_key" ON inventory."SystemSettings" USING btree (key);


--
-- Name: WithdrawalItem_reagentId_idx; Type: INDEX; Schema: inventory; Owner: postgres
--

CREATE INDEX "WithdrawalItem_reagentId_idx" ON inventory."WithdrawalItem" USING btree ("reagentId");


--
-- Name: WithdrawalItem_withdrawalRequestId_idx; Type: INDEX; Schema: inventory; Owner: postgres
--

CREATE INDEX "WithdrawalItem_withdrawalRequestId_idx" ON inventory."WithdrawalItem" USING btree ("withdrawalRequestId");


--
-- Name: WithdrawalRequest_frameworkOrderId_idx; Type: INDEX; Schema: inventory; Owner: postgres
--

CREATE INDEX "WithdrawalRequest_frameworkOrderId_idx" ON inventory."WithdrawalRequest" USING btree ("frameworkOrderId");


--
-- Name: WithdrawalRequest_requestDate_idx; Type: INDEX; Schema: inventory; Owner: postgres
--

CREATE INDEX "WithdrawalRequest_requestDate_idx" ON inventory."WithdrawalRequest" USING btree ("requestDate");


--
-- Name: WithdrawalRequest_status_idx; Type: INDEX; Schema: inventory; Owner: postgres
--

CREATE INDEX "WithdrawalRequest_status_idx" ON inventory."WithdrawalRequest" USING btree (status);


--
-- Name: WithdrawalRequest_supplierId_idx; Type: INDEX; Schema: inventory; Owner: postgres
--

CREATE INDEX "WithdrawalRequest_supplierId_idx" ON inventory."WithdrawalRequest" USING btree ("supplierId");


--
-- Name: WithdrawalRequest_withdrawalNumber_key; Type: INDEX; Schema: inventory; Owner: postgres
--

CREATE UNIQUE INDEX "WithdrawalRequest_withdrawalNumber_key" ON inventory."WithdrawalRequest" USING btree ("withdrawalNumber");


--
-- Name: app_users_email_idx; Type: INDEX; Schema: inventory; Owner: postgres
--

CREATE INDEX app_users_email_idx ON inventory.app_users USING btree (email);


--
-- Name: app_users_email_key; Type: INDEX; Schema: inventory; Owner: postgres
--

CREATE UNIQUE INDEX app_users_email_key ON inventory.app_users USING btree (email);


--
-- Name: app_users_isActive_idx; Type: INDEX; Schema: inventory; Owner: postgres
--

CREATE INDEX "app_users_isActive_idx" ON inventory.app_users USING btree ("isActive");


--
-- Name: app_users_role_idx; Type: INDEX; Schema: inventory; Owner: postgres
--

CREATE INDEX app_users_role_idx ON inventory.app_users USING btree (role);


--
-- Name: refresh_tokens_expires_at_idx; Type: INDEX; Schema: inventory; Owner: postgres
--

CREATE INDEX refresh_tokens_expires_at_idx ON inventory.refresh_tokens USING btree (expires_at);


--
-- Name: refresh_tokens_revoked_at_idx; Type: INDEX; Schema: inventory; Owner: postgres
--

CREATE INDEX refresh_tokens_revoked_at_idx ON inventory.refresh_tokens USING btree (revoked_at);


--
-- Name: refresh_tokens_user_id_idx; Type: INDEX; Schema: inventory; Owner: postgres
--

CREATE INDEX refresh_tokens_user_id_idx ON inventory.refresh_tokens USING btree (user_id);


--
-- Name: IDX_session_expire; Type: INDEX; Schema: public; Owner: postgres
--

CREATE INDEX "IDX_session_expire" ON public.session USING btree (expire);


--
-- Name: auth_audit_created_at_idx; Type: INDEX; Schema: public; Owner: postgres
--

CREATE INDEX auth_audit_created_at_idx ON public.auth_audit USING btree (created_at DESC);


--
-- Name: directus_activity_timestamp_index; Type: INDEX; Schema: public; Owner: postgres
--

CREATE INDEX directus_activity_timestamp_index ON public.directus_activity USING btree ("timestamp");


--
-- Name: directus_revisions_activity_index; Type: INDEX; Schema: public; Owner: postgres
--

CREATE INDEX directus_revisions_activity_index ON public.directus_revisions USING btree (activity);


--
-- Name: directus_revisions_parent_index; Type: INDEX; Schema: public; Owner: postgres
--

CREATE INDEX directus_revisions_parent_index ON public.directus_revisions USING btree (parent);


--
-- Name: idx_second_brain_entities_name; Type: INDEX; Schema: second_brain; Owner: postgres
--

CREATE INDEX idx_second_brain_entities_name ON second_brain.entities USING btree (name);


--
-- Name: idx_second_brain_entities_type; Type: INDEX; Schema: second_brain; Owner: postgres
--

CREATE INDEX idx_second_brain_entities_type ON second_brain.entities USING btree (entity_type);


--
-- Name: idx_second_brain_journal_received_at; Type: INDEX; Schema: second_brain; Owner: postgres
--

CREATE INDEX idx_second_brain_journal_received_at ON second_brain.update_journal USING btree (received_at DESC);


--
-- Name: idx_second_brain_journal_state; Type: INDEX; Schema: second_brain; Owner: postgres
--

CREATE INDEX idx_second_brain_journal_state ON second_brain.update_journal USING btree (state);


--
-- Name: idx_second_brain_memory_entity_refs; Type: INDEX; Schema: second_brain; Owner: postgres
--

CREATE INDEX idx_second_brain_memory_entity_refs ON second_brain.memory_records USING gin (entity_refs);


--
-- Name: idx_second_brain_memory_tags; Type: INDEX; Schema: second_brain; Owner: postgres
--

CREATE INDEX idx_second_brain_memory_tags ON second_brain.memory_records USING gin (tags);


--
-- Name: idx_second_brain_relationships_from; Type: INDEX; Schema: second_brain; Owner: postgres
--

CREATE INDEX idx_second_brain_relationships_from ON second_brain.relationships USING btree (from_entity);


--
-- Name: idx_second_brain_relationships_to; Type: INDEX; Schema: second_brain; Owner: postgres
--

CREATE INDEX idx_second_brain_relationships_to ON second_brain.relationships USING btree (to_entity);


--
-- Name: entities trg_second_brain_entities_touch; Type: TRIGGER; Schema: second_brain; Owner: postgres
--

CREATE TRIGGER trg_second_brain_entities_touch BEFORE UPDATE ON second_brain.entities FOR EACH ROW EXECUTE FUNCTION second_brain.touch_updated_at();


--
-- Name: update_journal trg_second_brain_journal_touch; Type: TRIGGER; Schema: second_brain; Owner: postgres
--

CREATE TRIGGER trg_second_brain_journal_touch BEFORE UPDATE ON second_brain.update_journal FOR EACH ROW EXECUTE FUNCTION second_brain.touch_updated_at();


--
-- Name: memory_records trg_second_brain_memory_touch; Type: TRIGGER; Schema: second_brain; Owner: postgres
--

CREATE TRIGGER trg_second_brain_memory_touch BEFORE UPDATE ON second_brain.memory_records FOR EACH ROW EXECUTE FUNCTION second_brain.touch_updated_at();


--
-- Name: relationships trg_second_brain_relationships_touch; Type: TRIGGER; Schema: second_brain; Owner: postgres
--

CREATE TRIGGER trg_second_brain_relationships_touch BEFORE UPDATE ON second_brain.relationships FOR EACH ROW EXECUTE FUNCTION second_brain.touch_updated_at();


--
-- Name: source_registry trg_second_brain_source_touch; Type: TRIGGER; Schema: second_brain; Owner: postgres
--

CREATE TRIGGER trg_second_brain_source_touch BEFORE UPDATE ON second_brain.source_registry FOR EACH ROW EXECUTE FUNCTION second_brain.touch_updated_at();


--
-- Name: bank_rows bank_rows_category_id_fkey; Type: FK CONSTRAINT; Schema: crm; Owner: postgres
--

ALTER TABLE ONLY crm.bank_rows
    ADD CONSTRAINT bank_rows_category_id_fkey FOREIGN KEY (category_id) REFERENCES crm.categories(id) ON DELETE SET NULL;


--
-- Name: bank_rows bank_rows_matched_transaction_id_fkey; Type: FK CONSTRAINT; Schema: crm; Owner: postgres
--

ALTER TABLE ONLY crm.bank_rows
    ADD CONSTRAINT bank_rows_matched_transaction_id_fkey FOREIGN KEY (matched_transaction_id) REFERENCES crm.transactions(id) ON DELETE SET NULL;


--
-- Name: contact_tags contact_tags_contact_id_fkey; Type: FK CONSTRAINT; Schema: crm; Owner: postgres
--

ALTER TABLE ONLY crm.contact_tags
    ADD CONSTRAINT contact_tags_contact_id_fkey FOREIGN KEY (contact_id) REFERENCES crm.contacts(id) ON DELETE CASCADE;


--
-- Name: contact_tags contact_tags_tag_id_fkey; Type: FK CONSTRAINT; Schema: crm; Owner: postgres
--

ALTER TABLE ONLY crm.contact_tags
    ADD CONSTRAINT contact_tags_tag_id_fkey FOREIGN KEY (tag_id) REFERENCES crm.tags(id) ON DELETE CASCADE;


--
-- Name: interactions interactions_category_id_fkey; Type: FK CONSTRAINT; Schema: crm; Owner: postgres
--

ALTER TABLE ONLY crm.interactions
    ADD CONSTRAINT interactions_category_id_fkey FOREIGN KEY (category_id) REFERENCES crm.categories(id) ON DELETE SET NULL;


--
-- Name: interactions interactions_contact_id_fkey; Type: FK CONSTRAINT; Schema: crm; Owner: postgres
--

ALTER TABLE ONLY crm.interactions
    ADD CONSTRAINT interactions_contact_id_fkey FOREIGN KEY (contact_id) REFERENCES crm.contacts(id) ON DELETE CASCADE;


--
-- Name: payment_events_raw payment_events_raw_linked_transaction_id_fkey; Type: FK CONSTRAINT; Schema: crm; Owner: postgres
--

ALTER TABLE ONLY crm.payment_events_raw
    ADD CONSTRAINT payment_events_raw_linked_transaction_id_fkey FOREIGN KEY (linked_transaction_id) REFERENCES crm.transactions(id) ON DELETE SET NULL;


--
-- Name: receipts receipts_transaction_id_fkey; Type: FK CONSTRAINT; Schema: crm; Owner: postgres
--

ALTER TABLE ONLY crm.receipts
    ADD CONSTRAINT receipts_transaction_id_fkey FOREIGN KEY (transaction_id) REFERENCES crm.transactions(id) ON DELETE CASCADE;


--
-- Name: transactions transactions_category_id_fkey; Type: FK CONSTRAINT; Schema: crm; Owner: postgres
--

ALTER TABLE ONLY crm.transactions
    ADD CONSTRAINT transactions_category_id_fkey FOREIGN KEY (category_id) REFERENCES crm.categories(id) ON DELETE SET NULL;


--
-- Name: transactions transactions_contact_id_fkey; Type: FK CONSTRAINT; Schema: crm; Owner: postgres
--

ALTER TABLE ONLY crm.transactions
    ADD CONSTRAINT transactions_contact_id_fkey FOREIGN KEY (contact_id) REFERENCES crm.contacts(id) ON DELETE SET NULL;


--
-- Name: ActiveAlert ActiveAlert_alertRuleId_fkey; Type: FK CONSTRAINT; Schema: inventory; Owner: postgres
--

ALTER TABLE ONLY inventory."ActiveAlert"
    ADD CONSTRAINT "ActiveAlert_alertRuleId_fkey" FOREIGN KEY ("alertRuleId") REFERENCES inventory."AlertRule"(id) ON UPDATE CASCADE ON DELETE RESTRICT;


--
-- Name: BarcodeFormat BarcodeFormat_supplierId_fkey; Type: FK CONSTRAINT; Schema: inventory; Owner: postgres
--

ALTER TABLE ONLY inventory."BarcodeFormat"
    ADD CONSTRAINT "BarcodeFormat_supplierId_fkey" FOREIGN KEY ("supplierId") REFERENCES inventory."Supplier"(id) ON UPDATE CASCADE ON DELETE SET NULL;


--
-- Name: DeliveryItem DeliveryItem_deliveryId_fkey; Type: FK CONSTRAINT; Schema: inventory; Owner: postgres
--

ALTER TABLE ONLY inventory."DeliveryItem"
    ADD CONSTRAINT "DeliveryItem_deliveryId_fkey" FOREIGN KEY ("deliveryId") REFERENCES inventory."Delivery"(id) ON UPDATE CASCADE ON DELETE CASCADE;


--
-- Name: DeliveryItem DeliveryItem_reagentId_fkey; Type: FK CONSTRAINT; Schema: inventory; Owner: postgres
--

ALTER TABLE ONLY inventory."DeliveryItem"
    ADD CONSTRAINT "DeliveryItem_reagentId_fkey" FOREIGN KEY ("reagentId") REFERENCES inventory."Reagent"(id) ON UPDATE CASCADE ON DELETE RESTRICT;


--
-- Name: Delivery Delivery_orderId_fkey; Type: FK CONSTRAINT; Schema: inventory; Owner: postgres
--

ALTER TABLE ONLY inventory."Delivery"
    ADD CONSTRAINT "Delivery_orderId_fkey" FOREIGN KEY ("orderId") REFERENCES inventory."Order"(id) ON UPDATE CASCADE ON DELETE SET NULL;


--
-- Name: Delivery Delivery_supplierId_fkey; Type: FK CONSTRAINT; Schema: inventory; Owner: postgres
--

ALTER TABLE ONLY inventory."Delivery"
    ADD CONSTRAINT "Delivery_supplierId_fkey" FOREIGN KEY ("supplierId") REFERENCES inventory."Supplier"(id) ON UPDATE CASCADE ON DELETE RESTRICT;


--
-- Name: Delivery Delivery_withdrawalRequestId_fkey; Type: FK CONSTRAINT; Schema: inventory; Owner: postgres
--

ALTER TABLE ONLY inventory."Delivery"
    ADD CONSTRAINT "Delivery_withdrawalRequestId_fkey" FOREIGN KEY ("withdrawalRequestId") REFERENCES inventory."WithdrawalRequest"(id) ON UPDATE CASCADE ON DELETE SET NULL;


--
-- Name: DispenseEvent DispenseEvent_batchId_fkey; Type: FK CONSTRAINT; Schema: inventory; Owner: postgres
--

ALTER TABLE ONLY inventory."DispenseEvent"
    ADD CONSTRAINT "DispenseEvent_batchId_fkey" FOREIGN KEY ("batchId") REFERENCES inventory."ReagentBatch"(id) ON UPDATE CASCADE ON DELETE RESTRICT;


--
-- Name: DispenseEvent DispenseEvent_reagentId_fkey; Type: FK CONSTRAINT; Schema: inventory; Owner: postgres
--

ALTER TABLE ONLY inventory."DispenseEvent"
    ADD CONSTRAINT "DispenseEvent_reagentId_fkey" FOREIGN KEY ("reagentId") REFERENCES inventory."Reagent"(id) ON UPDATE CASCADE ON DELETE RESTRICT;


--
-- Name: ExpiredProductLog ExpiredProductLog_batchId_fkey; Type: FK CONSTRAINT; Schema: inventory; Owner: postgres
--

ALTER TABLE ONLY inventory."ExpiredProductLog"
    ADD CONSTRAINT "ExpiredProductLog_batchId_fkey" FOREIGN KEY ("batchId") REFERENCES inventory."ReagentBatch"(id) ON UPDATE CASCADE ON DELETE RESTRICT;


--
-- Name: FrameworkOrderItem FrameworkOrderItem_frameworkOrderId_fkey; Type: FK CONSTRAINT; Schema: inventory; Owner: postgres
--

ALTER TABLE ONLY inventory."FrameworkOrderItem"
    ADD CONSTRAINT "FrameworkOrderItem_frameworkOrderId_fkey" FOREIGN KEY ("frameworkOrderId") REFERENCES inventory."FrameworkOrder"(id) ON UPDATE CASCADE ON DELETE CASCADE;


--
-- Name: FrameworkOrderItem FrameworkOrderItem_reagentId_fkey; Type: FK CONSTRAINT; Schema: inventory; Owner: postgres
--

ALTER TABLE ONLY inventory."FrameworkOrderItem"
    ADD CONSTRAINT "FrameworkOrderItem_reagentId_fkey" FOREIGN KEY ("reagentId") REFERENCES inventory."Reagent"(id) ON UPDATE CASCADE ON DELETE RESTRICT;


--
-- Name: FrameworkOrder FrameworkOrder_orderId_fkey; Type: FK CONSTRAINT; Schema: inventory; Owner: postgres
--

ALTER TABLE ONLY inventory."FrameworkOrder"
    ADD CONSTRAINT "FrameworkOrder_orderId_fkey" FOREIGN KEY ("orderId") REFERENCES inventory."Order"(id) ON UPDATE CASCADE ON DELETE CASCADE;


--
-- Name: InventoryCountEntry InventoryCountEntry_countDraftId_fkey; Type: FK CONSTRAINT; Schema: inventory; Owner: postgres
--

ALTER TABLE ONLY inventory."InventoryCountEntry"
    ADD CONSTRAINT "InventoryCountEntry_countDraftId_fkey" FOREIGN KEY ("countDraftId") REFERENCES inventory."InventoryCountDraft"(id) ON UPDATE CASCADE ON DELETE CASCADE;


--
-- Name: InventoryTransaction InventoryTransaction_batchId_fkey; Type: FK CONSTRAINT; Schema: inventory; Owner: postgres
--

ALTER TABLE ONLY inventory."InventoryTransaction"
    ADD CONSTRAINT "InventoryTransaction_batchId_fkey" FOREIGN KEY ("batchId") REFERENCES inventory."ReagentBatch"(id) ON UPDATE CASCADE ON DELETE SET NULL;


--
-- Name: InventoryTransaction InventoryTransaction_reagentId_fkey; Type: FK CONSTRAINT; Schema: inventory; Owner: postgres
--

ALTER TABLE ONLY inventory."InventoryTransaction"
    ADD CONSTRAINT "InventoryTransaction_reagentId_fkey" FOREIGN KEY ("reagentId") REFERENCES inventory."Reagent"(id) ON UPDATE CASCADE ON DELETE RESTRICT;


--
-- Name: OrderItem OrderItem_orderId_fkey; Type: FK CONSTRAINT; Schema: inventory; Owner: postgres
--

ALTER TABLE ONLY inventory."OrderItem"
    ADD CONSTRAINT "OrderItem_orderId_fkey" FOREIGN KEY ("orderId") REFERENCES inventory."Order"(id) ON UPDATE CASCADE ON DELETE CASCADE;


--
-- Name: OrderItem OrderItem_reagentId_fkey; Type: FK CONSTRAINT; Schema: inventory; Owner: postgres
--

ALTER TABLE ONLY inventory."OrderItem"
    ADD CONSTRAINT "OrderItem_reagentId_fkey" FOREIGN KEY ("reagentId") REFERENCES inventory."Reagent"(id) ON UPDATE CASCADE ON DELETE RESTRICT;


--
-- Name: Order Order_supplierId_fkey; Type: FK CONSTRAINT; Schema: inventory; Owner: postgres
--

ALTER TABLE ONLY inventory."Order"
    ADD CONSTRAINT "Order_supplierId_fkey" FOREIGN KEY ("supplierId") REFERENCES inventory."Supplier"(id) ON UPDATE CASCADE ON DELETE RESTRICT;


--
-- Name: PartialDisposal PartialDisposal_batchId_fkey; Type: FK CONSTRAINT; Schema: inventory; Owner: postgres
--

ALTER TABLE ONLY inventory."PartialDisposal"
    ADD CONSTRAINT "PartialDisposal_batchId_fkey" FOREIGN KEY ("batchId") REFERENCES inventory."ReagentBatch"(id) ON UPDATE CASCADE ON DELETE RESTRICT;


--
-- Name: PartialDisposal PartialDisposal_reagentId_fkey; Type: FK CONSTRAINT; Schema: inventory; Owner: postgres
--

ALTER TABLE ONLY inventory."PartialDisposal"
    ADD CONSTRAINT "PartialDisposal_reagentId_fkey" FOREIGN KEY ("reagentId") REFERENCES inventory."Reagent"(id) ON UPDATE CASCADE ON DELETE RESTRICT;


--
-- Name: ReagentBatch ReagentBatch_deliveryId_fkey; Type: FK CONSTRAINT; Schema: inventory; Owner: postgres
--

ALTER TABLE ONLY inventory."ReagentBatch"
    ADD CONSTRAINT "ReagentBatch_deliveryId_fkey" FOREIGN KEY ("deliveryId") REFERENCES inventory."Delivery"(id) ON UPDATE CASCADE ON DELETE SET NULL;


--
-- Name: ReagentBatch ReagentBatch_reagentId_fkey; Type: FK CONSTRAINT; Schema: inventory; Owner: postgres
--

ALTER TABLE ONLY inventory."ReagentBatch"
    ADD CONSTRAINT "ReagentBatch_reagentId_fkey" FOREIGN KEY ("reagentId") REFERENCES inventory."Reagent"(id) ON UPDATE CASCADE ON DELETE RESTRICT;


--
-- Name: Reagent Reagent_supplierId_fkey; Type: FK CONSTRAINT; Schema: inventory; Owner: postgres
--

ALTER TABLE ONLY inventory."Reagent"
    ADD CONSTRAINT "Reagent_supplierId_fkey" FOREIGN KEY ("supplierId") REFERENCES inventory."Supplier"(id) ON UPDATE CASCADE ON DELETE RESTRICT;


--
-- Name: ShipmentItem ShipmentItem_reagentId_fkey; Type: FK CONSTRAINT; Schema: inventory; Owner: postgres
--

ALTER TABLE ONLY inventory."ShipmentItem"
    ADD CONSTRAINT "ShipmentItem_reagentId_fkey" FOREIGN KEY ("reagentId") REFERENCES inventory."Reagent"(id) ON UPDATE CASCADE ON DELETE RESTRICT;


--
-- Name: ShipmentItem ShipmentItem_shipmentId_fkey; Type: FK CONSTRAINT; Schema: inventory; Owner: postgres
--

ALTER TABLE ONLY inventory."ShipmentItem"
    ADD CONSTRAINT "ShipmentItem_shipmentId_fkey" FOREIGN KEY ("shipmentId") REFERENCES inventory."Shipment"(id) ON UPDATE CASCADE ON DELETE CASCADE;


--
-- Name: SupplierContact SupplierContact_supplierId_fkey; Type: FK CONSTRAINT; Schema: inventory; Owner: postgres
--

ALTER TABLE ONLY inventory."SupplierContact"
    ADD CONSTRAINT "SupplierContact_supplierId_fkey" FOREIGN KEY ("supplierId") REFERENCES inventory."Supplier"(id) ON UPDATE CASCADE ON DELETE CASCADE;


--
-- Name: WithdrawalItem WithdrawalItem_reagentId_fkey; Type: FK CONSTRAINT; Schema: inventory; Owner: postgres
--

ALTER TABLE ONLY inventory."WithdrawalItem"
    ADD CONSTRAINT "WithdrawalItem_reagentId_fkey" FOREIGN KEY ("reagentId") REFERENCES inventory."Reagent"(id) ON UPDATE CASCADE ON DELETE RESTRICT;


--
-- Name: WithdrawalItem WithdrawalItem_withdrawalRequestId_fkey; Type: FK CONSTRAINT; Schema: inventory; Owner: postgres
--

ALTER TABLE ONLY inventory."WithdrawalItem"
    ADD CONSTRAINT "WithdrawalItem_withdrawalRequestId_fkey" FOREIGN KEY ("withdrawalRequestId") REFERENCES inventory."WithdrawalRequest"(id) ON UPDATE CASCADE ON DELETE CASCADE;


--
-- Name: WithdrawalRequest WithdrawalRequest_frameworkOrderId_fkey; Type: FK CONSTRAINT; Schema: inventory; Owner: postgres
--

ALTER TABLE ONLY inventory."WithdrawalRequest"
    ADD CONSTRAINT "WithdrawalRequest_frameworkOrderId_fkey" FOREIGN KEY ("frameworkOrderId") REFERENCES inventory."FrameworkOrder"(id) ON UPDATE CASCADE ON DELETE SET NULL;


--
-- Name: WithdrawalRequest WithdrawalRequest_supplierId_fkey; Type: FK CONSTRAINT; Schema: inventory; Owner: postgres
--

ALTER TABLE ONLY inventory."WithdrawalRequest"
    ADD CONSTRAINT "WithdrawalRequest_supplierId_fkey" FOREIGN KEY ("supplierId") REFERENCES inventory."Supplier"(id) ON UPDATE CASCADE ON DELETE RESTRICT;


--
-- Name: refresh_tokens refresh_tokens_user_id_fkey; Type: FK CONSTRAINT; Schema: inventory; Owner: postgres
--

ALTER TABLE ONLY inventory.refresh_tokens
    ADD CONSTRAINT refresh_tokens_user_id_fkey FOREIGN KEY (user_id) REFERENCES inventory.app_users(id) ON DELETE CASCADE;


--
-- Name: auth_audit auth_audit_user_id_fkey; Type: FK CONSTRAINT; Schema: public; Owner: postgres
--

ALTER TABLE ONLY public.auth_audit
    ADD CONSTRAINT auth_audit_user_id_fkey FOREIGN KEY (user_id) REFERENCES public.users(id) ON DELETE SET NULL;


--
-- Name: directus_access directus_access_policy_foreign; Type: FK CONSTRAINT; Schema: public; Owner: postgres
--

ALTER TABLE ONLY public.directus_access
    ADD CONSTRAINT directus_access_policy_foreign FOREIGN KEY (policy) REFERENCES public.directus_policies(id) ON DELETE CASCADE;


--
-- Name: directus_access directus_access_role_foreign; Type: FK CONSTRAINT; Schema: public; Owner: postgres
--

ALTER TABLE ONLY public.directus_access
    ADD CONSTRAINT directus_access_role_foreign FOREIGN KEY (role) REFERENCES public.directus_roles(id) ON DELETE CASCADE;


--
-- Name: directus_access directus_access_user_foreign; Type: FK CONSTRAINT; Schema: public; Owner: postgres
--

ALTER TABLE ONLY public.directus_access
    ADD CONSTRAINT directus_access_user_foreign FOREIGN KEY ("user") REFERENCES public.directus_users(id) ON DELETE CASCADE;


--
-- Name: directus_collections directus_collections_group_foreign; Type: FK CONSTRAINT; Schema: public; Owner: postgres
--

ALTER TABLE ONLY public.directus_collections
    ADD CONSTRAINT directus_collections_group_foreign FOREIGN KEY ("group") REFERENCES public.directus_collections(collection);


--
-- Name: directus_comments directus_comments_user_created_foreign; Type: FK CONSTRAINT; Schema: public; Owner: postgres
--

ALTER TABLE ONLY public.directus_comments
    ADD CONSTRAINT directus_comments_user_created_foreign FOREIGN KEY (user_created) REFERENCES public.directus_users(id) ON DELETE SET NULL;


--
-- Name: directus_comments directus_comments_user_updated_foreign; Type: FK CONSTRAINT; Schema: public; Owner: postgres
--

ALTER TABLE ONLY public.directus_comments
    ADD CONSTRAINT directus_comments_user_updated_foreign FOREIGN KEY (user_updated) REFERENCES public.directus_users(id);


--
-- Name: directus_dashboards directus_dashboards_user_created_foreign; Type: FK CONSTRAINT; Schema: public; Owner: postgres
--

ALTER TABLE ONLY public.directus_dashboards
    ADD CONSTRAINT directus_dashboards_user_created_foreign FOREIGN KEY (user_created) REFERENCES public.directus_users(id) ON DELETE SET NULL;


--
-- Name: directus_files directus_files_folder_foreign; Type: FK CONSTRAINT; Schema: public; Owner: postgres
--

ALTER TABLE ONLY public.directus_files
    ADD CONSTRAINT directus_files_folder_foreign FOREIGN KEY (folder) REFERENCES public.directus_folders(id) ON DELETE SET NULL;


--
-- Name: directus_files directus_files_modified_by_foreign; Type: FK CONSTRAINT; Schema: public; Owner: postgres
--

ALTER TABLE ONLY public.directus_files
    ADD CONSTRAINT directus_files_modified_by_foreign FOREIGN KEY (modified_by) REFERENCES public.directus_users(id);


--
-- Name: directus_files directus_files_uploaded_by_foreign; Type: FK CONSTRAINT; Schema: public; Owner: postgres
--

ALTER TABLE ONLY public.directus_files
    ADD CONSTRAINT directus_files_uploaded_by_foreign FOREIGN KEY (uploaded_by) REFERENCES public.directus_users(id);


--
-- Name: directus_flows directus_flows_user_created_foreign; Type: FK CONSTRAINT; Schema: public; Owner: postgres
--

ALTER TABLE ONLY public.directus_flows
    ADD CONSTRAINT directus_flows_user_created_foreign FOREIGN KEY (user_created) REFERENCES public.directus_users(id) ON DELETE SET NULL;


--
-- Name: directus_folders directus_folders_parent_foreign; Type: FK CONSTRAINT; Schema: public; Owner: postgres
--

ALTER TABLE ONLY public.directus_folders
    ADD CONSTRAINT directus_folders_parent_foreign FOREIGN KEY (parent) REFERENCES public.directus_folders(id);


--
-- Name: directus_notifications directus_notifications_recipient_foreign; Type: FK CONSTRAINT; Schema: public; Owner: postgres
--

ALTER TABLE ONLY public.directus_notifications
    ADD CONSTRAINT directus_notifications_recipient_foreign FOREIGN KEY (recipient) REFERENCES public.directus_users(id) ON DELETE CASCADE;


--
-- Name: directus_notifications directus_notifications_sender_foreign; Type: FK CONSTRAINT; Schema: public; Owner: postgres
--

ALTER TABLE ONLY public.directus_notifications
    ADD CONSTRAINT directus_notifications_sender_foreign FOREIGN KEY (sender) REFERENCES public.directus_users(id);


--
-- Name: directus_operations directus_operations_flow_foreign; Type: FK CONSTRAINT; Schema: public; Owner: postgres
--

ALTER TABLE ONLY public.directus_operations
    ADD CONSTRAINT directus_operations_flow_foreign FOREIGN KEY (flow) REFERENCES public.directus_flows(id) ON DELETE CASCADE;


--
-- Name: directus_operations directus_operations_reject_foreign; Type: FK CONSTRAINT; Schema: public; Owner: postgres
--

ALTER TABLE ONLY public.directus_operations
    ADD CONSTRAINT directus_operations_reject_foreign FOREIGN KEY (reject) REFERENCES public.directus_operations(id);


--
-- Name: directus_operations directus_operations_resolve_foreign; Type: FK CONSTRAINT; Schema: public; Owner: postgres
--

ALTER TABLE ONLY public.directus_operations
    ADD CONSTRAINT directus_operations_resolve_foreign FOREIGN KEY (resolve) REFERENCES public.directus_operations(id);


--
-- Name: directus_operations directus_operations_user_created_foreign; Type: FK CONSTRAINT; Schema: public; Owner: postgres
--

ALTER TABLE ONLY public.directus_operations
    ADD CONSTRAINT directus_operations_user_created_foreign FOREIGN KEY (user_created) REFERENCES public.directus_users(id) ON DELETE SET NULL;


--
-- Name: directus_panels directus_panels_dashboard_foreign; Type: FK CONSTRAINT; Schema: public; Owner: postgres
--

ALTER TABLE ONLY public.directus_panels
    ADD CONSTRAINT directus_panels_dashboard_foreign FOREIGN KEY (dashboard) REFERENCES public.directus_dashboards(id) ON DELETE CASCADE;


--
-- Name: directus_panels directus_panels_user_created_foreign; Type: FK CONSTRAINT; Schema: public; Owner: postgres
--

ALTER TABLE ONLY public.directus_panels
    ADD CONSTRAINT directus_panels_user_created_foreign FOREIGN KEY (user_created) REFERENCES public.directus_users(id) ON DELETE SET NULL;


--
-- Name: directus_permissions directus_permissions_policy_foreign; Type: FK CONSTRAINT; Schema: public; Owner: postgres
--

ALTER TABLE ONLY public.directus_permissions
    ADD CONSTRAINT directus_permissions_policy_foreign FOREIGN KEY (policy) REFERENCES public.directus_policies(id) ON DELETE CASCADE;


--
-- Name: directus_presets directus_presets_role_foreign; Type: FK CONSTRAINT; Schema: public; Owner: postgres
--

ALTER TABLE ONLY public.directus_presets
    ADD CONSTRAINT directus_presets_role_foreign FOREIGN KEY (role) REFERENCES public.directus_roles(id) ON DELETE CASCADE;


--
-- Name: directus_presets directus_presets_user_foreign; Type: FK CONSTRAINT; Schema: public; Owner: postgres
--

ALTER TABLE ONLY public.directus_presets
    ADD CONSTRAINT directus_presets_user_foreign FOREIGN KEY ("user") REFERENCES public.directus_users(id) ON DELETE CASCADE;


--
-- Name: directus_revisions directus_revisions_activity_foreign; Type: FK CONSTRAINT; Schema: public; Owner: postgres
--

ALTER TABLE ONLY public.directus_revisions
    ADD CONSTRAINT directus_revisions_activity_foreign FOREIGN KEY (activity) REFERENCES public.directus_activity(id) ON DELETE CASCADE;


--
-- Name: directus_revisions directus_revisions_parent_foreign; Type: FK CONSTRAINT; Schema: public; Owner: postgres
--

ALTER TABLE ONLY public.directus_revisions
    ADD CONSTRAINT directus_revisions_parent_foreign FOREIGN KEY (parent) REFERENCES public.directus_revisions(id);


--
-- Name: directus_revisions directus_revisions_version_foreign; Type: FK CONSTRAINT; Schema: public; Owner: postgres
--

ALTER TABLE ONLY public.directus_revisions
    ADD CONSTRAINT directus_revisions_version_foreign FOREIGN KEY (version) REFERENCES public.directus_versions(id) ON DELETE CASCADE;


--
-- Name: directus_roles directus_roles_parent_foreign; Type: FK CONSTRAINT; Schema: public; Owner: postgres
--

ALTER TABLE ONLY public.directus_roles
    ADD CONSTRAINT directus_roles_parent_foreign FOREIGN KEY (parent) REFERENCES public.directus_roles(id);


--
-- Name: directus_sessions directus_sessions_share_foreign; Type: FK CONSTRAINT; Schema: public; Owner: postgres
--

ALTER TABLE ONLY public.directus_sessions
    ADD CONSTRAINT directus_sessions_share_foreign FOREIGN KEY (share) REFERENCES public.directus_shares(id) ON DELETE CASCADE;


--
-- Name: directus_sessions directus_sessions_user_foreign; Type: FK CONSTRAINT; Schema: public; Owner: postgres
--

ALTER TABLE ONLY public.directus_sessions
    ADD CONSTRAINT directus_sessions_user_foreign FOREIGN KEY ("user") REFERENCES public.directus_users(id) ON DELETE CASCADE;


--
-- Name: directus_settings directus_settings_project_logo_foreign; Type: FK CONSTRAINT; Schema: public; Owner: postgres
--

ALTER TABLE ONLY public.directus_settings
    ADD CONSTRAINT directus_settings_project_logo_foreign FOREIGN KEY (project_logo) REFERENCES public.directus_files(id);


--
-- Name: directus_settings directus_settings_public_background_foreign; Type: FK CONSTRAINT; Schema: public; Owner: postgres
--

ALTER TABLE ONLY public.directus_settings
    ADD CONSTRAINT directus_settings_public_background_foreign FOREIGN KEY (public_background) REFERENCES public.directus_files(id);


--
-- Name: directus_settings directus_settings_public_favicon_foreign; Type: FK CONSTRAINT; Schema: public; Owner: postgres
--

ALTER TABLE ONLY public.directus_settings
    ADD CONSTRAINT directus_settings_public_favicon_foreign FOREIGN KEY (public_favicon) REFERENCES public.directus_files(id);


--
-- Name: directus_settings directus_settings_public_foreground_foreign; Type: FK CONSTRAINT; Schema: public; Owner: postgres
--

ALTER TABLE ONLY public.directus_settings
    ADD CONSTRAINT directus_settings_public_foreground_foreign FOREIGN KEY (public_foreground) REFERENCES public.directus_files(id);


--
-- Name: directus_settings directus_settings_public_registration_role_foreign; Type: FK CONSTRAINT; Schema: public; Owner: postgres
--

ALTER TABLE ONLY public.directus_settings
    ADD CONSTRAINT directus_settings_public_registration_role_foreign FOREIGN KEY (public_registration_role) REFERENCES public.directus_roles(id) ON DELETE SET NULL;


--
-- Name: directus_settings directus_settings_storage_default_folder_foreign; Type: FK CONSTRAINT; Schema: public; Owner: postgres
--

ALTER TABLE ONLY public.directus_settings
    ADD CONSTRAINT directus_settings_storage_default_folder_foreign FOREIGN KEY (storage_default_folder) REFERENCES public.directus_folders(id) ON DELETE SET NULL;


--
-- Name: directus_shares directus_shares_collection_foreign; Type: FK CONSTRAINT; Schema: public; Owner: postgres
--

ALTER TABLE ONLY public.directus_shares
    ADD CONSTRAINT directus_shares_collection_foreign FOREIGN KEY (collection) REFERENCES public.directus_collections(collection) ON DELETE CASCADE;


--
-- Name: directus_shares directus_shares_role_foreign; Type: FK CONSTRAINT; Schema: public; Owner: postgres
--

ALTER TABLE ONLY public.directus_shares
    ADD CONSTRAINT directus_shares_role_foreign FOREIGN KEY (role) REFERENCES public.directus_roles(id) ON DELETE CASCADE;


--
-- Name: directus_shares directus_shares_user_created_foreign; Type: FK CONSTRAINT; Schema: public; Owner: postgres
--

ALTER TABLE ONLY public.directus_shares
    ADD CONSTRAINT directus_shares_user_created_foreign FOREIGN KEY (user_created) REFERENCES public.directus_users(id) ON DELETE SET NULL;


--
-- Name: directus_users directus_users_role_foreign; Type: FK CONSTRAINT; Schema: public; Owner: postgres
--

ALTER TABLE ONLY public.directus_users
    ADD CONSTRAINT directus_users_role_foreign FOREIGN KEY (role) REFERENCES public.directus_roles(id) ON DELETE SET NULL;


--
-- Name: directus_versions directus_versions_collection_foreign; Type: FK CONSTRAINT; Schema: public; Owner: postgres
--

ALTER TABLE ONLY public.directus_versions
    ADD CONSTRAINT directus_versions_collection_foreign FOREIGN KEY (collection) REFERENCES public.directus_collections(collection) ON DELETE CASCADE;


--
-- Name: directus_versions directus_versions_user_created_foreign; Type: FK CONSTRAINT; Schema: public; Owner: postgres
--

ALTER TABLE ONLY public.directus_versions
    ADD CONSTRAINT directus_versions_user_created_foreign FOREIGN KEY (user_created) REFERENCES public.directus_users(id) ON DELETE SET NULL;


--
-- Name: directus_versions directus_versions_user_updated_foreign; Type: FK CONSTRAINT; Schema: public; Owner: postgres
--

ALTER TABLE ONLY public.directus_versions
    ADD CONSTRAINT directus_versions_user_updated_foreign FOREIGN KEY (user_updated) REFERENCES public.directus_users(id);


--
-- Name: oauth_accounts oauth_accounts_user_id_fkey; Type: FK CONSTRAINT; Schema: public; Owner: postgres
--

ALTER TABLE ONLY public.oauth_accounts
    ADD CONSTRAINT oauth_accounts_user_id_fkey FOREIGN KEY (user_id) REFERENCES public.users(id) ON DELETE CASCADE;


--
-- Name: dead_letters dead_letters_event_id_fkey; Type: FK CONSTRAINT; Schema: second_brain; Owner: postgres
--

ALTER TABLE ONLY second_brain.dead_letters
    ADD CONSTRAINT dead_letters_event_id_fkey FOREIGN KEY (event_id) REFERENCES second_brain.update_journal(event_id) ON DELETE CASCADE;


--
-- Name: relationships relationships_from_entity_fkey; Type: FK CONSTRAINT; Schema: second_brain; Owner: postgres
--

ALTER TABLE ONLY second_brain.relationships
    ADD CONSTRAINT relationships_from_entity_fkey FOREIGN KEY (from_entity) REFERENCES second_brain.entities(entity_id) ON DELETE CASCADE;


--
-- Name: relationships relationships_to_entity_fkey; Type: FK CONSTRAINT; Schema: second_brain; Owner: postgres
--

ALTER TABLE ONLY second_brain.relationships
    ADD CONSTRAINT relationships_to_entity_fkey FOREIGN KEY (to_entity) REFERENCES second_brain.entities(entity_id) ON DELETE CASCADE;


--
-- Name: update_journal update_journal_source_id_fkey; Type: FK CONSTRAINT; Schema: second_brain; Owner: postgres
--

ALTER TABLE ONLY second_brain.update_journal
    ADD CONSTRAINT update_journal_source_id_fkey FOREIGN KEY (source_id) REFERENCES second_brain.source_registry(source_id) ON DELETE SET NULL;


--
-- Name: update_outcomes update_outcomes_event_id_fkey; Type: FK CONSTRAINT; Schema: second_brain; Owner: postgres
--

ALTER TABLE ONLY second_brain.update_outcomes
    ADD CONSTRAINT update_outcomes_event_id_fkey FOREIGN KEY (event_id) REFERENCES second_brain.update_journal(event_id) ON DELETE CASCADE;


--
-- Name: SCHEMA crm; Type: ACL; Schema: -; Owner: postgres
--

GRANT ALL ON SCHEMA crm TO directus;


--
-- Name: SCHEMA inventory; Type: ACL; Schema: -; Owner: postgres
--

GRANT USAGE ON SCHEMA inventory TO directus;


--
-- Name: SCHEMA public; Type: ACL; Schema: -; Owner: pg_database_owner
--

GRANT ALL ON SCHEMA public TO directus;


--
-- Name: TABLE bank_rows; Type: ACL; Schema: crm; Owner: postgres
--

GRANT ALL ON TABLE crm.bank_rows TO directus;


--
-- Name: TABLE categories; Type: ACL; Schema: crm; Owner: postgres
--

GRANT ALL ON TABLE crm.categories TO directus;


--
-- Name: TABLE contact_tags; Type: ACL; Schema: crm; Owner: postgres
--

GRANT ALL ON TABLE crm.contact_tags TO directus;


--
-- Name: TABLE contacts; Type: ACL; Schema: crm; Owner: postgres
--

GRANT ALL ON TABLE crm.contacts TO directus;


--
-- Name: TABLE interactions; Type: ACL; Schema: crm; Owner: postgres
--

GRANT ALL ON TABLE crm.interactions TO directus;


--
-- Name: TABLE payment_events_raw; Type: ACL; Schema: crm; Owner: postgres
--

GRANT ALL ON TABLE crm.payment_events_raw TO directus;


--
-- Name: TABLE receipts; Type: ACL; Schema: crm; Owner: postgres
--

GRANT ALL ON TABLE crm.receipts TO directus;


--
-- Name: TABLE tags; Type: ACL; Schema: crm; Owner: postgres
--

GRANT ALL ON TABLE crm.tags TO directus;


--
-- Name: TABLE transactions; Type: ACL; Schema: crm; Owner: postgres
--

GRANT ALL ON TABLE crm.transactions TO directus;


--
-- Name: TABLE "ActiveAlert"; Type: ACL; Schema: inventory; Owner: postgres
--

GRANT ALL ON TABLE inventory."ActiveAlert" TO directus;


--
-- Name: TABLE "ActivityLog"; Type: ACL; Schema: inventory; Owner: postgres
--

GRANT ALL ON TABLE inventory."ActivityLog" TO directus;


--
-- Name: TABLE "AlertRule"; Type: ACL; Schema: inventory; Owner: postgres
--

GRANT ALL ON TABLE inventory."AlertRule" TO directus;


--
-- Name: TABLE "ArchivedData"; Type: ACL; Schema: inventory; Owner: postgres
--

GRANT ALL ON TABLE inventory."ArchivedData" TO directus;


--
-- Name: TABLE "ArchivedReport"; Type: ACL; Schema: inventory; Owner: postgres
--

GRANT ALL ON TABLE inventory."ArchivedReport" TO directus;


--
-- Name: TABLE "CompletedInventoryCount"; Type: ACL; Schema: inventory; Owner: postgres
--

GRANT ALL ON TABLE inventory."CompletedInventoryCount" TO directus;


--
-- Name: TABLE "DashboardNote"; Type: ACL; Schema: inventory; Owner: postgres
--

GRANT ALL ON TABLE inventory."DashboardNote" TO directus;


--
-- Name: TABLE "Delivery"; Type: ACL; Schema: inventory; Owner: postgres
--

GRANT ALL ON TABLE inventory."Delivery" TO directus;


--
-- Name: TABLE "DeliveryItem"; Type: ACL; Schema: inventory; Owner: postgres
--

GRANT ALL ON TABLE inventory."DeliveryItem" TO directus;


--
-- Name: TABLE "DocumentationNote"; Type: ACL; Schema: inventory; Owner: postgres
--

GRANT ALL ON TABLE inventory."DocumentationNote" TO directus;


--
-- Name: TABLE "ExpiredProductLog"; Type: ACL; Schema: inventory; Owner: postgres
--

GRANT ALL ON TABLE inventory."ExpiredProductLog" TO directus;


--
-- Name: TABLE "FrameworkOrder"; Type: ACL; Schema: inventory; Owner: postgres
--

GRANT ALL ON TABLE inventory."FrameworkOrder" TO directus;


--
-- Name: TABLE "FrameworkOrderItem"; Type: ACL; Schema: inventory; Owner: postgres
--

GRANT ALL ON TABLE inventory."FrameworkOrderItem" TO directus;


--
-- Name: TABLE "InventoryCountDraft"; Type: ACL; Schema: inventory; Owner: postgres
--

GRANT ALL ON TABLE inventory."InventoryCountDraft" TO directus;


--
-- Name: TABLE "InventoryCountEntry"; Type: ACL; Schema: inventory; Owner: postgres
--

GRANT ALL ON TABLE inventory."InventoryCountEntry" TO directus;


--
-- Name: TABLE "InventoryTransaction"; Type: ACL; Schema: inventory; Owner: postgres
--

GRANT ALL ON TABLE inventory."InventoryTransaction" TO directus;


--
-- Name: TABLE "Order"; Type: ACL; Schema: inventory; Owner: postgres
--

GRANT ALL ON TABLE inventory."Order" TO directus;


--
-- Name: TABLE "OrderItem"; Type: ACL; Schema: inventory; Owner: postgres
--

GRANT ALL ON TABLE inventory."OrderItem" TO directus;


--
-- Name: TABLE "Reagent"; Type: ACL; Schema: inventory; Owner: postgres
--

GRANT ALL ON TABLE inventory."Reagent" TO directus;


--
-- Name: TABLE "ReagentBatch"; Type: ACL; Schema: inventory; Owner: postgres
--

GRANT ALL ON TABLE inventory."ReagentBatch" TO directus;


--
-- Name: TABLE "ScheduledReminder"; Type: ACL; Schema: inventory; Owner: postgres
--

GRANT ALL ON TABLE inventory."ScheduledReminder" TO directus;


--
-- Name: TABLE "Shipment"; Type: ACL; Schema: inventory; Owner: postgres
--

GRANT ALL ON TABLE inventory."Shipment" TO directus;


--
-- Name: TABLE "ShipmentItem"; Type: ACL; Schema: inventory; Owner: postgres
--

GRANT ALL ON TABLE inventory."ShipmentItem" TO directus;


--
-- Name: TABLE "Supplier"; Type: ACL; Schema: inventory; Owner: postgres
--

GRANT ALL ON TABLE inventory."Supplier" TO directus;


--
-- Name: TABLE "SupplierContact"; Type: ACL; Schema: inventory; Owner: postgres
--

GRANT ALL ON TABLE inventory."SupplierContact" TO directus;


--
-- Name: TABLE "SystemSettings"; Type: ACL; Schema: inventory; Owner: postgres
--

GRANT ALL ON TABLE inventory."SystemSettings" TO directus;


--
-- Name: TABLE "WithdrawalItem"; Type: ACL; Schema: inventory; Owner: postgres
--

GRANT ALL ON TABLE inventory."WithdrawalItem" TO directus;


--
-- Name: TABLE "WithdrawalRequest"; Type: ACL; Schema: inventory; Owner: postgres
--

GRANT ALL ON TABLE inventory."WithdrawalRequest" TO directus;


--
-- Name: TABLE app_users; Type: ACL; Schema: inventory; Owner: postgres
--

GRANT ALL ON TABLE inventory.app_users TO directus;


--
-- Name: TABLE auth_audit; Type: ACL; Schema: public; Owner: postgres
--

GRANT ALL ON TABLE public.auth_audit TO directus;


--
-- Name: TABLE directus_access; Type: ACL; Schema: public; Owner: postgres
--

GRANT ALL ON TABLE public.directus_access TO directus;


--
-- Name: TABLE directus_activity; Type: ACL; Schema: public; Owner: postgres
--

GRANT ALL ON TABLE public.directus_activity TO directus;


--
-- Name: SEQUENCE directus_activity_id_seq; Type: ACL; Schema: public; Owner: postgres
--

GRANT ALL ON SEQUENCE public.directus_activity_id_seq TO directus;


--
-- Name: TABLE directus_collections; Type: ACL; Schema: public; Owner: postgres
--

GRANT ALL ON TABLE public.directus_collections TO directus;


--
-- Name: TABLE directus_comments; Type: ACL; Schema: public; Owner: postgres
--

GRANT ALL ON TABLE public.directus_comments TO directus;


--
-- Name: TABLE directus_dashboards; Type: ACL; Schema: public; Owner: postgres
--

GRANT ALL ON TABLE public.directus_dashboards TO directus;


--
-- Name: TABLE directus_extensions; Type: ACL; Schema: public; Owner: postgres
--

GRANT ALL ON TABLE public.directus_extensions TO directus;


--
-- Name: TABLE directus_fields; Type: ACL; Schema: public; Owner: postgres
--

GRANT ALL ON TABLE public.directus_fields TO directus;


--
-- Name: SEQUENCE directus_fields_id_seq; Type: ACL; Schema: public; Owner: postgres
--

GRANT ALL ON SEQUENCE public.directus_fields_id_seq TO directus;


--
-- Name: TABLE directus_files; Type: ACL; Schema: public; Owner: postgres
--

GRANT ALL ON TABLE public.directus_files TO directus;


--
-- Name: TABLE directus_flows; Type: ACL; Schema: public; Owner: postgres
--

GRANT ALL ON TABLE public.directus_flows TO directus;


--
-- Name: TABLE directus_folders; Type: ACL; Schema: public; Owner: postgres
--

GRANT ALL ON TABLE public.directus_folders TO directus;


--
-- Name: TABLE directus_migrations; Type: ACL; Schema: public; Owner: postgres
--

GRANT ALL ON TABLE public.directus_migrations TO directus;


--
-- Name: TABLE directus_notifications; Type: ACL; Schema: public; Owner: postgres
--

GRANT ALL ON TABLE public.directus_notifications TO directus;


--
-- Name: SEQUENCE directus_notifications_id_seq; Type: ACL; Schema: public; Owner: postgres
--

GRANT ALL ON SEQUENCE public.directus_notifications_id_seq TO directus;


--
-- Name: TABLE directus_operations; Type: ACL; Schema: public; Owner: postgres
--

GRANT ALL ON TABLE public.directus_operations TO directus;


--
-- Name: TABLE directus_panels; Type: ACL; Schema: public; Owner: postgres
--

GRANT ALL ON TABLE public.directus_panels TO directus;


--
-- Name: TABLE directus_permissions; Type: ACL; Schema: public; Owner: postgres
--

GRANT ALL ON TABLE public.directus_permissions TO directus;


--
-- Name: SEQUENCE directus_permissions_id_seq; Type: ACL; Schema: public; Owner: postgres
--

GRANT ALL ON SEQUENCE public.directus_permissions_id_seq TO directus;


--
-- Name: TABLE directus_policies; Type: ACL; Schema: public; Owner: postgres
--

GRANT ALL ON TABLE public.directus_policies TO directus;


--
-- Name: TABLE directus_presets; Type: ACL; Schema: public; Owner: postgres
--

GRANT ALL ON TABLE public.directus_presets TO directus;


--
-- Name: SEQUENCE directus_presets_id_seq; Type: ACL; Schema: public; Owner: postgres
--

GRANT ALL ON SEQUENCE public.directus_presets_id_seq TO directus;


--
-- Name: TABLE directus_relations; Type: ACL; Schema: public; Owner: postgres
--

GRANT ALL ON TABLE public.directus_relations TO directus;


--
-- Name: SEQUENCE directus_relations_id_seq; Type: ACL; Schema: public; Owner: postgres
--

GRANT ALL ON SEQUENCE public.directus_relations_id_seq TO directus;


--
-- Name: TABLE directus_revisions; Type: ACL; Schema: public; Owner: postgres
--

GRANT ALL ON TABLE public.directus_revisions TO directus;


--
-- Name: SEQUENCE directus_revisions_id_seq; Type: ACL; Schema: public; Owner: postgres
--

GRANT ALL ON SEQUENCE public.directus_revisions_id_seq TO directus;


--
-- Name: TABLE directus_roles; Type: ACL; Schema: public; Owner: postgres
--

GRANT ALL ON TABLE public.directus_roles TO directus;


--
-- Name: TABLE directus_sessions; Type: ACL; Schema: public; Owner: postgres
--

GRANT ALL ON TABLE public.directus_sessions TO directus;


--
-- Name: TABLE directus_settings; Type: ACL; Schema: public; Owner: postgres
--

GRANT ALL ON TABLE public.directus_settings TO directus;


--
-- Name: SEQUENCE directus_settings_id_seq; Type: ACL; Schema: public; Owner: postgres
--

GRANT ALL ON SEQUENCE public.directus_settings_id_seq TO directus;


--
-- Name: TABLE directus_shares; Type: ACL; Schema: public; Owner: postgres
--

GRANT ALL ON TABLE public.directus_shares TO directus;


--
-- Name: TABLE directus_translations; Type: ACL; Schema: public; Owner: postgres
--

GRANT ALL ON TABLE public.directus_translations TO directus;


--
-- Name: TABLE directus_users; Type: ACL; Schema: public; Owner: postgres
--

GRANT ALL ON TABLE public.directus_users TO directus;


--
-- Name: TABLE directus_versions; Type: ACL; Schema: public; Owner: postgres
--

GRANT ALL ON TABLE public.directus_versions TO directus;


--
-- Name: TABLE oauth_accounts; Type: ACL; Schema: public; Owner: postgres
--

GRANT ALL ON TABLE public.oauth_accounts TO directus;


--
-- Name: TABLE session; Type: ACL; Schema: public; Owner: postgres
--

GRANT ALL ON TABLE public.session TO directus;


--
-- Name: TABLE users; Type: ACL; Schema: public; Owner: postgres
--

GRANT ALL ON TABLE public.users TO directus;


--
-- PostgreSQL database dump complete
--

\unrestrict lhBhqIjteTc9mrCDUdb9814MeF46icfMnnfmC7cITfWyfk7ekqQ8ImDck1GcThL

